Kompetenzelement,Frage,Antwortmöglichkeit,Ergänzende Informationen
04.03.01 Strategie,"Die Unterstützung der Geschäftsleitung und ein angemessenes Projektmanagement-Mandat sind wichtig für Ihr Projekt. Welcher der folgenden Begriffe beschreibt diese Elemente gemeinsam?
A) Wichtige Leistungsindikatoren
B) Kritische Erfolgsfaktoren
C) Kritische Erfolgsindikatoren
D) keines der oben genannten",B) Kritische Erfolgsfaktoren,
04.03.01 Strategie,Erfolgsfaktoren für Effektives Projektmanagement?,"1. Allgemeine Erfolgsfaktoren
Hier gehören die Faktoren hinein, die jedes Projekt tragen, zum Beispiel:
•	Klare Kommunikation: Informationen müssen verständlich, rechtzeitig und adressatengerecht fließen. Beispiel: Rollen, Entscheidungen und Änderungen werden nicht nur erwähnt, sondern so kommuniziert, dass alle Beteiligten sie wirklich einordnen können.
•	Klare Anforderungen und Ziele: Das Projekt braucht ein eindeutiges Zielbild, damit Team und Stakeholder wissen, woran Erfolg gemessen wird. Beispiel: Ein Ziel ist nicht „das System verbessern“, sondern „die Durchlaufzeit um 20% senken“.
•	Team, Rollen und Fairness: Aufgaben, Zuständigkeiten und Erwartungen müssen transparent sein. Fairness bedeutet hier, dass Belastungen, Anerkennung und Mitwirkung nachvollziehbar verteilt sind.
•	Ausreichende Ressourcen zu Projektbeginn: Personal, Zeit, Budget und Tools müssen früh genug vorhanden sein, damit das Projekt nicht sofort in Engpässe läuft.
•	Starke und integrierte Projektleitung: Die Projektleitung muss nicht nur formal führen, sondern koordinieren, priorisieren und Konflikte integrieren.
•	Kontinuierliches Risiko- und Erfolgsmanagement: Risiken werden nicht nur am Anfang erfasst, sondern laufend beobachtet; gleichzeitig wird geprüft, was schon gut funktioniert und verstärkt werden kann.
•	Commitment und Motivation: Beteiligte müssen inhaltlich mitgehen und das Projekt als wichtig ansehen.
•	Hoher PM-Reifegrad und PMO-Unterstützung: Reife Projektorganisationen verfügen über stabile Methoden, Standards und Unterstützung durch ein PMO.[slideshare +1]
2. Kontextuelle Erfolgsfaktoren nach ICB 4.0
Hier geht es um den Rahmen, in dem Projekte stattfinden. Die ICB 4.0 betont besonders, dass diese Faktoren oft die kritischsten Erfolgsfaktoren sind, weil Projekte nie losgelöst von Organisation und Umfeld funktionieren.[gpm-ipma +1]
•	Stakeholder-Integration: Der Mensch steht im Fokus; Projekte werden von Menschen gemacht. Das heißt praktisch: Beteiligte, Betroffene und Entscheider müssen früh eingebunden werden.
•	Strategische Ausrichtung: Projekte und Programme sollen zur Strategie der Organisation beitragen; Portfolios werden häufig anhand strategischer Ziele priorisiert. Beispiel: Ein Projekt bekommt Vorrang, weil es einen zentralen strategischen Nutzen stiftet.
•	Kulturelle Anpassung: Organisationskultur, Branche und internationale Rahmenbedingungen müssen berücksichtigt werden. Beispiel: Ein Projekt läuft in einem internationalen Umfeld anders als in einer rein lokalen Organisation.
•	Compliance: Relevante Standards, Regeln und Regularien müssen eingehalten werden. Das ist nicht nur Formalität, sondern schützt Qualität, Rechtssicherheit und Akzeptanz.[pm-zert +1]
3. Praktische Umsetzung
Die GPM-orientierte praktische Umsetzung verbindet Planung, Steuerung und Lernen:
1.	Detaillierte Projektpläne mit Meilensteinen erstellen.  
Das macht den Fortschritt sichtbar und erleichtert die Steuerung.
2.	Effektives Ressourcenmanagement zur Engpass-Vermeidung betreiben.  
So werden Überlastung und Verzögerungen früh erkannt.
3.	Alle wichtigen Informationen und Entscheidungen dokumentieren.  
Dadurch bleibt das Projekt nachvollziehbar, auch wenn Personen wechseln.
4.	Projekte mit gründlicher Evaluation abschließen.  
Das sichert Lessons Learned und macht Erfahrungen für spätere Projekte nutzbar.",
04.03.01 Strategie,"In welchem Szenario werden üblicherweise qualitative Nutzenaspekte eines Produkts beschrieben, Wirtschaftsziele ermittelt und eine Entscheidungsvorlage mit Empfehlung erstellt?","Business Case 
(Def.: Geschäftsvorgang mit Nachweis über die Berechtigung, die Ziele, den Nutzen und die Wirtschaftlichkeit bzw. Rentabilität eines Projekts)

Geschäftsvorgang bzw. Entscheidungsdokument mit Nachweis über die Berechtigung, Ziele, den Nutzen und die Wirtschaftlichkeit eines Projekts. Der Business Case wird üblicherweise in der Initialisierungsphase erstellt und dient als strukturierte Entscheidungsvorlage für die Freigabe oder Ablehnung des Projekts.
Was darin typischerweise enthalten ist
•	Qualitative Nutzenaspekte: zum Beispiel strategischer Nutzen, verbesserte Prozesse oder höherer Kundennutzen.
•	Wirtschaftsziele: zum Beispiel Rentabilität, Wirtschaftlichkeit, Return on Investment oder Nutzen-Kosten-Abwägung.
•	Bewertung von Alternativen: oft werden mehrere Optionen betrachtet, einschließlich der Option, nichts zu tun.
•	Empfehlung: am Ende steht eine klare Handlungsempfehlung für die Entscheidungsträger.

z.B. auch geeignetes PM Mandat - eine einflußreiche Position -AKV Prinzip",
04.03.01 Strategie,Nennen Sie drei (3) Standard-Erfolgsfaktoren für Projekte.,gute Kommunikation; klare Anforderungen und Ziele; Fairness/ Gemeinsinn/ klare Aufgabenverteilung; ausreichende und passende Ressourcen bei Projektstart,
04.03.01 Strategie,Nennen Sie mindestens zwei kritische Erfolgsfaktoren.,"Effektive Kommunikation
Klare Zieldefinition
",
04.03.01 Strategie,Was gehört zu einer langfristigen Ausrichtung einer Organisation?,"Mission als Startpunkt,  Vision als Ziel  und Unternehmensstrategie als Weg dorthin
Langfristige Ausrichtung einer Organisation
Zu einer langfristigen Ausrichtung gehören vor allem Vision, Mission und strategische Ziele. Die Organisation richtet ihr Handeln darauf aus, wohin sie sich dauerhaft entwickeln will, und sorgt dafür, dass Projekte, Programme und Portfolios zu dieser Ausrichtung passen.",
04.03.01 Strategie,"Welche Analyse dient zur Bewertung der Alternativen bei einer Entscheidung :
a) Earned Value Analyse 
b) Stakeholderanalyse
c) Nutzwertanalyse 
d) Meilensteintrendanalyse ","c) Nutzwertanalyse 
Sie macht qualitative Kriterien durch Gewichtung vergleichbar und messbar.",
04.03.01 Strategie,Welche Felder beinhaltet das Business Case Formular? Nenne 5.,"Ein Business-Case-Formular enthält typischerweise mehrere Kernfelder, die die Entscheidungsvorlage strukturieren. Fünf zentrale Felder sind:
Welches Problem, welche Chance oder welcher Bedarf soll adressiert werden?
2.	Zielsetzung / Nutzen  
Welche qualitativen und quantitativen Nutzenaspekte sollen erreicht werden?
3.	Optionen / Lösungsvarianten  
Welche Handlungsalternativen gibt es, inklusive der Option, nichts zu tun?
4.	Kosten / Wirtschaftlichkeit  
Welche Aufwände, Investitionen und wirtschaftlichen Effekte sind zu erwarten?
5.	Risiken / Empfehlung  
Welche Risiken bestehen, und welche Option wird abschließend empfohlen?
Prüfungstaugliche Kurzantwort
Ein Business-Case-Formular umfasst typischerweise Problemstellung, Ziel/Nutzen, Lösungsoptionen, Kosten/Wirtschaftlichkeit sowie Risiken und Empfehlung",
04.03.01 Strategie,"Welchen Zusammenhang muss der Projektmanager zwischen Projektzielen und Unternehmen herstellen?
a) Umsetzung der Unternehmensmission im Projekt;
b) Übernahme der strategischen Ziele in die Projektziele; 
c)  Bringt die Projektziele mit der Unternehmensstrategie in Einklang; 
d) Anpassung der Unternehmensstrategie an Projektziele",c)  Bringt die Projektziele mit der Unternehmensstrategie in Einklang; ,
04.03.01 Strategie,"Welcher der genannten Begriffe zählt nicht zu den langfristigen und nachhaltigen Steuerungselementen eines Unternehmens?
 a) Mission
 b) Vision
 c) Motivation
 d) Strategie", c) Motivation,
04.03.01 Strategie,"Welcher der nachfolgenden Begriffe hat für die Bedeutung eines Business Case die höchste Priorität? 
a) Budget, 
b) Stakeholder, 
c) EBIT , 
d) Risiko ","Antwort: d) Risiko. 
Im GMP-Umfeld hat die Risikobetrachtung höchste Priorität, weil Patientensicherheit, Qualität, Compliance und Betriebserlaubnis vor der reinen Rentabilität stehen. 
Ein Vorhaben kann daher selbst bei geringem oder negativem EBIT freigegeben werden, wenn es ein kritisches Sicherheits- oder Qualitätsrisiko beseitigt.
Der wirtschaftliche Nutzen bleibt relevant, steht aber hinter der Sicherung der Betriebserlaubnis und der Einhaltung regulatorischer Anforderungen zurück.
•	Budget ist wichtig, aber kein oberstes Kriterium, wenn Sicherheit oder Compliance betroffen sind.
•	Stakeholder sind relevant für Akzeptanz und Umsetzung, aber im GMP-Kontext nicht die höchste Priorität.
•	EBIT zeigt Wirtschaftlichkeit, ist jedoch zweitrangig, wenn ein Vorhaben ein kritisches Risiko eliminiert.
•	Risiko steht an erster Stelle, weil GMP-Entscheidungen auf der Minimierung von Gefahren für Patient, Produkt und Regelkonformität beruhen.
Merksatz
Im GMP-Umfeld gilt: Safety first, Profit second. Deshalb hat bei der Business-Case-Bewertung Risiko die höchste Priorität.",
04.03.01 Strategie,"Welches ist die beste Reihenfolge für die Durchführung einer Risiko-, Stakeholder-, und Projektkontext / Umweltanalyse? Erläutern Sie ihre Antwort. ","Beste Reihenfolge: 1. Projektkontext-/Umfeldanalyse → 2. Stakeholder-Analyse → 3. Risikoanalyse
Begründung:  
Die Projektkontextanalyse bildet die Grundlage, indem sie die relevanten Rahmenbedingungen des Projekts erfasst, etwa Markt, Regulatorik, Technologie und Organisationskontext.
Auf dieser Basis werden in der Stakeholder-Analyse die beteiligten Personen und Gruppen systematisch nach Interessen, Einfluss, Erwartungen und Konfliktpotenzial untersucht. 
Die Risikoanalyse baut anschließend auf beiden Voranalysen auf und nutzt deren Ergebnisse, um technische, organisatorische, externe und stakeholderbezogene Risiken realistisch zu identifizieren und zu bewerten. 
So entsteht eine logische Kaskade vom allgemeinen Umfeld über die beteiligten Akteure bis hin zu den konkreten Risiken, wodurch redundante Analysen und blinde Flecken vermieden werden

1. Projektkontext-/Umfeldanalyse  
Sie erfasst die äußeren und organisatorischen Rahmenbedingungen des Projekts, zum Beispiel Markt, Gesetze, Technologie und Organisationsumfeld.
2. Stakeholder-Analyse  
Sie identifiziert und bewertet die relevanten Personen und Gruppen im Hinblick auf Interessen, Einfluss, Erwartungen und Konfliktpotenzial.
3. Risikoanalyse  
Sie nutzt die Ergebnisse aus Kontext- und Stakeholder-Analyse, um Risiken systematisch zu erkennen, zu bewerten und zu priorisieren.",
04.03.01 Strategie,Weshalb erstellt ein Unternehmen / eine Organisation vor Projektbeginn ein Business Case ,"Ein Business Case wird vor Projektbeginn erstellt, um die wirtschaftliche Tragfähigkeit, strategische Passung, Risiken und erwarteten Nutzen eines Projekts nachzuweisen und dem Management eine belastbare Entscheidungsvorlage zu geben.

Ein Business Case wird vor Projektbeginn erstellt, um zu begründen, warum ein Projekt überhaupt gestartet werden soll. 
Er dokumentiert den erwarteten Nutzen, die Kosten, die Risiken und die wirtschaftliche Tragfähigkeit des Vorhabens und unterstützt damit die Entscheidung, ob das Projekt freigegeben wird. Gleichzeitig stellt er sicher, dass das Projekt zur Unternehmensstrategie passt und später anhand klarer Ziele und Messgrößen überprüft werden kann.
Warum er erstellt wird
•	Wirtschaftlichkeit nachweisen: Der Business Case zeigt, ob der Nutzen die Kosten überwiegt.
•	Entscheidungssicherheit schaffen: Das Management erhält eine objektive Grundlage für Freigabe oder Ablehnung.
•	Strategische Ausrichtung sichern: Das Projekt wird mit den Unternehmenszielen abgeglichen.
•	Risiken sichtbar machen: Chancen und Risiken werden früh erkannt und bewertet.
•	Ressourcen gezielt einsetzen: Nur Projekte mit ausreichender Begründung erhalten Budget, Zeit und Personal.
•	Erfolg messbar machen: Der Business Case liefert Vergleichsmaßstäbe für die spätere Erfolgskontrolle.""",
04.03.01 Strategie,"Die Unterstützung der Geschäftsleitung und ein angemessenes Projektmanagement-Mandat sind wichtig für Ihr Projekt. Welcher der folgenden Begriffe beschreibt diese Elemente gemeinsam?
A) Wichtige Leistungsindikatoren
B) Kritische Erfolgsfaktoren
C) Kritische Erfolgsindikatoren
D) keines der oben genannten",B) Kritische Erfolgsfaktoren,"Die Unterstützung der Geschäftsleitung und ein angemessenes Projektmanagement-Mandat sind wichtig für Ihr Projekt. Welcher der folgenden Begriffe beschreibt diese Elemente gemeinsam?
A) Wichtige Leistungsindikatoren
B) Kritische Erfolgsfaktoren
C) Kritische Erfolgsindikatoren
D) keines der oben genannten"
04.03.01 Strategie,Erfolgsfaktoren für Effektives Projektmanagement?,"1. Allgemeine Erfolgsfaktoren
Hier gehören die Faktoren hinein, die jedes Projekt tragen, zum Beispiel:
•	Klare Kommunikation: Informationen müssen verständlich, rechtzeitig und adressatengerecht fließen. Beispiel: Rollen, Entscheidungen und Änderungen werden nicht nur erwähnt, sondern so kommuniziert, dass alle Beteiligten sie wirklich einordnen können.
•	Klare Anforderungen und Ziele: Das Projekt braucht ein eindeutiges Zielbild, damit Team und Stakeholder wissen, woran Erfolg gemessen wird. Beispiel: Ein Ziel ist nicht „das System verbessern“, sondern „die Durchlaufzeit um 20% senken“.
•	Team, Rollen und Fairness: Aufgaben, Zuständigkeiten und Erwartungen müssen transparent sein. Fairness bedeutet hier, dass Belastungen, Anerkennung und Mitwirkung nachvollziehbar verteilt sind.
•	Ausreichende Ressourcen zu Projektbeginn: Personal, Zeit, Budget und Tools müssen früh genug vorhanden sein, damit das Projekt nicht sofort in Engpässe läuft.
•	Starke und integrierte Projektleitung: Die Projektleitung muss nicht nur formal führen, sondern koordinieren, priorisieren und Konflikte integrieren.
•	Kontinuierliches Risiko- und Erfolgsmanagement: Risiken werden nicht nur am Anfang erfasst, sondern laufend beobachtet; gleichzeitig wird geprüft, was schon gut funktioniert und verstärkt werden kann.
•	Commitment und Motivation: Beteiligte müssen inhaltlich mitgehen und das Projekt als wichtig ansehen.
•	Hoher PM-Reifegrad und PMO-Unterstützung: Reife Projektorganisationen verfügen über stabile Methoden, Standards und Unterstützung durch ein PMO.[slideshare +1]
2. Kontextuelle Erfolgsfaktoren nach ICB 4.0
Hier geht es um den Rahmen, in dem Projekte stattfinden. Die ICB 4.0 betont besonders, dass diese Faktoren oft die kritischsten Erfolgsfaktoren sind, weil Projekte nie losgelöst von Organisation und Umfeld funktionieren.[gpm-ipma +1]
•	Stakeholder-Integration: Der Mensch steht im Fokus; Projekte werden von Menschen gemacht. Das heißt praktisch: Beteiligte, Betroffene und Entscheider müssen früh eingebunden werden.
•	Strategische Ausrichtung: Projekte und Programme sollen zur Strategie der Organisation beitragen; Portfolios werden häufig anhand strategischer Ziele priorisiert. Beispiel: Ein Projekt bekommt Vorrang, weil es einen zentralen strategischen Nutzen stiftet.
•	Kulturelle Anpassung: Organisationskultur, Branche und internationale Rahmenbedingungen müssen berücksichtigt werden. Beispiel: Ein Projekt läuft in einem internationalen Umfeld anders als in einer rein lokalen Organisation.
•	Compliance: Relevante Standards, Regeln und Regularien müssen eingehalten werden. Das ist nicht nur Formalität, sondern schützt Qualität, Rechtssicherheit und Akzeptanz.[pm-zert +1]
3. Praktische Umsetzung
Die GPM-orientierte praktische Umsetzung verbindet Planung, Steuerung und Lernen:
1.	Detaillierte Projektpläne mit Meilensteinen erstellen.  
Das macht den Fortschritt sichtbar und erleichtert die Steuerung.
2.	Effektives Ressourcenmanagement zur Engpass-Vermeidung betreiben.  
So werden Überlastung und Verzögerungen früh erkannt.
3.	Alle wichtigen Informationen und Entscheidungen dokumentieren.  
Dadurch bleibt das Projekt nachvollziehbar, auch wenn Personen wechseln.
4.	Projekte mit gründlicher Evaluation abschließen.  
Das sichert Lessons Learned und macht Erfahrungen für spätere Projekte nutzbar.",Erfolgsfaktoren für Effektives Projektmanagement?
04.03.01 Strategie,"In welchem Szenario werden üblicherweise qualitative Nutzenaspekte eines Produkts beschrieben, Wirtschaftsziele ermittelt und eine Entscheidungsvorlage mit Empfehlung erstellt?","Business Case 
(Def.: Geschäftsvorgang mit Nachweis über die Berechtigung, die Ziele, den Nutzen und die Wirtschaftlichkeit bzw. Rentabilität eines Projekts)

Geschäftsvorgang bzw. Entscheidungsdokument mit Nachweis über die Berechtigung, Ziele, den Nutzen und die Wirtschaftlichkeit eines Projekts. Der Business Case wird üblicherweise in der Initialisierungsphase erstellt und dient als strukturierte Entscheidungsvorlage für die Freigabe oder Ablehnung des Projekts.
Was darin typischerweise enthalten ist
•	Qualitative Nutzenaspekte: zum Beispiel strategischer Nutzen, verbesserte Prozesse oder höherer Kundennutzen.
•	Wirtschaftsziele: zum Beispiel Rentabilität, Wirtschaftlichkeit, Return on Investment oder Nutzen-Kosten-Abwägung.
•	Bewertung von Alternativen: oft werden mehrere Optionen betrachtet, einschließlich der Option, nichts zu tun.
•	Empfehlung: am Ende steht eine klare Handlungsempfehlung für die Entscheidungsträger.

z.B. auch geeignetes PM Mandat - eine einflußreiche Position -AKV Prinzip","In welchem Szenario werden üblicherweise qualitative Nutzenaspekte eines Produkts beschrieben, Wirtschaftsziele ermittelt und eine Entscheidungsvorlage mit Empfehlung erstellt?"
04.03.01 Strategie,Nennen Sie drei (3) Standard-Erfolgsfaktoren für Projekte.,gute Kommunikation; klare Anforderungen und Ziele; Fairness/ Gemeinsinn/ klare Aufgabenverteilung; ausreichende und passende Ressourcen bei Projektstart,Nennen Sie drei (3) Standard-Erfolgsfaktoren für Projekte.
04.03.01 Strategie,Nennen Sie mindestens zwei kritische Erfolgsfaktoren.,"Effektive Kommunikation
Klare Zieldefinition
",Nennen Sie mindestens zwei kritische Erfolgsfaktoren.
04.03.01 Strategie,Was gehört zu einer langfristigen Ausrichtung einer Organisation?,"Mission als Startpunkt,  Vision als Ziel  und Unternehmensstrategie als Weg dorthin
Langfristige Ausrichtung einer Organisation
Zu einer langfristigen Ausrichtung gehören vor allem Vision, Mission und strategische Ziele. Die Organisation richtet ihr Handeln darauf aus, wohin sie sich dauerhaft entwickeln will, und sorgt dafür, dass Projekte, Programme und Portfolios zu dieser Ausrichtung passen.",Was gehört zu einer langfristigen Ausrichtung einer Organisation?
04.03.01 Strategie,"Welche Analyse dient zur Bewertung der Alternativen bei einer Entscheidung :
a) Earned Value Analyse 
b) Stakeholderanalyse
c) Nutzwertanalyse 
d) Meilensteintrendanalyse ","c) Nutzwertanalyse 
Sie macht qualitative Kriterien durch Gewichtung vergleichbar und messbar.","Welche Analyse dient zur Bewertung der Alternativen bei einer Entscheidung :
a) Earned Value Analyse 
b) Stakeholderanalyse
c) Nutzwertanalyse 
d) Meilensteintrendanalyse "
04.03.01 Strategie,Welche Felder beinhaltet das Business Case Formular? Nenne 5.,"Ein Business-Case-Formular enthält typischerweise mehrere Kernfelder, die die Entscheidungsvorlage strukturieren. Fünf zentrale Felder sind:
Welches Problem, welche Chance oder welcher Bedarf soll adressiert werden?
2.	Zielsetzung / Nutzen  
Welche qualitativen und quantitativen Nutzenaspekte sollen erreicht werden?
3.	Optionen / Lösungsvarianten  
Welche Handlungsalternativen gibt es, inklusive der Option, nichts zu tun?
4.	Kosten / Wirtschaftlichkeit  
Welche Aufwände, Investitionen und wirtschaftlichen Effekte sind zu erwarten?
5.	Risiken / Empfehlung  
Welche Risiken bestehen, und welche Option wird abschließend empfohlen?
Prüfungstaugliche Kurzantwort
Ein Business-Case-Formular umfasst typischerweise Problemstellung, Ziel/Nutzen, Lösungsoptionen, Kosten/Wirtschaftlichkeit sowie Risiken und Empfehlung",Welche Felder beinhaltet das Business Case Formular? Nenne 5.
04.03.01 Strategie,"Welchen Zusammenhang muss der Projektmanager zwischen Projektzielen und Unternehmen herstellen?
a) Umsetzung der Unternehmensmission im Projekt;
b) Übernahme der strategischen Ziele in die Projektziele; 
c)  Bringt die Projektziele mit der Unternehmensstrategie in Einklang; 
d) Anpassung der Unternehmensstrategie an Projektziele",c)  Bringt die Projektziele mit der Unternehmensstrategie in Einklang; ,"Welchen Zusammenhang muss der Projektmanager zwischen Projektzielen und Unternehmen herstellen?
a) Umsetzung der Unternehmensmission im Projekt;
b) Übernahme der strategischen Ziele in die Projektziele; 
c)  Bringt die Projektziele mit der Unternehmensstrategie in Einklang; 
d) Anpassung der Unternehmensstrategie an Projektziele"
04.03.01 Strategie,"Welcher der genannten Begriffe zählt nicht zu den langfristigen und nachhaltigen Steuerungselementen eines Unternehmens?
 a) Mission
 b) Vision
 c) Motivation
 d) Strategie", c) Motivation,"Welcher der genannten Begriffe zählt nicht zu den langfristigen und nachhaltigen Steuerungselementen eines Unternehmens?
 a) Mission
 b) Vision
 c) Motivation
 d) Strategie"
04.03.01 Strategie,"Welcher der nachfolgenden Begriffe hat für die Bedeutung eines Business Case die höchste Priorität? 
a) Budget, 
b) Stakeholder, 
c) EBIT , 
d) Risiko ","Antwort: d) Risiko. 
Im GMP-Umfeld hat die Risikobetrachtung höchste Priorität, weil Patientensicherheit, Qualität, Compliance und Betriebserlaubnis vor der reinen Rentabilität stehen. 
Ein Vorhaben kann daher selbst bei geringem oder negativem EBIT freigegeben werden, wenn es ein kritisches Sicherheits- oder Qualitätsrisiko beseitigt.
Der wirtschaftliche Nutzen bleibt relevant, steht aber hinter der Sicherung der Betriebserlaubnis und der Einhaltung regulatorischer Anforderungen zurück.
•	Budget ist wichtig, aber kein oberstes Kriterium, wenn Sicherheit oder Compliance betroffen sind.
•	Stakeholder sind relevant für Akzeptanz und Umsetzung, aber im GMP-Kontext nicht die höchste Priorität.
•	EBIT zeigt Wirtschaftlichkeit, ist jedoch zweitrangig, wenn ein Vorhaben ein kritisches Risiko eliminiert.
•	Risiko steht an erster Stelle, weil GMP-Entscheidungen auf der Minimierung von Gefahren für Patient, Produkt und Regelkonformität beruhen.
Merksatz
Im GMP-Umfeld gilt: Safety first, Profit second. Deshalb hat bei der Business-Case-Bewertung Risiko die höchste Priorität.","Welcher der nachfolgenden Begriffe hat für die Bedeutung eines Business Case die höchste Priorität? 
a) Budget, 
b) Stakeholder, 
c) EBIT , 
d) Risiko "
04.03.01 Strategie,"Welches ist die beste Reihenfolge für die Durchführung einer Risiko-, Stakeholder-, und Projektkontext / Umweltanalyse? Erläutern Sie ihre Antwort. ","Beste Reihenfolge: 1. Projektkontext-/Umfeldanalyse → 2. Stakeholder-Analyse → 3. Risikoanalyse
Begründung:  
Die Projektkontextanalyse bildet die Grundlage, indem sie die relevanten Rahmenbedingungen des Projekts erfasst, etwa Markt, Regulatorik, Technologie und Organisationskontext.
Auf dieser Basis werden in der Stakeholder-Analyse die beteiligten Personen und Gruppen systematisch nach Interessen, Einfluss, Erwartungen und Konfliktpotenzial untersucht. 
Die Risikoanalyse baut anschließend auf beiden Voranalysen auf und nutzt deren Ergebnisse, um technische, organisatorische, externe und stakeholderbezogene Risiken realistisch zu identifizieren und zu bewerten. 
So entsteht eine logische Kaskade vom allgemeinen Umfeld über die beteiligten Akteure bis hin zu den konkreten Risiken, wodurch redundante Analysen und blinde Flecken vermieden werden

1. Projektkontext-/Umfeldanalyse  
Sie erfasst die äußeren und organisatorischen Rahmenbedingungen des Projekts, zum Beispiel Markt, Gesetze, Technologie und Organisationsumfeld.
2. Stakeholder-Analyse  
Sie identifiziert und bewertet die relevanten Personen und Gruppen im Hinblick auf Interessen, Einfluss, Erwartungen und Konfliktpotenzial.
3. Risikoanalyse  
Sie nutzt die Ergebnisse aus Kontext- und Stakeholder-Analyse, um Risiken systematisch zu erkennen, zu bewerten und zu priorisieren.","Welches ist die beste Reihenfolge für die Durchführung einer Risiko-, Stakeholder-, und Projektkontext / Umweltanalyse? Erläutern Sie ihre Antwort. "
04.03.01 Strategie,Weshalb erstellt ein Unternehmen / eine Organisation vor Projektbeginn ein Business Case ,"Ein Business Case wird vor Projektbeginn erstellt, um die wirtschaftliche Tragfähigkeit, strategische Passung, Risiken und erwarteten Nutzen eines Projekts nachzuweisen und dem Management eine belastbare Entscheidungsvorlage zu geben.

Ein Business Case wird vor Projektbeginn erstellt, um zu begründen, warum ein Projekt überhaupt gestartet werden soll. 
Er dokumentiert den erwarteten Nutzen, die Kosten, die Risiken und die wirtschaftliche Tragfähigkeit des Vorhabens und unterstützt damit die Entscheidung, ob das Projekt freigegeben wird. Gleichzeitig stellt er sicher, dass das Projekt zur Unternehmensstrategie passt und später anhand klarer Ziele und Messgrößen überprüft werden kann.
Warum er erstellt wird
•	Wirtschaftlichkeit nachweisen: Der Business Case zeigt, ob der Nutzen die Kosten überwiegt.
•	Entscheidungssicherheit schaffen: Das Management erhält eine objektive Grundlage für Freigabe oder Ablehnung.
•	Strategische Ausrichtung sichern: Das Projekt wird mit den Unternehmenszielen abgeglichen.
•	Risiken sichtbar machen: Chancen und Risiken werden früh erkannt und bewertet.
•	Ressourcen gezielt einsetzen: Nur Projekte mit ausreichender Begründung erhalten Budget, Zeit und Personal.
•	Erfolg messbar machen: Der Business Case liefert Vergleichsmaßstäbe für die spätere Erfolgskontrolle.""",Weshalb erstellt ein Unternehmen / eine Organisation vor Projektbeginn ein Business Case 
"04.03.02 Governance, Strukturen und Prozesse","An welchen Stellen können i.d.R. Unterstützungsleistungen für ihr Projekt gefunden werden?
A) bei allen MA im Unternehmen
B) bei Project Management Office (PMO), Project Office (PO)
C) beim Kunden
D) beim Auftraggeber","B) bei Project Management Office (PMO), Project Office (PO)",
"04.03.02 Governance, Strukturen und Prozesse",Bei Projekten werden Anforderungen und Handlungs- / Lösungsansätze betrachtet. Wann sind Projekte komplex?,"Ein Projekt ist komplex, wenn: Unsicherheiten sowohl hinsichtlich der Umsetzung als auch bei (der Erfassung und Formulierung) der Anforderungen bestehen.
Einstufung nach Stacey Matrix → agile Umsetzung empfohlen
Wann ist ein Projekt komplex? Es geht um die Zielsetzungseinigkeit. Bei einem komplexten Projekt besteht große Unsicherheit bezüglich der Anforderungen. Der Innovationsgrad des Ergebnisses ist hoch, deswegen kann für die Lösung nicht auf bestehende Erfahrungen zurückgegriffen werden.",
"04.03.02 Governance, Strukturen und Prozesse",Erklären Sie die Merkmale eines agilen Portfolios ,"Ein agiles Portfolio bündelt alle Initiativen nach strategischen Wertströmen und priorisiert kontinuierlich nach Kundennutzen und Geschäftswert. Es wird iterativ geplant, visualisiert (z.B. Kanban) und regelmäßig umpriorisiert, um schnell auf Veränderungen reagieren zu können.
Ein agiles Portfolio zeichnet sich durch kontinuierliche Flexibilität, rollierende Planung, nutzenorientierte Priorisierung, hohe Transparenz, begrenzte gleichzeitige Projekte und schnelle Feedback-Schleifen aus – alles mit dem Ziel, schneller auf Marktveränderungen zu reagieren und höheren Kundennutzen zu erzielen",
"04.03.02 Governance, Strukturen und Prozesse",In ihrem Unternehmen sollen neue Bereiche gegründet werden. Welcher Projektart ist ein solches Projekt zuzuordnen?,"Organisationsprojekt, da sich die Firma neu strukturiert, die Bereiche müssen gegenüber den bestehenden abgegrenzt, Aufgaben und Kompetenzen neu geregelt und zugeteilt werden. (Möglich ist auch ein (F)orschunges und  Entwicklungsprojekt). Entscheidend für die Projektart ist die Frage, auf welchem Aspekt der Fokus liegt.",
"04.03.02 Governance, Strukturen und Prozesse","Nach welchen Kriterien können Projekte klassifiziert werden? Wählen Sie die richtige Antwort aus.
A) Materialaufwand
B) Zustimmung der Stakeholder
C) mögliche Spendeneinnahmen
D) Priorität, Komplexität, Aufwand, strategische Bedeutung
","D) Priorität, Komplexität, Aufwand, strategische Bedeutung",
"04.03.02 Governance, Strukturen und Prozesse",Nach welchen Kriterien werden Projekte nach Klassen eingeteilt? ,"Klassifizierung zum Beispiel nach Projektgröße, Priorität, Kunden (extern) oder internes Projekt",
"04.03.02 Governance, Strukturen und Prozesse",Nenne 2 mögliche Kapitel eines Projektmanagement-Handbuchs!,"Zum Beispiel: Definitionen, Projektorganisation (Rollen, Verantwortlichkeiten)
 Projektplanung Vorlagen, Checklisten, Definition von Qualitätskriterien, Projektplanung und -steuerung (Abläufe, Methoden, Meilensteine), Projektkommunikation und -dokumentation, Projektcontrolling, Projektabschluss",
"04.03.02 Governance, Strukturen und Prozesse","Nennen Sie 5 Aspekte, die in einem Projektsteckbrief stehen sollen.","Kurzbeschreibung, Auftraggeber, PM, Projektziele, Kosten, Risiken, Dauer",
"04.03.02 Governance, Strukturen und Prozesse",Nennen Sie mindestens vier (4) Merkmale eines Projekts.," Neuartig/einmalig 
• Komplex
• Zeitlich befristet
• Begrenzte Ressourcen
• Eindeutige & abgegrenzte Ziele
1. einmalig, 2. Begrenzungen, zeitlicher, finanzieller oder anderer Art, 3. zielorientiert, 4. es sind Ressourcen erforderlich, 5. komplex, 6. innovativ

E – Einmaligkeit → Jedes Projekt hat ein einmaliges Ziel
S – Start & Ende (zeitlich begrenzt) → Projekte haben einen klaren Zeitraum
E – Eingeschränkte Ressourcen → Budget, Personal, Material sind begrenzt
L – Linienabgrenzung / Eigenständigkeit → Projekte unterscheiden sich von Routineaufgaben",
"04.03.02 Governance, Strukturen und Prozesse","Sie sind Teilprojektleiter (TPL) in einem Forschungs und Entwicklungsprojekt (F&E) ihres Unternehmens. Welche Informationen wird die Controllingabteilung von ihnen haben wollen? 
a) technische Daten  
b) Aufwand (Plan/ Ist) für das aktuelle Arbeitspaket
c) verwendete Software
d) Ausstattung des F&E Labors",b) Aufwand (Plan/ Ist) für das aktuelle Arbeitspaket,
"04.03.02 Governance, Strukturen und Prozesse",Warum sollte ein Projektsteckbrief nur eine Seite beinhalten?,"Weil er für das Top Management gedacht ist und schnell zu erfassen sein soll. (Der Projektsteckbrief beschreibt die wesentlichen Inhalte eines Projektes, auf das sich Auftraggeber und Projektleitung verständigt haben. )
Klassischerweise wird der Steckbrief als Onepager geführt.",
"04.03.02 Governance, Strukturen und Prozesse",Was ist ein Projektportfolio?,Alle Projekte und Programme innerhalb eines Unternehmensbereiches oder des Gesamtunternehmens werden in einem Projektportfolio organisiert.,
"04.03.02 Governance, Strukturen und Prozesse","Was ist keine Projektart? 
a) F&E Projekt 
b) Verkaufsprojekt. 
c) Investitionsprojekt 
d) Organisationsprojekt ",b)Verkaufsprojekt,
"04.03.02 Governance, Strukturen und Prozesse","Was wird unter einem Projektportfolio verstanden?
a) Ein Projektportfolio beinhaltet alle gleichartigen Projekte eines Unternehmens oder einer Organisationseinheit.
b) Ein Projektportfolio besteht erst ab 15 Projekten.
c) Ein Projektportfolio verwaltet die Ressourcen eines Projektes.
d) In einem Projektportfolio werden die Unterlagen eines Projektes gesammelt.",a) Ein Projektportfolio beinhaltet alle gleichartigen Projekte eines Unternehmens oder einer Organisationseinheit.,
"04.03.02 Governance, Strukturen und Prozesse",Welche 3 Projektarten werden üblicherweise unterschieden?,"Investitionsprojekte, Organisationsprojekte, Forschungs&Entwicklungs Projekte
",
"04.03.02 Governance, Strukturen und Prozesse","Welche der folgenden Aussagen in Bezug auf Projektorganisationen ist richtig?
a) Die Stammorganisation übernimmt keine Aufgabe in der Lenkung von Projekten 
b) In einer Einflussorganisation ist der Projektleiter für das gesamte Projektergebnis verantwortlich  
c) Bei einem autonomen Projekt ist die ein- und Ausgliederung von Projektmitgliedern ein Problem 
d)  In einer Matrixorganisation untersteht die Verwaltung und Kontrolle der Projektmitglieder dem Projektleiter",c) Bei einem autonomen Projekt ist die ein- und Ausgliederung von Projektmitgliedern ein Problem ,
"04.03.02 Governance, Strukturen und Prozesse","Welche der folgenden Begriffe ist keine Projektart?
a) Innovationsprojekt,
b) Entwicklungsprojekt, 
c) Investitionsprojekt, 
d) Forschungsprojekt",a) Innovationsprojekt,
"04.03.02 Governance, Strukturen und Prozesse",Welche drei (3) Projektarten werden üblicherweise unterschieden?,"Investitionsprojekte, Organisationsprojekte, Forschungs&Entwicklungs Projekte",
"04.03.02 Governance, Strukturen und Prozesse","Welcher Begriff für ""Lenkungsausschuss"" wird oft in Unternehmen verwendet?
A) Leitung, Geschäftsführung
B) Steering Committee, PM Board
C) Projektrat, Betriebsrat
D) Auftraggeber, Kunde","B) Steering Committee, PM Board
",
"04.03.02 Governance, Strukturen und Prozesse","Wie ist ein Projektportfolio definiert?
A) alle Projekte für externe Kunden
B) alle Projekte und Programme im Unternehmen
C) alle Investitionsprojekte im Unternehmen
D) gibt es nur in bestimmten Unternehmensbereichen","
B) alle Projekte und Programme im Unternehmen
",
"04.03.02 Governance, Strukturen und Prozesse",Wozu dient das Projekthandbuch?,"Roadmap für die Einhaltung des Projektfahrplans
/
Dient als zentrale Arbeits- und Orientierungsgrundlage für alle Beteiligten unseres aktuellen Projekts; 
/
Das Projekthandbuch dient als Navigationsplan für ein spezifisches Projekt und beinhaltet alle Pläne und Regelungen.

Eine Abgrenzung des Projektmanagement-Handbuchs gegenüber dem Projekthandbuch ist, dass sich das Projekthandbuch lediglich auf ein spezifisches Projekt bezieht. 
Das Projektmanagement-Handbuch hingegen gilt als Regelwerk für alle Projekte im Unternehmen. Insofern basiert das Projekthandbuch jedoch auf dem Projektmanagement-Handbuch /Standardisierung, Dokumentation von Prozessen und Abläufen
/
Buch 187: srand 2026 3 Auflage S.187: Für die Planung und Durchführung sowie die Überwachung/Steuerung eines bestimmten Projekts",
"04.03.02 Governance, Strukturen und Prozesse",Erklären Sie die Merkmale eines agilen Portfolios ,"Ein agiles Portfolio bündelt alle Initiativen nach strategischen Wertströmen und priorisiert kontinuierlich nach Kundennutzen und Geschäftswert. Es wird iterativ geplant, visualisiert (z.B. Kanban) und regelmäßig umpriorisiert, um schnell auf Veränderungen reagieren zu können.","Ein agiles Portfolio zeichnet sich durch kontinuierliche Flexibilität, rollierende Planung, nutzenorientierte Priorisierung, hohe Transparenz, begrenzte gleichzeitige Projekte und schnelle Feedback-Schleifen aus – alles mit dem Ziel, schneller auf Marktveränderungen zu reagieren und höheren Kundennutzen zu erzielen"
"04.03.02 Governance, Strukturen und Prozesse","An welchen Stellen können i.d.R. Unterstützungsleistungen für ihr Projekt gefunden werden?
A) bei allen MA im Unternehmen
B) bei Project Management Office (PMO), Project Office (PO)
C) beim Kunden
D) beim Auftraggeber","B) bei Project Management Office (PMO), Project Office (PO)","An welchen Stellen können i.d.R. Unterstützungsleistungen für ihr Projekt gefunden werden?
A) bei allen MA im Unternehmen
B) bei Project Management Office (PMO), Project Office (PO)
C) beim Kunden
D) beim Auftraggeber"
"04.03.02 Governance, Strukturen und Prozesse",Bei Projekten werden Anforderungen und Handlungs- / Lösungsansätze betrachtet. Wann sind Projekte komplex?,"Ein Projekt ist komplex, wenn: Unsicherheiten sowohl hinsichtlich der Umsetzung als auch bei (der Erfassung und Formulierung) der Anforderungen bestehen.
Einstufung nach Stacey Matrix → agile Umsetzung empfohlen
Wann ist ein Projekt komplex? Es geht um die Zielsetzungseinigkeit. Bei einem komplexten Projekt besteht große Unsicherheit bezüglich der Anforderungen. Der Innovationsgrad des Ergebnisses ist hoch, deswegen kann für die Lösung nicht auf bestehende Erfahrungen zurückgegriffen werden.",Bei Projekten werden Anforderungen und Handlungs- / Lösungsansätze betrachtet. Wann sind Projekte komplex?
"04.03.02 Governance, Strukturen und Prozesse",Erklären Sie die Merkmale eines agilen Portfolios ,"Ein agiles Portfolio bündelt alle Initiativen nach strategischen Wertströmen und priorisiert kontinuierlich nach Kundennutzen und Geschäftswert. Es wird iterativ geplant, visualisiert (z.B. Kanban) und regelmäßig umpriorisiert, um schnell auf Veränderungen reagieren zu können.
Ein agiles Portfolio zeichnet sich durch kontinuierliche Flexibilität, rollierende Planung, nutzenorientierte Priorisierung, hohe Transparenz, begrenzte gleichzeitige Projekte und schnelle Feedback-Schleifen aus – alles mit dem Ziel, schneller auf Marktveränderungen zu reagieren und höheren Kundennutzen zu erzielen",Erklären Sie die Merkmale eines agilen Portfolios 
"04.03.02 Governance, Strukturen und Prozesse",In ihrem Unternehmen sollen neue Bereiche gegründet werden. Welcher Projektart ist ein solches Projekt zuzuordnen?,"Organisationsprojekt, da sich die Firma neu strukturiert, die Bereiche müssen gegenüber den bestehenden abgegrenzt, Aufgaben und Kompetenzen neu geregelt und zugeteilt werden. (Möglich ist auch ein (F)orschunges und  Entwicklungsprojekt). Entscheidend für die Projektart ist die Frage, auf welchem Aspekt der Fokus liegt.",In ihrem Unternehmen sollen neue Bereiche gegründet werden. Welcher Projektart ist ein solches Projekt zuzuordnen?
"04.03.02 Governance, Strukturen und Prozesse","Nach welchen Kriterien können Projekte klassifiziert werden? Wählen Sie die richtige Antwort aus.
A) Materialaufwand
B) Zustimmung der Stakeholder
C) mögliche Spendeneinnahmen
D) Priorität, Komplexität, Aufwand, strategische Bedeutung
","D) Priorität, Komplexität, Aufwand, strategische Bedeutung","Nach welchen Kriterien können Projekte klassifiziert werden? Wählen Sie die richtige Antwort aus.
A) Materialaufwand
B) Zustimmung der Stakeholder
C) mögliche Spendeneinnahmen
D) Priorität, Komplexität, Aufwand, strategische Bedeutung
"
"04.03.02 Governance, Strukturen und Prozesse",Nach welchen Kriterien werden Projekte nach Klassen eingeteilt? ,"Klassifizierung zum Beispiel nach Projektgröße, Priorität, Kunden (extern) oder internes Projekt",Nach welchen Kriterien werden Projekte nach Klassen eingeteilt? 
"04.03.02 Governance, Strukturen und Prozesse",Nenne 2 mögliche Kapitel eines Projektmanagement-Handbuchs!,"Zum Beispiel: Definitionen, Projektorganisation (Rollen, Verantwortlichkeiten)
 Projektplanung Vorlagen, Checklisten, Definition von Qualitätskriterien, Projektplanung und -steuerung (Abläufe, Methoden, Meilensteine), Projektkommunikation und -dokumentation, Projektcontrolling, Projektabschluss",Nenne 2 mögliche Kapitel eines Projektmanagement-Handbuchs!
"04.03.02 Governance, Strukturen und Prozesse","Nennen Sie 5 Aspekte, die in einem Projektsteckbrief stehen sollen.","Kurzbeschreibung, Auftraggeber, PM, Projektziele, Kosten, Risiken, Dauer","Nennen Sie 5 Aspekte, die in einem Projektsteckbrief stehen sollen."
"04.03.02 Governance, Strukturen und Prozesse",Nennen Sie mindestens vier (4) Merkmale eines Projekts.," Neuartig/einmalig 
• Komplex
• Zeitlich befristet
• Begrenzte Ressourcen
• Eindeutige & abgegrenzte Ziele
1. einmalig, 2. Begrenzungen, zeitlicher, finanzieller oder anderer Art, 3. zielorientiert, 4. es sind Ressourcen erforderlich, 5. komplex, 6. innovativ

E – Einmaligkeit → Jedes Projekt hat ein einmaliges Ziel
S – Start & Ende (zeitlich begrenzt) → Projekte haben einen klaren Zeitraum
E – Eingeschränkte Ressourcen → Budget, Personal, Material sind begrenzt
L – Linienabgrenzung / Eigenständigkeit → Projekte unterscheiden sich von Routineaufgaben",Nennen Sie mindestens vier (4) Merkmale eines Projekts.
"04.03.02 Governance, Strukturen und Prozesse","Sie sind Teilprojektleiter (TPL) in einem Forschungs und Entwicklungsprojekt (F&E) ihres Unternehmens. Welche Informationen wird die Controllingabteilung von ihnen haben wollen? 
a) technische Daten  
b) Aufwand (Plan/ Ist) für das aktuelle Arbeitspaket
c) verwendete Software
d) Ausstattung des F&E Labors",b) Aufwand (Plan/ Ist) für das aktuelle Arbeitspaket,"Sie sind Teilprojektleiter (TPL) in einem Forschungs und Entwicklungsprojekt (F&E) ihres Unternehmens. Welche Informationen wird die Controllingabteilung von ihnen haben wollen? 
a) technische Daten  
b) Aufwand (Plan/ Ist) für das aktuelle Arbeitspaket
c) verwendete Software
d) Ausstattung des F&E Labors"
"04.03.02 Governance, Strukturen und Prozesse",Warum sollte ein Projektsteckbrief nur eine Seite beinhalten?,"Weil er für das Top Management gedacht ist und schnell zu erfassen sein soll. (Der Projektsteckbrief beschreibt die wesentlichen Inhalte eines Projektes, auf das sich Auftraggeber und Projektleitung verständigt haben. )
Klassischerweise wird der Steckbrief als Onepager geführt.",Warum sollte ein Projektsteckbrief nur eine Seite beinhalten?
"04.03.02 Governance, Strukturen und Prozesse",Was ist ein Projektportfolio?,Alle Projekte und Programme innerhalb eines Unternehmensbereiches oder des Gesamtunternehmens werden in einem Projektportfolio organisiert.,Was ist ein Projektportfolio?
"04.03.02 Governance, Strukturen und Prozesse","Was ist keine Projektart? 
a) F&E Projekt 
b) Verkaufsprojekt. 
c) Investitionsprojekt 
d) Organisationsprojekt ",b)Verkaufsprojekt,"Was ist keine Projektart? 
a) F&E Projekt 
b) Verkaufsprojekt. 
c) Investitionsprojekt 
d) Organisationsprojekt "
"04.03.02 Governance, Strukturen und Prozesse","Was wird unter einem Projektportfolio verstanden?
a) Ein Projektportfolio beinhaltet alle gleichartigen Projekte eines Unternehmens oder einer Organisationseinheit.
b) Ein Projektportfolio besteht erst ab 15 Projekten.
c) Ein Projektportfolio verwaltet die Ressourcen eines Projektes.
d) In einem Projektportfolio werden die Unterlagen eines Projektes gesammelt.",a) Ein Projektportfolio beinhaltet alle gleichartigen Projekte eines Unternehmens oder einer Organisationseinheit.,"Was wird unter einem Projektportfolio verstanden?
a) Ein Projektportfolio beinhaltet alle gleichartigen Projekte eines Unternehmens oder einer Organisationseinheit.
b) Ein Projektportfolio besteht erst ab 15 Projekten.
c) Ein Projektportfolio verwaltet die Ressourcen eines Projektes.
d) In einem Projektportfolio werden die Unterlagen eines Projektes gesammelt."
"04.03.02 Governance, Strukturen und Prozesse",Welche 3 Projektarten werden üblicherweise unterschieden?,"Investitionsprojekte, Organisationsprojekte, Forschungs&Entwicklungs Projekte
",Welche 3 Projektarten werden üblicherweise unterschieden?
"04.03.02 Governance, Strukturen und Prozesse","Welche der folgenden Aussagen in Bezug auf Projektorganisationen ist richtig?
a) Die Stammorganisation übernimmt keine Aufgabe in der Lenkung von Projekten 
b) In einer Einflussorganisation ist der Projektleiter für das gesamte Projektergebnis verantwortlich  
c) Bei einem autonomen Projekt ist die ein- und Ausgliederung von Projektmitgliedern ein Problem 
d)  In einer Matrixorganisation untersteht die Verwaltung und Kontrolle der Projektmitglieder dem Projektleiter",c) Bei einem autonomen Projekt ist die ein- und Ausgliederung von Projektmitgliedern ein Problem ,"Welche der folgenden Aussagen in Bezug auf Projektorganisationen ist richtig?
a) Die Stammorganisation übernimmt keine Aufgabe in der Lenkung von Projekten 
b) In einer Einflussorganisation ist der Projektleiter für das gesamte Projektergebnis verantwortlich  
c) Bei einem autonomen Projekt ist die ein- und Ausgliederung von Projektmitgliedern ein Problem 
d)  In einer Matrixorganisation untersteht die Verwaltung und Kontrolle der Projektmitglieder dem Projektleiter"
"04.03.02 Governance, Strukturen und Prozesse","Welche der folgenden Begriffe ist keine Projektart?
a) Innovationsprojekt,
b) Entwicklungsprojekt, 
c) Investitionsprojekt, 
d) Forschungsprojekt",a) Innovationsprojekt,"Welche der folgenden Begriffe ist keine Projektart?
a) Innovationsprojekt,
b) Entwicklungsprojekt, 
c) Investitionsprojekt, 
d) Forschungsprojekt"
"04.03.02 Governance, Strukturen und Prozesse",Welche drei (3) Projektarten werden üblicherweise unterschieden?,"Investitionsprojekte, Organisationsprojekte, Forschungs&Entwicklungs Projekte",Welche drei (3) Projektarten werden üblicherweise unterschieden?
"04.03.02 Governance, Strukturen und Prozesse","Welcher Begriff für ""Lenkungsausschuss"" wird oft in Unternehmen verwendet?
A) Leitung, Geschäftsführung
B) Steering Committee, PM Board
C) Projektrat, Betriebsrat
D) Auftraggeber, Kunde","B) Steering Committee, PM Board
","Welcher Begriff für ""Lenkungsausschuss"" wird oft in Unternehmen verwendet?
A) Leitung, Geschäftsführung
B) Steering Committee, PM Board
C) Projektrat, Betriebsrat
D) Auftraggeber, Kunde"
"04.03.02 Governance, Strukturen und Prozesse","Wie ist ein Projektportfolio definiert?
A) alle Projekte für externe Kunden
B) alle Projekte und Programme im Unternehmen
C) alle Investitionsprojekte im Unternehmen
D) gibt es nur in bestimmten Unternehmensbereichen","
B) alle Projekte und Programme im Unternehmen
","Wie ist ein Projektportfolio definiert?
A) alle Projekte für externe Kunden
B) alle Projekte und Programme im Unternehmen
C) alle Investitionsprojekte im Unternehmen
D) gibt es nur in bestimmten Unternehmensbereichen"
"04.03.02 Governance, Strukturen und Prozesse",Wozu dient das Projekthandbuch?,"Roadmap für die Einhaltung des Projektfahrplans
/
Dient als zentrale Arbeits- und Orientierungsgrundlage für alle Beteiligten unseres aktuellen Projekts; 
/
Das Projekthandbuch dient als Navigationsplan für ein spezifisches Projekt und beinhaltet alle Pläne und Regelungen.

Eine Abgrenzung des Projektmanagement-Handbuchs gegenüber dem Projekthandbuch ist, dass sich das Projekthandbuch lediglich auf ein spezifisches Projekt bezieht. 
Das Projektmanagement-Handbuch hingegen gilt als Regelwerk für alle Projekte im Unternehmen. Insofern basiert das Projekthandbuch jedoch auf dem Projektmanagement-Handbuch /Standardisierung, Dokumentation von Prozessen und Abläufen
/
Buch 187: srand 2026 3 Auflage S.187: Für die Planung und Durchführung sowie die Überwachung/Steuerung eines bestimmten Projekts",Wozu dient das Projekthandbuch?
"04.03.02 Governance, Strukturen und Prozesse",Erklären Sie die Merkmale eines agilen Portfolios ,"Ein agiles Portfolio bündelt alle Initiativen nach strategischen Wertströmen und priorisiert kontinuierlich nach Kundennutzen und Geschäftswert. Es wird iterativ geplant, visualisiert (z.B. Kanban) und regelmäßig umpriorisiert, um schnell auf Veränderungen reagieren zu können.",Erklären Sie die Merkmale eines agilen Portfolios 
"04.03.02 Governance, Strukturen und Prozesse",Erklären Sie die Merkmale eines agilen Portfolios ,"Ein agiles Portfolio bündelt alle Initiativen nach strategischen Wertströmen und priorisiert kontinuierlich nach Kundennutzen und Geschäftswert. Es wird iterativ geplant, visualisiert (z.B. Kanban) und regelmäßig umpriorisiert, um schnell auf Veränderungen reagieren zu können.",Erklären Sie die Merkmale eines agilen Portfolios 
"04.03.02 Governance, Strukturen und Prozesse",Erklären Sie die Merkmale eines agilen Portfolios ,"Ein agiles Portfolio bündelt alle Initiativen nach strategischen Wertströmen und priorisiert kontinuierlich nach Kundennutzen und Geschäftswert. Es wird iterativ geplant, visualisiert (z.B. Kanban) und regelmäßig umpriorisiert, um schnell auf Veränderungen reagieren zu können.",Erklären Sie die Merkmale eines agilen Portfolios 
"04.03.02 Governance, Strukturen und Prozesse",Erklären Sie die Merkmale eines agilen Portfolios ,"Ein agiles Portfolio bündelt alle Initiativen nach strategischen Wertströmen und priorisiert kontinuierlich nach Kundennutzen und Geschäftswert. Es wird iterativ geplant, visualisiert (z.B. Kanban) und regelmäßig umpriorisiert, um schnell auf Veränderungen reagieren zu können.",Erklären Sie die Merkmale eines agilen Portfolios 
"04.03.02 Governance, Strukturen und Prozesse",Erklären Sie die Merkmale eines agilen Portfolios ,"Ein agiles Portfolio bündelt alle Initiativen nach strategischen Wertströmen und priorisiert kontinuierlich nach Kundennutzen und Geschäftswert. Es wird iterativ geplant, visualisiert (z.B. Kanban) und regelmäßig umpriorisiert, um schnell auf Veränderungen reagieren zu können.",Erklären Sie die Merkmale eines agilen Portfolios 
"04.03.02 Governance, Strukturen und Prozesse",Erklären Sie die Merkmale eines agilen Portfolios ,"Ein agiles Portfolio bündelt alle Initiativen nach strategischen Wertströmen und priorisiert kontinuierlich nach Kundennutzen und Geschäftswert. Es wird iterativ geplant, visualisiert (z.B. Kanban) und regelmäßig umpriorisiert, um schnell auf Veränderungen reagieren zu können.",Erklären Sie die Merkmale eines agilen Portfolios 
"04.03.02 Governance, Strukturen und Prozesse",Erklären Sie die Merkmale eines agilen Portfolios ,"Ein agiles Portfolio bündelt alle Initiativen nach strategischen Wertströmen und priorisiert kontinuierlich nach Kundennutzen und Geschäftswert. Es wird iterativ geplant, visualisiert (z.B. Kanban) und regelmäßig umpriorisiert, um schnell auf Veränderungen reagieren zu können.",Erklären Sie die Merkmale eines agilen Portfolios 
"04.03.02 Governance, Strukturen und Prozesse",Erklären Sie die Merkmale eines agilen Portfolios ,"Ein agiles Portfolio bündelt alle Initiativen nach strategischen Wertströmen und priorisiert kontinuierlich nach Kundennutzen und Geschäftswert. Es wird iterativ geplant, visualisiert (z.B. Kanban) und regelmäßig umpriorisiert, um schnell auf Veränderungen reagieren zu können.",Erklären Sie die Merkmale eines agilen Portfolios 
"04.03.02 Governance, Strukturen und Prozesse",Erklären Sie die Merkmale eines agilen Portfolios ,"Ein agiles Portfolio bündelt alle Initiativen nach strategischen Wertströmen und priorisiert kontinuierlich nach Kundennutzen und Geschäftswert. Es wird iterativ geplant, visualisiert (z.B. Kanban) und regelmäßig umpriorisiert, um schnell auf Veränderungen reagieren zu können.",Erklären Sie die Merkmale eines agilen Portfolios 
"04.03.02 Governance, Strukturen und Prozesse",Erklären Sie die Merkmale eines agilen Portfolios ,"Ein agiles Portfolio bündelt alle Initiativen nach strategischen Wertströmen und priorisiert kontinuierlich nach Kundennutzen und Geschäftswert. Es wird iterativ geplant, visualisiert (z.B. Kanban) und regelmäßig umpriorisiert, um schnell auf Veränderungen reagieren zu können.",Erklären Sie die Merkmale eines agilen Portfolios 
"04.03.02 Governance, Strukturen und Prozesse",Erklären Sie die Merkmale eines agilen Portfolios ,"Ein agiles Portfolio bündelt alle Initiativen nach strategischen Wertströmen und priorisiert kontinuierlich nach Kundennutzen und Geschäftswert. Es wird iterativ geplant, visualisiert (z.B. Kanban) und regelmäßig umpriorisiert, um schnell auf Veränderungen reagieren zu können.",Erklären Sie die Merkmale eines agilen Portfolios 
"04.03.02 Governance, Strukturen und Prozesse",Erklären Sie die Merkmale eines agilen Portfolios ,"Ein agiles Portfolio bündelt alle Initiativen nach strategischen Wertströmen und priorisiert kontinuierlich nach Kundennutzen und Geschäftswert. Es wird iterativ geplant, visualisiert (z.B. Kanban) und regelmäßig umpriorisiert, um schnell auf Veränderungen reagieren zu können.",Erklären Sie die Merkmale eines agilen Portfolios 
"04.03.02 Governance, Strukturen und Prozesse",Erklären Sie die Merkmale eines agilen Portfolios ,"Ein agiles Portfolio bündelt alle Initiativen nach strategischen Wertströmen und priorisiert kontinuierlich nach Kundennutzen und Geschäftswert. Es wird iterativ geplant, visualisiert (z.B. Kanban) und regelmäßig umpriorisiert, um schnell auf Veränderungen reagieren zu können.",Erklären Sie die Merkmale eines agilen Portfolios 
"04.03.02 Governance, Strukturen und Prozesse",Erklären Sie die Merkmale eines agilen Portfolios ,"Ein agiles Portfolio bündelt alle Initiativen nach strategischen Wertströmen und priorisiert kontinuierlich nach Kundennutzen und Geschäftswert. Es wird iterativ geplant, visualisiert (z.B. Kanban) und regelmäßig umpriorisiert, um schnell auf Veränderungen reagieren zu können.",Erklären Sie die Merkmale eines agilen Portfolios 
"04.03.02 Governance, Strukturen und Prozesse",Erklären Sie die Merkmale eines agilen Portfolios ,"Ein agiles Portfolio bündelt alle Initiativen nach strategischen Wertströmen und priorisiert kontinuierlich nach Kundennutzen und Geschäftswert. Es wird iterativ geplant, visualisiert (z.B. Kanban) und regelmäßig umpriorisiert, um schnell auf Veränderungen reagieren zu können.",Erklären Sie die Merkmale eines agilen Portfolios 
"04.03.02 Governance, Strukturen und Prozesse",Erklären Sie die Merkmale eines agilen Portfolios ,"Ein agiles Portfolio bündelt alle Initiativen nach strategischen Wertströmen und priorisiert kontinuierlich nach Kundennutzen und Geschäftswert. Es wird iterativ geplant, visualisiert (z.B. Kanban) und regelmäßig umpriorisiert, um schnell auf Veränderungen reagieren zu können.",Erklären Sie die Merkmale eines agilen Portfolios 
"04.03.02 Governance, Strukturen und Prozesse",Erklären Sie die Merkmale eines agilen Portfolios ,"Ein agiles Portfolio bündelt alle Initiativen nach strategischen Wertströmen und priorisiert kontinuierlich nach Kundennutzen und Geschäftswert. Es wird iterativ geplant, visualisiert (z.B. Kanban) und regelmäßig umpriorisiert, um schnell auf Veränderungen reagieren zu können.",Erklären Sie die Merkmale eines agilen Portfolios 
"04.03.02 Governance, Strukturen und Prozesse",Erklären Sie die Merkmale eines agilen Portfolios ,"Ein agiles Portfolio bündelt alle Initiativen nach strategischen Wertströmen und priorisiert kontinuierlich nach Kundennutzen und Geschäftswert. Es wird iterativ geplant, visualisiert (z.B. Kanban) und regelmäßig umpriorisiert, um schnell auf Veränderungen reagieren zu können.",Erklären Sie die Merkmale eines agilen Portfolios 
"04.03.02 Governance, Strukturen und Prozesse",Erklären Sie die Merkmale eines agilen Portfolios ,"Ein agiles Portfolio bündelt alle Initiativen nach strategischen Wertströmen und priorisiert kontinuierlich nach Kundennutzen und Geschäftswert. Es wird iterativ geplant, visualisiert (z.B. Kanban) und regelmäßig umpriorisiert, um schnell auf Veränderungen reagieren zu können.",Erklären Sie die Merkmale eines agilen Portfolios 
"04.03.02 Governance, Strukturen und Prozesse",Erklären Sie die Merkmale eines agilen Portfolios ,"Ein agiles Portfolio bündelt alle Initiativen nach strategischen Wertströmen und priorisiert kontinuierlich nach Kundennutzen und Geschäftswert. Es wird iterativ geplant, visualisiert (z.B. Kanban) und regelmäßig umpriorisiert, um schnell auf Veränderungen reagieren zu können.",Erklären Sie die Merkmale eines agilen Portfolios 
"04.03.02 Governance, Strukturen und Prozesse",Erklären Sie die Merkmale eines agilen Portfolios ,"Ein agiles Portfolio bündelt alle Initiativen nach strategischen Wertströmen und priorisiert kontinuierlich nach Kundennutzen und Geschäftswert. Es wird iterativ geplant, visualisiert (z.B. Kanban) und regelmäßig umpriorisiert, um schnell auf Veränderungen reagieren zu können.",Erklären Sie die Merkmale eines agilen Portfolios 
"04.03.02 Governance, Strukturen und Prozesse",Erklären Sie die Merkmale eines agilen Portfolios ,"Ein agiles Portfolio bündelt alle Initiativen nach strategischen Wertströmen und priorisiert kontinuierlich nach Kundennutzen und Geschäftswert. Es wird iterativ geplant, visualisiert (z.B. Kanban) und regelmäßig umpriorisiert, um schnell auf Veränderungen reagieren zu können.",Erklären Sie die Merkmale eines agilen Portfolios 
04.03.04 Macht und Interessen,"Ein Projekt hat die Verlegung einer Überlandstromleitung von Norddeutschland nach Süddeutschland zum Ziel. Benennen sie drei 3 Stakeholder, die einen berechtigten Einfluss auf das Projekt nehmen können  ","1.Bundesnetzagentur (BNetzA): Als Regulierungsbehörde genehmigt sie Planfeststellungen und überwacht den Netzausbau gemäß NABEG.​
2.Übertragungsnetzbetreiber (z. B. Tennet, Amprion): Sie planen und bauen die Leitung als Projektträger aus.​
3.Betroffene Anwohner und Umweltverbände: Sie haben Einfluss durch Beteiligungsrechte, Klagen und Akzeptanzfragen zu Trassenverläufen.​
4. Gemeinden,  Komunnen, Ministerien ",
04.03.04 Macht und Interessen,In welcher Analyse werden Macht und und Interessen der am Projekt beteiligten Personen identifiziert?,"Stakeholder Analyse (Kraftfeldanalyse, Stakeholdermatrix) - Seite 55: Ziel der Kraftfeldanalyse ist die Darstellung der Wirkungsweise der Stakeholder in Abhängigkeit
von deren Macht/Einfluss und Wirkung auf das Projekt, welche hemmend bzw. unterstützend
sein kann. ""Sie kann zusätzlich
zur Stakeholderanalyse eingesetzt werden.""",
04.03.04 Macht und Interessen,Stakeholder haben persönliche Ambitionen und Interessen und versuchen diese durchzusetzen. Welche Vorgehensweise und Eigenschaften (nicht Begegnungsstrategien) sind hilfreich für den Umgang mit Erwartungen und Interessen der Stakeholder aus der Sicht des Projektleiters? Nennen Sie drei (3) Vorgehensweisen oder Eigenschaften.,"1. Empathie zeigen:  Verstehen der persönlichen Interessen und Anliegen der Stakeholder, 
2.Konfliktmanagement anwenden: Sachlich mit Spannungen umgehen und Lösungen anbieten, 
3. Klare Kommunikation: Erwartungen und Projektziele transparent darstellen, um Missverständnisse zu vermeiden.","Bedürfnisse beschreiben grundlegende Interessen, etwa den Wunsch nach Verlässlichkeit, Transparenz oder Qualität. Anforderungen sind daraus abgeleitete, überprüfbare Bedingungen, wie z. B. die Einhaltung bestimmter Normen, Liefertermine oder Budgetgrenzen. Erwartungen schließlich beziehen sich auf die Vorstellungen, die Stakeholder an das Projekt oder die Zusammenarbeit knüpfen, z. B. einen fairen Umgang, proaktive Kommunikation oder Innovationskraft

Identifizieren, Moderieren, Führen"
04.03.04 Macht und Interessen,"Warum sollte der Einzelne die informellen Kanäle und persönlichen Beziehungen im Unternehmen berücksichtigen? 
a) Um Potenziale hinsichtlich der Projektdurchführung erkennen zu können 
b) Die Einflussnahme auf Entscheidungen durch persönliche Beziehungen ist eine gängige Vorgehensweise 
c) Um die Projektziele anzupassen. 
d) Projektrisiken können durch diese Vorgehensweise minimiert werden. ",a) Um Potenziale hinsichtlich der Projektdurchführung erkennen zu können ,"   Warum sollte der Einzelne die informellen Kanäle und persönlichen Beziehungen im Unternehmen berücksichtigen? Analyse nach ICB 4.0
Im Kontext der **IPMA Individual Competence Baseline 4.0** ist die Berücksichtigung informeller Kanäle und persönlicher Beziehungen durch das Kompetenzelement **""Macht und Interessen""** (Perspective 4) verankert. Dieses Kompetenzelement gehört zu den Kontextkompetenzen (Perspective) und beschreibt, wie informelle Einflüsse, die aus persönlichen Ambitionen, Interessen und Beziehungen entstehen, mit dem Projektkontext zusammenhängen.
    Das Kompetenzelement ""Macht und Interessen"" in der ICB 4.0
**Definition:** Der Einzelne muss die informellen persönlichen und Gruppeninteressen sowie die daraus resultierende Politik und den Einsatz von Macht erkennen und verstehen. Diese informellen Einflüsse unterscheiden sich von formellen Interessen wie Business Cases, Strategien oder Rechtsgrundlagen.
**Zweck:** Die Kompetenz versetzt den Einzelnen in die Lage, Machtverhältnisse und Interessenslagen zu erkennen und Techniken zur gezielten Ausübung von Macht und Interesse anzuwenden, um Stakeholder zufriedenzustellen und vereinbarte Ergebnisse innerhalb des zeitlichen und finanziellen Rahmens zu liefern.[4]
    Bewertung der Antwortoptionen nach ICB 4.0
**Die korrekte Antwort ist b)**: Die Einflussnahme auf Entscheidungen durch persönliche Beziehungen ist eine gängige Vorgehensweise.
     Begründung anhand der ICB 4.0-Kompetenzindikatoren:
Das Kompetenzelement ""Macht und Interessen"" definiert drei zentrale Kompetenzindikatoren:[5][4]
**1. Persönliche Ambitionen und Interessen Dritter beurteilen und zum Nutzen des Projekts verwenden**
- Stakeholder haben nicht nur formale Anforderungen, sondern persönliche Ambitionen und Interessen[4]
- Sie versuchen ihren Einfluss geltend zu machen, um Prozesse und Ergebnisse des Projekts ihren Interessen entsprechend zu gestalten[4]

**2. Informellen Einfluss von Einzelpersonen und Personengruppen beurteilen und zum Nutzen des Projekts verwenden**
- Ein großer Teil des Einflusses entsteht durch informelle Macht, die nicht in formelle Rollen, Strukturen und Prozesse festgeschrieben ist[4]
- Informeller Einfluss muss von formellem Einfluss unterschieden werden[4]
- Menschen können aus verschiedenen Gründen Einfluss nehmen: durch Zwang, Belohnung, Identifikation oder Wissen[4]

**3. Persönlichkeiten und Arbeitsstile Dritter beurteilen und zum Nutzen des Projekts einsetzen**

    Warum ist Antwort b) die präziseste?

Die ICB 4.0 beschreibt explizit, dass informelle Macht zeigt sich ""in der Art, wie Entscheidungen tatsächlich getroffen werden, wer Einfluss auf die Meinungsbildung hat"". Die Einflussnahme durch persönliche Beziehungen auf Entscheidungen ist somit nicht nur eine gängige Vorgehensweise, sondern eine reale organisationale Dynamik, die Projektmanager verstehen und navigieren müssen.[6][5][4]

    Bewertung der anderen Optionen:

**a) Um Potenziale hinsichtlich der Projektdurchführung erkennen zu können**
- Zwar indirekt zutreffend, aber nicht der Hauptzweck nach ICB 4.0
- Das Erkennen von Potenzialen ist eher ein Nebeneffekt der Kenntnis informeller Strukturen

**c) Um die Projektziele anzupassen**
- Nicht im Fokus des Kompetenzelements ""Macht und Interessen""
- Projektziele werden durch formelle Prozesse definiert und angepasst

**d) Projektrisiken können durch diese Vorgehensweise minimiert werden**
- Ebenfalls nur indirekt zutreffend
- Das Risikomanagement ist ein eigenes Kompetenzelement (Practice 11: ""Chancen und Risiken"")[2][7]

    Praktische Bedeutung für Projektmanager

Ein Projektmanager, der die informellen Netzwerke und Machtzentren versteht, kann:[6]
- Effektiver kommunizieren
- Konflikte besser schlichten
- Das Team auf gemeinsame Ziele ausrichten
- Entscheidungen realistischer einschätzen und beeinflussen

**Fazit:** Nach ICB 4.0 ist die Berücksichtigung informeller Kanäle und persönlicher Beziehungen primär deshalb wichtig, weil Entscheidungen in Organisationen maßgeblich durch informelle Machtstrukturen und persönliche Beziehungen beeinflusst werden. 
"
04.03.04 Macht und Interessen,"Welches Interesse kann einem unternehmensexternen Stakeholder zugeordnet werden?
a) kompetente und rasche Projektinformation 
b) monatliche Information über den Projektfortschritt 
c) einfache Handhabung der Internetseite des Projekts 
d) Reduktion der laufenden Betriebskosten beim Lieferanten ",a) kompetente und rasche Projektinformation ,
04.03.04 Macht und Interessen,"Ein Projekt hat die Verlegung einer Überlandstromleitung von Norddeutschland nach Süddeutschland zum Ziel. Benennen sie drei 3 Stakeholder, die einen berechtigten Einfluss auf das Projekt nehmen können  ","1.Bundesnetzagentur (BNetzA): Als Regulierungsbehörde genehmigt sie Planfeststellungen und überwacht den Netzausbau gemäß NABEG.​
2.Übertragungsnetzbetreiber (z. B. Tennet, Amprion): Sie planen und bauen die Leitung als Projektträger aus.​
3.Betroffene Anwohner und Umweltverbände: Sie haben Einfluss durch Beteiligungsrechte, Klagen und Akzeptanzfragen zu Trassenverläufen.​
4. Gemeinden,  Komunnen, Ministerien ","Ein Projekt hat die Verlegung einer Überlandstromleitung von Norddeutschland nach Süddeutschland zum Ziel. Benennen sie drei 3 Stakeholder, die einen berechtigten Einfluss auf das Projekt nehmen können  "
04.03.04 Macht und Interessen,In welcher Analyse werden Macht und und Interessen der am Projekt beteiligten Personen identifiziert?,"Stakeholder Analyse (Kraftfeldanalyse, Stakeholdermatrix) - Seite 55: Ziel der Kraftfeldanalyse ist die Darstellung der Wirkungsweise der Stakeholder in Abhängigkeit
von deren Macht/Einfluss und Wirkung auf das Projekt, welche hemmend bzw. unterstützend
sein kann. ""Sie kann zusätzlich
zur Stakeholderanalyse eingesetzt werden.""",In welcher Analyse werden Macht und und Interessen der am Projekt beteiligten Personen identifiziert?
04.03.04 Macht und Interessen,Stakeholder haben persönliche Ambitionen und Interessen und versuchen diese durchzusetzen. Welche Vorgehensweise und Eigenschaften (nicht Begegnungsstrategien) sind hilfreich für den Umgang mit Erwartungen und Interessen der Stakeholder aus der Sicht des Projektleiters? Nennen Sie drei (3) Vorgehensweisen oder Eigenschaften.,"1. Empathie zeigen:  Verstehen der persönlichen Interessen und Anliegen der Stakeholder, 
2.Konfliktmanagement anwenden: Sachlich mit Spannungen umgehen und Lösungen anbieten, 
3. Klare Kommunikation: Erwartungen und Projektziele transparent darstellen, um Missverständnisse zu vermeiden.",Stakeholder haben persönliche Ambitionen und Interessen und versuchen diese durchzusetzen. Welche Vorgehensweise und Eigenschaften (nicht Begegnungsstrategien) sind hilfreich für den Umgang mit Erwartungen und Interessen der Stakeholder aus der Sicht des Projektleiters? Nennen Sie drei (3) Vorgehensweisen oder Eigenschaften.
04.03.04 Macht und Interessen,"Warum sollte der Einzelne die informellen Kanäle und persönlichen Beziehungen im Unternehmen berücksichtigen? 
a) Um Potenziale hinsichtlich der Projektdurchführung erkennen zu können 
b) Die Einflussnahme auf Entscheidungen durch persönliche Beziehungen ist eine gängige Vorgehensweise 
c) Um die Projektziele anzupassen. 
d) Projektrisiken können durch diese Vorgehensweise minimiert werden. ",a) Um Potenziale hinsichtlich der Projektdurchführung erkennen zu können ,"Warum sollte der Einzelne die informellen Kanäle und persönlichen Beziehungen im Unternehmen berücksichtigen? 
a) Um Potenziale hinsichtlich der Projektdurchführung erkennen zu können 
b) Die Einflussnahme auf Entscheidungen durch persönliche Beziehungen ist eine gängige Vorgehensweise 
c) Um die Projektziele anzupassen. 
d) Projektrisiken können durch diese Vorgehensweise minimiert werden. "
04.03.04 Macht und Interessen,"Welches Interesse kann einem unternehmensexternen Stakeholder zugeordnet werden?
a) kompetente und rasche Projektinformation 
b) monatliche Information über den Projektfortschritt 
c) einfache Handhabung der Internetseite des Projekts 
d) Reduktion der laufenden Betriebskosten beim Lieferanten ",a) kompetente und rasche Projektinformation ,"Welches Interesse kann einem unternehmensexternen Stakeholder zugeordnet werden?
a) kompetente und rasche Projektinformation 
b) monatliche Information über den Projektfortschritt 
c) einfache Handhabung der Internetseite des Projekts 
d) Reduktion der laufenden Betriebskosten beim Lieferanten "
04.03.04 Macht und Interessen,"Warum sollte der Einzelne die informellen Kanäle und persönlichen Beziehungen im Unternehmen berücksichtigen? 
a) Um Potenziale hinsichtlich der Projektdurchführung erkennen zu können 
b) Die Einflussnahme auf Entscheidungen durch persönliche Beziehungen ist eine gängige Vorgehensweise 
c) Um die Projektziele anzupassen. 
d) Projektrisiken können durch diese Vorgehensweise minimiert werden. ",a) Um Potenziale hinsichtlich der Projektdurchführung erkennen zu können ,"Warum sollte der Einzelne die informellen Kanäle und persönlichen Beziehungen im Unternehmen berücksichtigen? 
a) Um Potenziale hinsichtlich der Projektdurchführung erkennen zu können 
b) Die Einflussnahme auf Entscheidungen durch persönliche Beziehungen ist eine gängige Vorgehensweise 
c) Um die Projektziele anzupassen. 
d) Projektrisiken können durch diese Vorgehensweise minimiert werden. "
04.03.04 Macht und Interessen,"Welches Interesse kann einem unternehmensexternen Stakeholder zugeordnet werden?
a) kompetente und rasche Projektinformation 
b) monatliche Information über den Projektfortschritt 
c) einfache Handhabung der Internetseite des Projekts 
d) Reduktion der laufenden Betriebskosten beim Lieferanten ",a) kompetente und rasche Projektinformation ,"Welches Interesse kann einem unternehmensexternen Stakeholder zugeordnet werden?
a) kompetente und rasche Projektinformation 
b) monatliche Information über den Projektfortschritt 
c) einfache Handhabung der Internetseite des Projekts 
d) Reduktion der laufenden Betriebskosten beim Lieferanten "
04.03.04 Macht und Interessen,"Ein Projekt hat die Verlegung einer Überlandstromleitung von Norddeutschland nach Süddeutschland zum Ziel. Benennen sie drei 3 Stakeholder, die einen berechtigten Einfluss auf das Projekt nehmen können  ","1.Bundesnetzagentur (BNetzA): Als Regulierungsbehörde genehmigt sie Planfeststellungen und überwacht den Netzausbau gemäß NABEG.​
2.Übertragungsnetzbetreiber (z. B. Tennet, Amprion): Sie planen und bauen die Leitung als Projektträger aus.​
3.Betroffene Anwohner und Umweltverbände: Sie haben Einfluss durch Beteiligungsrechte, Klagen und Akzeptanzfragen zu Trassenverläufen.​
4. Gemeinden,  Komunnen, Ministerien ","Ein Projekt hat die Verlegung einer Überlandstromleitung von Norddeutschland nach Süddeutschland zum Ziel. Benennen sie drei 3 Stakeholder, die einen berechtigten Einfluss auf das Projekt nehmen können  "
04.03.04 Macht und Interessen,In welcher Analyse werden Macht und und Interessen der am Projekt beteiligten Personen identifiziert?,"Stakeholder Analyse (Kraftfeldanalyse, Stakeholdermatrix) - Seite 55: Ziel der Kraftfeldanalyse ist die Darstellung der Wirkungsweise der Stakeholder in Abhängigkeit
von deren Macht/Einfluss und Wirkung auf das Projekt, welche hemmend bzw. unterstützend
sein kann. ""Sie kann zusätzlich
zur Stakeholderanalyse eingesetzt werden.""",In welcher Analyse werden Macht und und Interessen der am Projekt beteiligten Personen identifiziert?
04.03.04 Macht und Interessen,Stakeholder haben persönliche Ambitionen und Interessen und versuchen diese durchzusetzen. Welche Vorgehensweise und Eigenschaften (nicht Begegnungsstrategien) sind hilfreich für den Umgang mit Erwartungen und Interessen der Stakeholder aus der Sicht des Projektleiters? Nennen Sie drei (3) Vorgehensweisen oder Eigenschaften.,"1. Empathie zeigen:  Verstehen der persönlichen Interessen und Anliegen der Stakeholder, 
2.Konfliktmanagement anwenden: Sachlich mit Spannungen umgehen und Lösungen anbieten, 
3. Klare Kommunikation: Erwartungen und Projektziele transparent darstellen, um Missverständnisse zu vermeiden.",Stakeholder haben persönliche Ambitionen und Interessen und versuchen diese durchzusetzen. Welche Vorgehensweise und Eigenschaften (nicht Begegnungsstrategien) sind hilfreich für den Umgang mit Erwartungen und Interessen der Stakeholder aus der Sicht des Projektleiters? Nennen Sie drei (3) Vorgehensweisen oder Eigenschaften.
04.03.04 Macht und Interessen,"Warum sollte der Einzelne die informellen Kanäle und persönlichen Beziehungen im Unternehmen berücksichtigen? 
a) Um Potenziale hinsichtlich der Projektdurchführung erkennen zu können 
b) Die Einflussnahme auf Entscheidungen durch persönliche Beziehungen ist eine gängige Vorgehensweise 
c) Um die Projektziele anzupassen. 
d) Projektrisiken können durch diese Vorgehensweise minimiert werden. ",a) Um Potenziale hinsichtlich der Projektdurchführung erkennen zu können ,"Warum sollte der Einzelne die informellen Kanäle und persönlichen Beziehungen im Unternehmen berücksichtigen? 
a) Um Potenziale hinsichtlich der Projektdurchführung erkennen zu können 
b) Die Einflussnahme auf Entscheidungen durch persönliche Beziehungen ist eine gängige Vorgehensweise 
c) Um die Projektziele anzupassen. 
d) Projektrisiken können durch diese Vorgehensweise minimiert werden. "
04.03.04 Macht und Interessen,"Welches Interesse kann einem unternehmensexternen Stakeholder zugeordnet werden?
a) kompetente und rasche Projektinformation 
b) monatliche Information über den Projektfortschritt 
c) einfache Handhabung der Internetseite des Projekts 
d) Reduktion der laufenden Betriebskosten beim Lieferanten ",a) kompetente und rasche Projektinformation ,"Welches Interesse kann einem unternehmensexternen Stakeholder zugeordnet werden?
a) kompetente und rasche Projektinformation 
b) monatliche Information über den Projektfortschritt 
c) einfache Handhabung der Internetseite des Projekts 
d) Reduktion der laufenden Betriebskosten beim Lieferanten "
04.04.03 Persönliche Kommunikation,"Beschreiben Sie zwei (2) Techniken, die eine offene Kommunikation fördern.","- Partner/in aussprechen lassen
- Gesagtes aufgreifen
- offene Körperhaltung
- angemessener Blickkontakt
- aktives Zuhören
- Offene Fragen
",
04.04.03 Persönliche Kommunikation,Erkläre das 4-Ohren-Prinzip!,"Das 4-Ohren-Prinzip von Friedemann Schulz von Thun besagt, dass jede Nachricht vier Ebenen hat:
1.Sachinhalt (Fakten)
2.Selbstoffenbarung (was der Sender über sich preisgibt)
3.Beziehung (wie der Sender zum Empfänger steht)
4.Appell (was der Sender erreichen will).
Jede Nachricht enthält 4 Botschaften gleichzeitig. Empfänger können auf einer oder mehreren Ebenen empfangen und interpretieren, was zu Missverständnissen führen kann.",
04.04.03 Persönliche Kommunikation,"Erklären Sie den Begriff ""asynchrone Kommunikation"" ","Asynchrone Kommunikation erfolgt zeitversetzt, ohne gleichzeitige Präsenz der Beteiligten (z. B. E-Mail, Chat-Nachrichten). Sie ermöglicht flexible, reflektierte Interaktionen, ideal für verteilte Teams im Projektmanagement.",
04.04.03 Persönliche Kommunikation,Erläutern Sie die Bedeutung aller geschlossenen und einer offenen Frage. ,"Geschlossene Fragen
Fordern präzise, begrenzte Antworten (z. B. Ja/Nein, Multiple Choice) und eignen sich zur schnellen Faktenabfrage, Bestätigung oder quantitativen Auswertung. Sie lenken Gespräche und minimieren Interpretationsspielraum.​
Offene Frage
Ermöglichen freie, detaillierte Antworten (z. B. W-Fragen: Warum? Wie?) und dienen der Erkundung von Meinungen, Motiven oder neuen Ideen. Sie fördern Dialog und tiefere Einblicke.",
04.04.03 Persönliche Kommunikation,Nenne 2 Agendapunkte eines Projektmeetings!,"Statusupdate: Überblick über den aktuellen Projektfortschritt, erledigte Aufgaben, offene Punkte und Meilensteine.
Risikobewertung: Identifikation neuer Risiken und Diskussion von Maßnahmen zur Risikominderung.
Aufgabenverteilung: Klärung von Verantwortlichkeiten und Deadlines.
Nächste Schritte: Planung und Festlegung der weiteren Vorgehensweise.",
04.04.03 Persönliche Kommunikation,Nenne 2 Moderationsarten,"Brainwriting: Teilnehmer schreiben Ideen still auf, bevor sie in der Gruppe diskutiert werden.
Metaplan-Technik: Ideen werden auf Karten gesammelt, geordnet und visualisiert.
World Café: Diskussionsrunden in Kleingruppen mit wechselnden Teilnehmern.
Blitzlicht: Jeder äußert kurz seine Meinung oder Ideen nacheinander.
Fishbowl: Kleine Gruppe diskutiert im Kreis, andere beobachten und greifen bei Bedarf ein.
/
Entscheidungsmoderation
Konfliktmoderation
Informationsmoderation
Meinungsbildungsmoderation
Kreativitätsmoderation
Problemlösungsmoderation
Maßnahmen-/Umsetzungsmoderation
Erfahrungs-/Reflexionsmoderation","Im Projektmanagement spricht man nicht typischerweise von „direkter“ und „indirekter Moderation“ als festen Moderationsarten. Vielmehr sind dies eher Unterscheidungen im Führungs‑ bzw. Kommunikationsstil, nicht etablierte Fachbegriffe der Moderationslehre.
Wie sind „direkte“ und „indirekte“ Moderation gemeint?
	•	Direkte Moderation: Der Moderator führt offen, klar strukturierend, gibt Rahmen, Ziele und Regeln vor, moderiert aktiv Schritte und Ergebnisse (z. B. Agenda‑Führung, klare Zeitsteuerung, klare Rollen im Projektmeeting).
	•	Indirekte Moderation: Der Moderator wirkt eher zurückhaltend, lenkt Prozesse durch Atmosphäre, indirekte Impulse oder Fragen, ohne formal zu „steuern“ (z. B. implizite Steuerung über Fragetechnik, Setting, Sozial‑/Gruppendynamik).
Was ist im Projektmanagement korrekt?
Im Projektmanagement sind Methoden und Techniken der Moderation (z. B. Leitfaden, Agenda‑Moderation, Visualisierung, Bewusstwerden, Feedbackrunden) relevant, nicht „direkte/indirekte Moderation“ als offizielle Kategorien.Korrekt wäre also:
	•	Einen moderativen Führungsstil (aktiv‑direkt vs. zurückhaltend‑indirekt) zu beschreiben,
	•	aber nicht zu sagen, es gäbe im Projektmanagement zwei offizielle „Moderationsarten“ namens „direkte“ und „indirekte Moderation“."
04.04.03 Persönliche Kommunikation,Nenne mindestens 4 der 7 W-Fragen?,"Wer? (Frage nach Personen/Beteiligten)
Was? (Frage nach dem Geschehen/Inhalt)
Wo? (Frage nach dem Ort)
Wann? (Frage nach dem Zeitpunkt)
Wie? (Frage nach der Art und Weise)
Warum? (Frage nach dem Grund)
Woher? (Frage nach der Informationsquelle)",
04.04.03 Persönliche Kommunikation,"Nennen sie 3 Besprechungsarten 
","a) Diskussion
b) Dialog
c) Verhandlung
d) Retrospektive 
e) Daily scrum / Stand up Meeting",
04.04.03 Persönliche Kommunikation,Nennen Sie Beispiele für offene und geschlossene Fragen!,"Offene Fragen:
Was sind Ihre Gedanken zu diesem Thema?
Wie haben Sie Ihren letzten Urlaub verbracht?
Welche Herausforderungen haben Sie in Ihrem Beruf erlebt?
Warum haben Sie sich für dieses Studium entschieden?
Wie würden Sie Ihre ideale Arbeitsumgebung beschreiben?

Geschlossene Fragen:
Haben Sie heute schon gefrühstückt?
War der Film, den Sie gestern gesehen haben, gut?
Sind Sie mit dem Ergebnis zufrieden?
Möchten Sie Kaffee oder Tee?
Haben Sie schon einmal in Berlin gelebt?",Fragetechniken
04.04.03 Persönliche Kommunikation,Nennen Sie die vier Ebenen des 4*Ohren Modells.,"Sachebene
Selbstoffenbarung
Appell
Beziehung
",
04.04.03 Persönliche Kommunikation,Nennen Sie drei (3) der fünf (5) Axiome von Paul Watzlawick.,"1. Man kann nicht nicht kommunizieren.: jede Handlung ist Kommunikation, auch Schweigen. 
2. Jede Kommunikation hat eine Inhalts- und Beziehungsaspekt: der Inhalt vermittelt die Infomation, die Beziehungsebene zeigt, wie die Botschaft zu verstehen ist. 
3. Kommunikation ist immer Ursache und Wirkung. jede Reaktion beeinflusst die nächste Handlung.","1) Basis der Interaktion – Man kann nicht nicht kommunizieren
2) Inhalts & Beziehungsaspekt – Jede Botschaft transportiert auch einen Beziehungs-Inhalt
3) Ursache & Wirkung – Interpunktion – Kommunikation dreht sich im Kreis.
4) Modalitäten digital & analog – Kommunikation ist verbal und non-verbal.
5) Beziehungsstrukturen – symmetrisch & komplementär. Kommunikation auf Augenhöhe oder Hirachie gebunden."
04.04.03 Persönliche Kommunikation,Nennen Sie drei (3) Kommunikationsgrundsätze für Web-Meetings.,"Netiquette:
Pünktlichkeit
Kamera an
Mikro aus, wenn nichts gesagt wird
Aktives Zuhören
Hand heben
Abwesenheit mit Notiz

Alternative:
Einhaltung der Netiquette; Teamfähigkeit der beteiligten Personen; ausreden lassen;  geklärte Rollen; klar definierte Ziele/ Aufgaben/ Ergebnisse; rechtzeitig vorab eine Agenda verschicken; gute technische Verbindungen
","Für die Zusammenarbeit virtueller Teams möchten wir einige Grundsätze der persönlichen Kommunikationsregeln nennen bzw. als Wiederholung (s. vorherige Kapitel) aufführen: • aktiv zuhören, • Unterschiede zwischen Wahrnehmen, Vermuten und Reagieren beachten, • verdeckte Kommunikation vermeiden, Transparenz schaffen, • Blickkontakt herstellen, beim Sprechen in die Kamera schauen, • in der Ich-Form sprechen, • Empfindungen und Beobachtungen statt Schuldzuweisungen äußern, • nicht verallgemeinern, • Ausschweifungen vermeiden, • klare Aussprache pflegen, • Gehörtes mit eigenen Worten bestätigen, • Feedback geben und nehmen (wenn vereinbart) • 50/10-Regel: Alle 50 Minuten wird eine Pause von 10 Minuten eingehalten. Das entspannt und gibt genügend Erholung und erneute Konzentrationsfähigkeit, um auch lange Meetings produktiv und mit Spaß durchzuführen."
04.04.03 Persönliche Kommunikation,Nennen Sie für die Kommunikationstheorie Schulz von Thun aus der Sichtweise des Senders die vier Seiten einer Nachricht anhand eines Beispiels. ,"Aussage: Du hast mich mit deinem Beitrag zur Präsentation super unterstützt!
•	Sachaspekt: Ich bekomme die volle Unterstützung im Projekt mit diesem Beitrag.
•	Beziehungsaspekt: Du bist ein wertvolles Teammitglied für mich.
•	Selbstaussage: Ich freue mich über deine Beteiligung.
•	Appell: Mach weiter so!

Aussage: Da vorne ist Grün.
Sach-Ohr: Die Ampel zeigt Grün, Selbstkunde Ohr: ich habe es eilig, BeziehungsOhr: Ich kontrolliere dich, Appell Ohr: Gib Gas!",
04.04.03 Persönliche Kommunikation,Nennen Sie vier (4) Seiten einer Nachricht nach Schulz von Thun.,"1.Sachinhalt (Fakten)
2.Selbstoffenbarung (was der Sender über sich preisgibt)
3.Beziehung (wie der Sender zum Empfänger steht)
4.Appell (was der Sender erreichen will).",
04.04.03 Persönliche Kommunikation,Nennen Sie zwei (2) Bestandteile einer Besprechung.,"Agenda: Klare Themen und Ziele der Besprechung.
Protokoll: Dokumentation der Ergebnisse und Beschlüsse.",
04.04.03 Persönliche Kommunikation,Nennen Sie zwei (2) Moderationstechniken.,"1. Brainstorming: Ideen sammeln und strukturieren. 2.Mind-Mapping: Visuelle Darstellung von Zusammenhängen und Themen.
Blitzlicht: Der Moderator stellt eine prägnante Frage, die von jedem Teilnehmer kurz beantwortet wird.
Ein-Punkt-Frage: Teilnehmer platzieren einen Klebepunkt auf einer vorbereiteten Skala, um ihre Einschätzung zu einer Frage abzugeben",
04.04.03 Persönliche Kommunikation,Was gehört zur offenen Kommunikation? Welche Techniken sollten eingesetzt werden? ,"Offene Kommunikation bedeutet den freien Austausch von Informationen, Gedanken und Gefühlen in einer Atmosphäre von Vertrauen und Transparenz.
Aktives Zuhören: Aufmerksam auf das Gesagte eingehen und Interesse zeigen.
Empathie: Verständnis für die Perspektiven anderer zeigen.
Klarheit: Eindeutige und präzise Botschaften formulieren.
Feedback: Konstruktiv geben und annehmen.",
04.04.03 Persönliche Kommunikation,Was sind die vier (4) Schritte des aktiven Zuhörens?,"1. Zuhören
2. Beobachten
3. Verstehen
4. Rückmelden
","a. Zuhören (Aufmerksam ohne Unterbrechung)
b. Beobachten (Non-verbale Signale wahrnehmen)
c. Verstehen (Tiefere Bedeutung erfassen)
d. Rückmelden (Paraphrasieren, zusammenfassen)"
04.04.03 Persönliche Kommunikation,Was sind Web-Meetings und wie werden diese durchgeführt?,"Web-Meetings sind zeitgleiche Online-Besprechungen, die mithilfe digitaler Kommunikationstechnologien durchgeführt werden. Sie erfordern klare Ziele, strukturierte Vorbereitung, aktive Moderation und dokumentierte Ergebnisse, da persönliche Interaktion eingeschränkt ist.","Es handelt sich um Besprechungen, die per Video-Call abgehalten werden. Ein Moderator (meist auch der Präsentierende) teilt seinen Bildschirm und leitet die Kommunikation. Teilnehmer sind per Bildübertragung zugeschaltet und schalten ihr Mikrofon für eigene Wortmeldungen vorübergehend aktiv."
04.04.03 Persönliche Kommunikation,Was versteht man unter asynchroner Kommunikation?,"Die Kommunikation ist zeitversetzt, z.B. per Brief, Fax oder e-mail. Synchrone Kommunikation findet zeitgleich statt, z.B. Gespräch von Angesicht zu Angesicht oder per Telefon.","Es handelt sich um Besprechungen, die per Video-Call abgehalten werden. Ein Moderator (meist auch der Präsentierende) teilt seinen Bildschirm und leitet die Kommunikation. Teilnehmer sind per Bildübertragung zugeschaltet und schalten ihr Mikrofon für eigene Wortmeldungen vorübergehend aktiv."
04.04.03 Persönliche Kommunikation,Was wird unter dem Eisbergmodell verstanden? Welche Auswirkungen hat das Modell auf Ihr Projekt?,"Etwa 20% der Kommunikation laufen über die Sachebene ab, sind sichtbar, 80% der Kommunkikation dagegen ""unsichtbar"" über die Gefühlsebene.
/
Nur 20% finden auf der Sachabene statt. Das Eisbergmodell beschreibt, dass Kommunikation zu einem großen Teil auf einer unsichtbaren Beziehungsebene stattfindet. 

Im Projektmanagement hilft es, Konflikte, Widerstände und Missverständnisse besser zu verstehen und durch gezielte Kommunikation Vertrauen, Zusammenarbeit und Projekterfolg zu fördern.",
04.04.03 Persönliche Kommunikation,Was wird unter verbaler und nonverbaler Kommunikation verstanden? Geben Sie jeweils ein Beispiel und beschreiben Sie die Bedeutung im Projekt .,"Verbale Kommunikation
Umfasst gesprochene oder geschriebene Worte zur Übermittlung von Inhalten und Fakten. Beispiel: „Das Projektmeeting startet um 14 Uhr.“ 
Bedeutung im Projekt: Ermöglicht klare Anweisungen, Status-Updates und Dokumentation, reduziert Missverständnisse.​

Nonverbale Kommunikation
Beinhaltet Mimik, Gestik, Körperhaltung und Blickkontakt zur Vermittlung von Emotionen und Einstellungen. Beispiel: Offene Armhaltung beim Präsentieren. 
Bedeutung im Projekt: Stärkt Glaubwürdigkeit, baut Vertrauen auf und ergänzt Worte – oft entscheidend für Teamdynamik und Stakeholder-Interaktionen.","Alternative :a. Verbale Kommunikation = Sprache und aktives Zuhören
Paraphrasieren: das Gesagte in eigenen Worten wiederholen, um das gegenseitige Verständnis sicherzustellen,
b. Nonverbale Kommunikation = Gestik, Mimik, Körperhaltung
Blickkontakt: stellt Präsenz her (kann kulturell bedingt schwierig sein)
bestätigende Gestik: Stärkung der Beziehungsebene und Unterstützung der Botschaft
Rolle im Projekt: In einem Projekt schafft gute Kommunikation eine vertrauensvolle Atmosphäre, reduziert Missverständnisse und stärkt die Zusammenarbeit.
Die nonverbale Kommunikation kann die verbale Kommunikation ergänzen oder ihr widersprechen."
04.04.03 Persönliche Kommunikation,Wofür werden agile Spiele benutzt?,"Agile Spiele wie Marshmallow Challenge, Planning Poker, Sailboat oder LEGO Scrum dienen zur praktischen Vermittlung agiler Prinzipien. 
Sie fördern Teamarbeit, Kommunikation, iteratives Arbeiten, Selbstorganisation und helfen, komplexe Konzepte erfahrbar zu machen. 
Sie werden für Teambuilding, Training und zur Verbesserung der Zusammenarbeit eingesetzt.",
04.04.03 Persönliche Kommunikation,Worauf soll man achten beim Online-Meeting?,"Einhaltung der Netiquete, gute technische Verbindungen, einen Raum mit ruhiger Athmosphäre, gut in der Kamera sichtbar sein, Mikrofon nur aktiv schalten, wenn man etwas sagen will; ansonsten gleiche Punkte wie bei jedem Meeting: rechtzeitig vorab eine Agenda verschicken, klar definierte Ziele/ Aufgaben/ Ergebnissen des Meetings, geklärte Rollen (Moderator, Protokollant, Zeitnehmer) u.a.m.
","Beim Online-Meeting sollte man auf klare Struktur, Technik, Redezeiten, Kameranutzung, Ruhe und Datenschutz achten. Wichtig ist auch, dass Wortmeldungen eindeutig gemacht werden und Störungen möglichst gering bleiben."
04.04.03 Persönliche Kommunikation,Wofür werden agile Spiele benutzt?,"Agile Spiele wie Marshmallow Challenge, Planning Poker, Sailboat oder LEGO Scrum dienen zur praktischen Vermittlung agiler Prinzipien. Sie fördern Teamarbeit, Kommunikation, iteratives Arbeiten, Selbstorganisation und helfen, komplexe Konzepte erfahrbar zu machen. Sie werden für Teambuilding, Training und zur Verbesserung der Zusammenarbeit eingesetzt.",
04.04.03 Persönliche Kommunikation,"Beschreiben Sie zwei (2) Techniken, die eine offene Kommunikation fördern.","- Partner/in aussprechen lassen
- Gesagtes aufgreifen
- offene Körperhaltung
- angemessener Blickkontakt
- aktives Zuhören
- Offene Fragen
","Beschreiben Sie zwei (2) Techniken, die eine offene Kommunikation fördern."
04.04.03 Persönliche Kommunikation,Erkläre das 4-Ohren-Prinzip!,"Das 4-Ohren-Prinzip von Friedemann Schulz von Thun besagt, dass jede Nachricht vier Ebenen hat:
1.Sachinhalt (Fakten)
2.Selbstoffenbarung (was der Sender über sich preisgibt)
3.Beziehung (wie der Sender zum Empfänger steht)
4.Appell (was der Sender erreichen will).
Jede Nachricht enthält 4 Botschaften gleichzeitig. Empfänger können auf einer oder mehreren Ebenen empfangen und interpretieren, was zu Missverständnissen führen kann.",Erkläre das 4-Ohren-Prinzip!
04.04.03 Persönliche Kommunikation,"Erklären Sie den Begriff ""asynchrone Kommunikation"" ","Asynchrone Kommunikation erfolgt zeitversetzt, ohne gleichzeitige Präsenz der Beteiligten (z. B. E-Mail, Chat-Nachrichten). Sie ermöglicht flexible, reflektierte Interaktionen, ideal für verteilte Teams im Projektmanagement.","Erklären Sie den Begriff ""asynchrone Kommunikation"" "
04.04.03 Persönliche Kommunikation,Erläutern Sie die Bedeutung aller geschlossenen und einer offenen Frage. ,"Geschlossene Fragen
Fordern präzise, begrenzte Antworten (z. B. Ja/Nein, Multiple Choice) und eignen sich zur schnellen Faktenabfrage, Bestätigung oder quantitativen Auswertung. Sie lenken Gespräche und minimieren Interpretationsspielraum.​
Offene Frage
Ermöglichen freie, detaillierte Antworten (z. B. W-Fragen: Warum? Wie?) und dienen der Erkundung von Meinungen, Motiven oder neuen Ideen. Sie fördern Dialog und tiefere Einblicke.",Erläutern Sie die Bedeutung aller geschlossenen und einer offenen Frage. 
04.04.03 Persönliche Kommunikation,Nenne 2 Agendapunkte eines Projektmeetings!,"Statusupdate: Überblick über den aktuellen Projektfortschritt, erledigte Aufgaben, offene Punkte und Meilensteine.
Risikobewertung: Identifikation neuer Risiken und Diskussion von Maßnahmen zur Risikominderung.
Aufgabenverteilung: Klärung von Verantwortlichkeiten und Deadlines.
Nächste Schritte: Planung und Festlegung der weiteren Vorgehensweise.",Nenne 2 Agendapunkte eines Projektmeetings!
04.04.03 Persönliche Kommunikation,Nenne 2 Moderationsarten,"Brainwriting: Teilnehmer schreiben Ideen still auf, bevor sie in der Gruppe diskutiert werden.
Metaplan-Technik: Ideen werden auf Karten gesammelt, geordnet und visualisiert.
World Café: Diskussionsrunden in Kleingruppen mit wechselnden Teilnehmern.
Blitzlicht: Jeder äußert kurz seine Meinung oder Ideen nacheinander.
Fishbowl: Kleine Gruppe diskutiert im Kreis, andere beobachten und greifen bei Bedarf ein.
/
Entscheidungsmoderation
Konfliktmoderation
Informationsmoderation
Meinungsbildungsmoderation
Kreativitätsmoderation
Problemlösungsmoderation
Maßnahmen-/Umsetzungsmoderation
Erfahrungs-/Reflexionsmoderation",Nenne 2 Moderationsarten
04.04.03 Persönliche Kommunikation,Nenne mindestens 4 der 7 W-Fragen?,"Wer? (Frage nach Personen/Beteiligten)
Was? (Frage nach dem Geschehen/Inhalt)
Wo? (Frage nach dem Ort)
Wann? (Frage nach dem Zeitpunkt)
Wie? (Frage nach der Art und Weise)
Warum? (Frage nach dem Grund)
Woher? (Frage nach der Informationsquelle)",Nenne mindestens 4 der 7 W-Fragen?
04.04.03 Persönliche Kommunikation,"Nennen sie 3 Besprechungsarten 
","a) Diskussion
b) Dialog
c) Verhandlung
d) Retrospektive 
e) Daily scrum / Stand up Meeting","Nennen sie 3 Besprechungsarten 
"
04.04.03 Persönliche Kommunikation,Nennen Sie Beispiele für offene und geschlossene Fragen!,"Offene Fragen:
Was sind Ihre Gedanken zu diesem Thema?
Wie haben Sie Ihren letzten Urlaub verbracht?
Welche Herausforderungen haben Sie in Ihrem Beruf erlebt?
Warum haben Sie sich für dieses Studium entschieden?
Wie würden Sie Ihre ideale Arbeitsumgebung beschreiben?

Geschlossene Fragen:
Haben Sie heute schon gefrühstückt?
War der Film, den Sie gestern gesehen haben, gut?
Sind Sie mit dem Ergebnis zufrieden?
Möchten Sie Kaffee oder Tee?
Haben Sie schon einmal in Berlin gelebt?",Nennen Sie Beispiele für offene und geschlossene Fragen!
04.04.03 Persönliche Kommunikation,Nennen Sie die vier Ebenen des 4*Ohren Modells.,"Sachebene
Selbstoffenbarung
Appell
Beziehung
",Nennen Sie die vier Ebenen des 4*Ohren Modells.
04.04.03 Persönliche Kommunikation,Nennen Sie drei (3) der fünf (5) Axiome von Paul Watzlawick.,"1. Man kann nicht nicht kommunizieren.: jede Handlung ist Kommunikation, auch Schweigen. 
2. Jede Kommunikation hat eine Inhalts- und Beziehungsaspekt: der Inhalt vermittelt die Infomation, die Beziehungsebene zeigt, wie die Botschaft zu verstehen ist. 
3. Kommunikation ist immer Ursache und Wirkung. jede Reaktion beeinflusst die nächste Handlung.",Nennen Sie drei (3) der fünf (5) Axiome von Paul Watzlawick.
04.04.03 Persönliche Kommunikation,Nennen Sie drei (3) Kommunikationsgrundsätze für Web-Meetings.,"Netiquette:
Pünktlichkeit
Kamera an
Mikro aus, wenn nichts gesagt wird
Aktives Zuhören
Hand heben
Abwesenheit mit Notiz

Alternative:
Einhaltung der Netiquette; Teamfähigkeit der beteiligten Personen; ausreden lassen;  geklärte Rollen; klar definierte Ziele/ Aufgaben/ Ergebnisse; rechtzeitig vorab eine Agenda verschicken; gute technische Verbindungen
",Nennen Sie drei (3) Kommunikationsgrundsätze für Web-Meetings.
04.04.03 Persönliche Kommunikation,Nennen Sie für die Kommunikationstheorie Schulz von Thun aus der Sichtweise des Senders die vier Seiten einer Nachricht anhand eines Beispiels. ,"Aussage: Du hast mich mit deinem Beitrag zur Präsentation super unterstützt!
•	Sachaspekt: Ich bekomme die volle Unterstützung im Projekt mit diesem Beitrag.
•	Beziehungsaspekt: Du bist ein wertvolles Teammitglied für mich.
•	Selbstaussage: Ich freue mich über deine Beteiligung.
•	Appell: Mach weiter so!

Aussage: Da vorne ist Grün.
Sach-Ohr: Die Ampel zeigt Grün, Selbstkunde Ohr: ich habe es eilig, BeziehungsOhr: Ich kontrolliere dich, Appell Ohr: Gib Gas!",Nennen Sie für die Kommunikationstheorie Schulz von Thun aus der Sichtweise des Senders die vier Seiten einer Nachricht anhand eines Beispiels. 
04.04.03 Persönliche Kommunikation,Nennen Sie vier (4) Seiten einer Nachricht nach Schulz von Thun.,"1.Sachinhalt (Fakten)
2.Selbstoffenbarung (was der Sender über sich preisgibt)
3.Beziehung (wie der Sender zum Empfänger steht)
4.Appell (was der Sender erreichen will).",Nennen Sie vier (4) Seiten einer Nachricht nach Schulz von Thun.
04.04.03 Persönliche Kommunikation,Nennen Sie zwei (2) Bestandteile einer Besprechung.,"Agenda: Klare Themen und Ziele der Besprechung.
Protokoll: Dokumentation der Ergebnisse und Beschlüsse.",Nennen Sie zwei (2) Bestandteile einer Besprechung.
04.04.03 Persönliche Kommunikation,Nennen Sie zwei (2) Moderationstechniken.,"1. Brainstorming: Ideen sammeln und strukturieren. 2.Mind-Mapping: Visuelle Darstellung von Zusammenhängen und Themen.
Blitzlicht: Der Moderator stellt eine prägnante Frage, die von jedem Teilnehmer kurz beantwortet wird.
Ein-Punkt-Frage: Teilnehmer platzieren einen Klebepunkt auf einer vorbereiteten Skala, um ihre Einschätzung zu einer Frage abzugeben",Nennen Sie zwei (2) Moderationstechniken.
04.04.03 Persönliche Kommunikation,Was gehört zur offenen Kommunikation? Welche Techniken sollten eingesetzt werden? ,"Offene Kommunikation bedeutet den freien Austausch von Informationen, Gedanken und Gefühlen in einer Atmosphäre von Vertrauen und Transparenz.
Aktives Zuhören: Aufmerksam auf das Gesagte eingehen und Interesse zeigen.
Empathie: Verständnis für die Perspektiven anderer zeigen.
Klarheit: Eindeutige und präzise Botschaften formulieren.
Feedback: Konstruktiv geben und annehmen.",Was gehört zur offenen Kommunikation? Welche Techniken sollten eingesetzt werden? 
04.04.03 Persönliche Kommunikation,Was sind die vier (4) Schritte des aktiven Zuhörens?,"1. Zuhören
2. Beobachten
3. Verstehen
4. Rückmelden
",Was sind die vier (4) Schritte des aktiven Zuhörens?
04.04.03 Persönliche Kommunikation,Was sind Web-Meetings und wie werden diese durchgeführt?,"Web-Meetings sind zeitgleiche Online-Besprechungen, die mithilfe digitaler Kommunikationstechnologien durchgeführt werden. Sie erfordern klare Ziele, strukturierte Vorbereitung, aktive Moderation und dokumentierte Ergebnisse, da persönliche Interaktion eingeschränkt ist.",Was sind Web-Meetings und wie werden diese durchgeführt?
04.04.03 Persönliche Kommunikation,Was versteht man unter asynchroner Kommunikation?,"Die Kommunikation ist zeitversetzt, z.B. per Brief, Fax oder e-mail. Synchrone Kommunikation findet zeitgleich statt, z.B. Gespräch von Angesicht zu Angesicht oder per Telefon.",Was versteht man unter asynchroner Kommunikation?
04.04.03 Persönliche Kommunikation,Was wird unter dem Eisbergmodell verstanden? Welche Auswirkungen hat das Modell auf Ihr Projekt?,"Etwa 20% der Kommunikation laufen über die Sachebene ab, sind sichtbar, 80% der Kommunkikation dagegen ""unsichtbar"" über die Gefühlsebene.
/
Nur 20% finden auf der Sachabene statt. Das Eisbergmodell beschreibt, dass Kommunikation zu einem großen Teil auf einer unsichtbaren Beziehungsebene stattfindet. 

Im Projektmanagement hilft es, Konflikte, Widerstände und Missverständnisse besser zu verstehen und durch gezielte Kommunikation Vertrauen, Zusammenarbeit und Projekterfolg zu fördern.",Was wird unter dem Eisbergmodell verstanden? Welche Auswirkungen hat das Modell auf Ihr Projekt?
04.04.03 Persönliche Kommunikation,Was wird unter verbaler und nonverbaler Kommunikation verstanden? Geben Sie jeweils ein Beispiel und beschreiben Sie die Bedeutung im Projekt .,"Verbale Kommunikation
Umfasst gesprochene oder geschriebene Worte zur Übermittlung von Inhalten und Fakten. Beispiel: „Das Projektmeeting startet um 14 Uhr.“ 
Bedeutung im Projekt: Ermöglicht klare Anweisungen, Status-Updates und Dokumentation, reduziert Missverständnisse.​

Nonverbale Kommunikation
Beinhaltet Mimik, Gestik, Körperhaltung und Blickkontakt zur Vermittlung von Emotionen und Einstellungen. Beispiel: Offene Armhaltung beim Präsentieren. 
Bedeutung im Projekt: Stärkt Glaubwürdigkeit, baut Vertrauen auf und ergänzt Worte – oft entscheidend für Teamdynamik und Stakeholder-Interaktionen.",Was wird unter verbaler und nonverbaler Kommunikation verstanden? Geben Sie jeweils ein Beispiel und beschreiben Sie die Bedeutung im Projekt .
04.04.03 Persönliche Kommunikation,Wofür werden agile Spiele benutzt?,"Agile Spiele wie Marshmallow Challenge, Planning Poker, Sailboat oder LEGO Scrum dienen zur praktischen Vermittlung agiler Prinzipien. 
Sie fördern Teamarbeit, Kommunikation, iteratives Arbeiten, Selbstorganisation und helfen, komplexe Konzepte erfahrbar zu machen. 
Sie werden für Teambuilding, Training und zur Verbesserung der Zusammenarbeit eingesetzt.",Wofür werden agile Spiele benutzt?
04.04.03 Persönliche Kommunikation,Worauf soll man achten beim Online-Meeting?,"Einhaltung der Netiquete, gute technische Verbindungen, einen Raum mit ruhiger Athmosphäre, gut in der Kamera sichtbar sein, Mikrofon nur aktiv schalten, wenn man etwas sagen will; ansonsten gleiche Punkte wie bei jedem Meeting: rechtzeitig vorab eine Agenda verschicken, klar definierte Ziele/ Aufgaben/ Ergebnissen des Meetings, geklärte Rollen (Moderator, Protokollant, Zeitnehmer) u.a.m.
",Worauf soll man achten beim Online-Meeting?
04.04.03 Persönliche Kommunikation,Wofür werden agile Spiele benutzt?,"Agile Spiele wie Marshmallow Challenge, Planning Poker, Sailboat oder LEGO Scrum dienen zur praktischen Vermittlung agiler Prinzipien. Sie fördern Teamarbeit, Kommunikation, iteratives Arbeiten, Selbstorganisation und helfen, komplexe Konzepte erfahrbar zu machen. Sie werden für Teambuilding, Training und zur Verbesserung der Zusammenarbeit eingesetzt.",Wofür werden agile Spiele benutzt?
04.04.03 Persönliche Kommunikation,Wofür werden agile Spiele benutzt?,"Agile Spiele wie Marshmallow Challenge, Planning Poker, Sailboat oder LEGO Scrum dienen zur praktischen Vermittlung agiler Prinzipien. Sie fördern Teamarbeit, Kommunikation, iteratives Arbeiten, Selbstorganisation und helfen, komplexe Konzepte erfahrbar zu machen. Sie werden für Teambuilding, Training und zur Verbesserung der Zusammenarbeit eingesetzt.",Wofür werden agile Spiele benutzt?
04.04.03 Persönliche Kommunikation,Wofür werden agile Spiele benutzt?,"Agile Spiele wie Marshmallow Challenge, Planning Poker, Sailboat oder LEGO Scrum dienen zur praktischen Vermittlung agiler Prinzipien. Sie fördern Teamarbeit, Kommunikation, iteratives Arbeiten, Selbstorganisation und helfen, komplexe Konzepte erfahrbar zu machen. Sie werden für Teambuilding, Training und zur Verbesserung der Zusammenarbeit eingesetzt.",Wofür werden agile Spiele benutzt?
04.04.03 Persönliche Kommunikation,Wofür werden agile Spiele benutzt?,"Agile Spiele wie Marshmallow Challenge, Planning Poker, Sailboat oder LEGO Scrum dienen zur praktischen Vermittlung agiler Prinzipien. Sie fördern Teamarbeit, Kommunikation, iteratives Arbeiten, Selbstorganisation und helfen, komplexe Konzepte erfahrbar zu machen. Sie werden für Teambuilding, Training und zur Verbesserung der Zusammenarbeit eingesetzt.",Wofür werden agile Spiele benutzt?
04.04.03 Persönliche Kommunikation,Wofür werden agile Spiele benutzt?,"Agile Spiele wie Marshmallow Challenge, Planning Poker, Sailboat oder LEGO Scrum dienen zur praktischen Vermittlung agiler Prinzipien. Sie fördern Teamarbeit, Kommunikation, iteratives Arbeiten, Selbstorganisation und helfen, komplexe Konzepte erfahrbar zu machen. Sie werden für Teambuilding, Training und zur Verbesserung der Zusammenarbeit eingesetzt.",Wofür werden agile Spiele benutzt?
04.04.03 Persönliche Kommunikation,Wofür werden agile Spiele benutzt?,"Agile Spiele wie Marshmallow Challenge, Planning Poker, Sailboat oder LEGO Scrum dienen zur praktischen Vermittlung agiler Prinzipien. Sie fördern Teamarbeit, Kommunikation, iteratives Arbeiten, Selbstorganisation und helfen, komplexe Konzepte erfahrbar zu machen. Sie werden für Teambuilding, Training und zur Verbesserung der Zusammenarbeit eingesetzt.",Wofür werden agile Spiele benutzt?
04.04.03 Persönliche Kommunikation,Wofür werden agile Spiele benutzt?,"Agile Spiele wie Marshmallow Challenge, Planning Poker, Sailboat oder LEGO Scrum dienen zur praktischen Vermittlung agiler Prinzipien. Sie fördern Teamarbeit, Kommunikation, iteratives Arbeiten, Selbstorganisation und helfen, komplexe Konzepte erfahrbar zu machen. Sie werden für Teambuilding, Training und zur Verbesserung der Zusammenarbeit eingesetzt.",Wofür werden agile Spiele benutzt?
04.04.03 Persönliche Kommunikation,Wofür werden agile Spiele benutzt?,"Agile Spiele wie Marshmallow Challenge, Planning Poker, Sailboat oder LEGO Scrum dienen zur praktischen Vermittlung agiler Prinzipien. Sie fördern Teamarbeit, Kommunikation, iteratives Arbeiten, Selbstorganisation und helfen, komplexe Konzepte erfahrbar zu machen. Sie werden für Teambuilding, Training und zur Verbesserung der Zusammenarbeit eingesetzt.",Wofür werden agile Spiele benutzt?
04.04.03 Persönliche Kommunikation,Wofür werden agile Spiele benutzt?,"Agile Spiele wie Marshmallow Challenge, Planning Poker, Sailboat oder LEGO Scrum dienen zur praktischen Vermittlung agiler Prinzipien. Sie fördern Teamarbeit, Kommunikation, iteratives Arbeiten, Selbstorganisation und helfen, komplexe Konzepte erfahrbar zu machen. Sie werden für Teambuilding, Training und zur Verbesserung der Zusammenarbeit eingesetzt.",Wofür werden agile Spiele benutzt?
04.04.03 Persönliche Kommunikation,Wofür werden agile Spiele benutzt?,"Agile Spiele wie Marshmallow Challenge, Planning Poker, Sailboat oder LEGO Scrum dienen zur praktischen Vermittlung agiler Prinzipien. Sie fördern Teamarbeit, Kommunikation, iteratives Arbeiten, Selbstorganisation und helfen, komplexe Konzepte erfahrbar zu machen. Sie werden für Teambuilding, Training und zur Verbesserung der Zusammenarbeit eingesetzt.",Wofür werden agile Spiele benutzt?
04.04.03 Persönliche Kommunikation,Wofür werden agile Spiele benutzt?,"Agile Spiele wie Marshmallow Challenge, Planning Poker, Sailboat oder LEGO Scrum dienen zur praktischen Vermittlung agiler Prinzipien. Sie fördern Teamarbeit, Kommunikation, iteratives Arbeiten, Selbstorganisation und helfen, komplexe Konzepte erfahrbar zu machen. Sie werden für Teambuilding, Training und zur Verbesserung der Zusammenarbeit eingesetzt.",Wofür werden agile Spiele benutzt?
04.04.03 Persönliche Kommunikation,Wofür werden agile Spiele benutzt?,"Agile Spiele wie Marshmallow Challenge, Planning Poker, Sailboat oder LEGO Scrum dienen zur praktischen Vermittlung agiler Prinzipien. Sie fördern Teamarbeit, Kommunikation, iteratives Arbeiten, Selbstorganisation und helfen, komplexe Konzepte erfahrbar zu machen. Sie werden für Teambuilding, Training und zur Verbesserung der Zusammenarbeit eingesetzt.",Wofür werden agile Spiele benutzt?
04.04.03 Persönliche Kommunikation,Wofür werden agile Spiele benutzt?,"Agile Spiele wie Marshmallow Challenge, Planning Poker, Sailboat oder LEGO Scrum dienen zur praktischen Vermittlung agiler Prinzipien. Sie fördern Teamarbeit, Kommunikation, iteratives Arbeiten, Selbstorganisation und helfen, komplexe Konzepte erfahrbar zu machen. Sie werden für Teambuilding, Training und zur Verbesserung der Zusammenarbeit eingesetzt.",Wofür werden agile Spiele benutzt?
04.04.03 Persönliche Kommunikation,Wofür werden agile Spiele benutzt?,"Agile Spiele wie Marshmallow Challenge, Planning Poker, Sailboat oder LEGO Scrum dienen zur praktischen Vermittlung agiler Prinzipien. Sie fördern Teamarbeit, Kommunikation, iteratives Arbeiten, Selbstorganisation und helfen, komplexe Konzepte erfahrbar zu machen. Sie werden für Teambuilding, Training und zur Verbesserung der Zusammenarbeit eingesetzt.",Wofür werden agile Spiele benutzt?
04.04.03 Persönliche Kommunikation,Wofür werden agile Spiele benutzt?,"Agile Spiele wie Marshmallow Challenge, Planning Poker, Sailboat oder LEGO Scrum dienen zur praktischen Vermittlung agiler Prinzipien. Sie fördern Teamarbeit, Kommunikation, iteratives Arbeiten, Selbstorganisation und helfen, komplexe Konzepte erfahrbar zu machen. Sie werden für Teambuilding, Training und zur Verbesserung der Zusammenarbeit eingesetzt.",Wofür werden agile Spiele benutzt?
04.04.03 Persönliche Kommunikation,Wofür werden agile Spiele benutzt?,"Agile Spiele wie Marshmallow Challenge, Planning Poker, Sailboat oder LEGO Scrum dienen zur praktischen Vermittlung agiler Prinzipien. Sie fördern Teamarbeit, Kommunikation, iteratives Arbeiten, Selbstorganisation und helfen, komplexe Konzepte erfahrbar zu machen. Sie werden für Teambuilding, Training und zur Verbesserung der Zusammenarbeit eingesetzt.",Wofür werden agile Spiele benutzt?
04.04.03 Persönliche Kommunikation,Wofür werden agile Spiele benutzt?,"Agile Spiele wie Marshmallow Challenge, Planning Poker, Sailboat oder LEGO Scrum dienen zur praktischen Vermittlung agiler Prinzipien. Sie fördern Teamarbeit, Kommunikation, iteratives Arbeiten, Selbstorganisation und helfen, komplexe Konzepte erfahrbar zu machen. Sie werden für Teambuilding, Training und zur Verbesserung der Zusammenarbeit eingesetzt.",Wofür werden agile Spiele benutzt?
04.04.03 Persönliche Kommunikation,Wofür werden agile Spiele benutzt?,"Agile Spiele wie Marshmallow Challenge, Planning Poker, Sailboat oder LEGO Scrum dienen zur praktischen Vermittlung agiler Prinzipien. Sie fördern Teamarbeit, Kommunikation, iteratives Arbeiten, Selbstorganisation und helfen, komplexe Konzepte erfahrbar zu machen. Sie werden für Teambuilding, Training und zur Verbesserung der Zusammenarbeit eingesetzt.",Wofür werden agile Spiele benutzt?
04.04.03 Persönliche Kommunikation,Wofür werden agile Spiele benutzt?,"Agile Spiele wie Marshmallow Challenge, Planning Poker, Sailboat oder LEGO Scrum dienen zur praktischen Vermittlung agiler Prinzipien. Sie fördern Teamarbeit, Kommunikation, iteratives Arbeiten, Selbstorganisation und helfen, komplexe Konzepte erfahrbar zu machen. Sie werden für Teambuilding, Training und zur Verbesserung der Zusammenarbeit eingesetzt.",Wofür werden agile Spiele benutzt?
04.04.03 Persönliche Kommunikation,Wofür werden agile Spiele benutzt?,"Agile Spiele wie Marshmallow Challenge, Planning Poker, Sailboat oder LEGO Scrum dienen zur praktischen Vermittlung agiler Prinzipien. Sie fördern Teamarbeit, Kommunikation, iteratives Arbeiten, Selbstorganisation und helfen, komplexe Konzepte erfahrbar zu machen. Sie werden für Teambuilding, Training und zur Verbesserung der Zusammenarbeit eingesetzt.",Wofür werden agile Spiele benutzt?
04.04.03 Persönliche Kommunikation,Wofür werden agile Spiele benutzt?,"Agile Spiele wie Marshmallow Challenge, Planning Poker, Sailboat oder LEGO Scrum dienen zur praktischen Vermittlung agiler Prinzipien. Sie fördern Teamarbeit, Kommunikation, iteratives Arbeiten, Selbstorganisation und helfen, komplexe Konzepte erfahrbar zu machen. Sie werden für Teambuilding, Training und zur Verbesserung der Zusammenarbeit eingesetzt.",Wofür werden agile Spiele benutzt?
04.04.03 Persönliche Kommunikation,Wofür werden agile Spiele benutzt?,"Agile Spiele wie Marshmallow Challenge, Planning Poker, Sailboat oder LEGO Scrum dienen zur praktischen Vermittlung agiler Prinzipien. Sie fördern Teamarbeit, Kommunikation, iteratives Arbeiten, Selbstorganisation und helfen, komplexe Konzepte erfahrbar zu machen. Sie werden für Teambuilding, Training und zur Verbesserung der Zusammenarbeit eingesetzt.",Wofür werden agile Spiele benutzt?
04.05.01 Projektdesign,"Agile Projekte sind per Definition besonders kundenorientiert. Welche Rolle spielt der Kundenwert (Kundennutzen) bei der Steuerung eines Sprints? Markieren Sie die falsche Antwort.
a) Wenn sich Kundenbedürfnisse ändern, ändert sich auch der Kundenwert und der Backlog muss neu Priorisiert werden.
b) Der Kundenwert wird in Interviews ermittelt und soll sich während des Projekt nicht mehr ändern.
c) Die Priorisierung des Backlogs erfolgt laut Scrum durch den Product Owner, weil er am besten den Kundenwert kennt.
d) Der Kundenwert kann in Sprint Reviews validiert werden.

","b) Der Kundenwert wird in Interviews ermittelt und soll sich während des Projekt nicht mehr ändern.
",
04.05.01 Projektdesign,"Die Planung in agilen Projekten wird nicht zum Projektstart sondern (rollierend) zum Start jedes Sprints vorgenommen. Welche Aussagen gelten über die Ziele des Sprint Planning? Markieren Sie die falsche Antwort.
A) Nach dem Sprint Planning sind sich der Product Owner und das Team einig, was in dem Sprint erledigt werden soll.
B) Ziel des Sprint Planning ist, gemeinsam ein Sprint Backlog zu bilden.
C) Ziel des Sprint Planning ist, gemeinsam ein minimum viable product MVP zu definieren.
D) Ziel des Sprint Planning ist, die Anforderungen der relevanten Stakeholder zu ermitteln.
","D) Ziel des Sprint Planning ist, die Anforderungen der relevanten Stakeholder zu ermitteln.
Begründung: Schon von PO ermittelt und im Product backlog verortet!",
04.05.01 Projektdesign,"Erklären Sie das Vorgangsmodell SCRUM, nennen Sie Merkmale.","Scrum ist ein agiles Projektmanagement-Framework, das auf iterative Produktentwicklung in festen Zeitintervallen (Sprints) setzt und durch die Rollen Product Owner, Scrum Master und Entwicklungsteam, definierte Events (Sprint Planning, Daily Scrum, Review, Retrospektive) sowie Artefakte (Product Backlog, Sprint Backlog, Inkrement) gekennzeichnet ist. Zentrale Merkmale sind Selbstorganisation, Inspektion und Adaption, empirische Prozesssteuerung sowie kontinuierliche Verbesserung mit Fokus auf funktionsfähige Teilprodukte.

Iterative Vorgehensweise, Kundennähe, selbstbestimmte Arbeitsweise, Kommunikation, Flexibilität","SCRUM ist ein agiles Rahmenwerk, das komplexe Projekte in feste Iterationen (Sprints )unterteilt, die jeweils ein nutzbares Produktinkrement liefern. Mit rollierender Planung, veränderlichen Anforderungen und kontinuierlichem Kundenfeedback. Das selbstorganisierte Team zieht Aufgaben eigenständig aus dem priorisierten Backlog (Pull-Prinzip) und steuert sich nach dem empirischen Prinzip: Transparenz → Inspektion → Adaption. Risiken werden so früh erkannt ."
04.05.01 Projektdesign,Für welche Projekte eignet sich Scrum besonders?,"Komplexe Projekte mit unsicheren/ändernden Anforderungen (z. B. Software, Produktdesign, agile Branchen). Ideal für iterative Umsetzung, regelmäßiges Feedback und flexible Anpassung.",
04.05.01 Projektdesign,Nenne die Scrum-Werte! ,"Mut (für Neues und nicht perfekt zu sein), 
Fokus (auf die gemeinsamen Ziele und Aufgaben), 
Offenheit (für neue Informationen und Erfahrungen), 
Respekt (anderen und sich selbst gegenüber), 
Commitment (Selbstverpflichtung, freiwillig und selbstverantwortlich bei der Arbeit im Team)",
04.05.01 Projektdesign,Nennen Sie drei mögliche Artefakte in Scrum.,"- Produkt Backlog
- Sprint Backlog
- Product Incremnent
",
04.05.01 Projektdesign,Was ist „agil“?,"flexibel, selbstorganisiert, iterativ mit zum Teil undefinierten Zielen

Alternativantwort:
Flexibilität, Anpassungsfähig und kontinuierliche Verbesserung.
",
04.05.01 Projektdesign,Was sind Erfolgsfaktoren des agilen Projektmanagements bei dessen Anwendung. Nennen Sie drei!,"Drei Erfolgsfaktoren des agilen Projektmanagements:
Dediziertes, selbstorganisiertes Team – interdisziplinär, hoher Reifegrad, 100% Projektverfügbarkeit
Aktiv mitwirkender Auftraggeber – Vertrauen, iterative Reviews, kontinuierliches Feedback
Strikte Rollenklarheit – Product Owner, Scrum Master, Team mit klar abgegrenzten Verantwortlichkeiten
Alle drei Faktoren folgen dem empirischen Prozessmodell (Transparenz → Inspektion → Adaption) als agilem Grundprinzip."," Erstens ein interdisziplinäres, selbstorganisiertes Team mit hohem persönlichem Reifegrad, dessen Mitglieder idealerweise zu 100 Prozent (als Kernteam) für das Projekt verfügbar sind. Zweitens ein starkes Vertrauensverhältnis zum Auftraggeber, der bereit sein muss, iterativ und aktiv an der kontinuierlichen Produktgestaltung (z. B. in regelmäßigen Reviews) mitzuwirken. Drittens eine strikte, aber einfache Rollenverteilung (wie Product Owner, Scrum Master und Team), um durch klar abgegrenzte Verantwortlichkeiten die Komplexität der dynamischen Anforderungen prozessual abzufedern.
"
04.05.01 Projektdesign,Was versteht man bei agilen Projekten unter Iteration?,"Iteration = Sich wiederholender Zeitraum gleichbleibender Länge (z. B. Sprint in Scrum), um schrittweise Projektziel zu entwickeln.",
04.05.01 Projektdesign,"Welche Aussage trifft auf scrum nicht zu?
a) Der aus der Softwareentwicklung stammt,
b) Mit dem vor allem Softwareentwicklung bearbeitet werden kann,  
c) Der in allen Arten von Projekten zum Erfolg führt, 
d) In dem das Team selbstorientiert arbeitet. ","c) Der in allen Arten von Projekten zum Erfolg führt, ",
04.05.01 Projektdesign,Wer ist der Projektleiter in Scrum?,"
In Scrum gibt es keinen klassischen Projektleiter. Stattdessen werden die Aufgaben auf mehrere Rollen verteilt:
1. Product Owner: Verantwortlich für das Product-Backlog und die Priorisierung der Anforderungen.
2. Scrum Master: Unterstützt das Team, moderiert Prozesse und beseitigt Hindernisse.
3. Entwicklungsteam: Selbstorganisiert und verantwortlich für die Umsetzung der Aufgaben.
Die Verantwortung des Projektleiters wird also auf diese Rollen gleichermaßen aufgeteilt (laterale Hierarchie)!
",
04.05.01 Projektdesign,"Agile Projekte sind per Definition besonders kundenorientiert. Welche Rolle spielt der Kundenwert (Kundennutzen) bei der Steuerung eines Sprints? Markieren Sie die falsche Antwort.
a) Wenn sich Kundenbedürfnisse ändern, ändert sich auch der Kundenwert und der Backlog muss neu Priorisiert werden.
b) Der Kundenwert wird in Interviews ermittelt und soll sich während des Projekt nicht mehr ändern.
c) Die Priorisierung des Backlogs erfolgt laut Scrum durch den Product Owner, weil er am besten den Kundenwert kennt.
d) Der Kundenwert kann in Sprint Reviews validiert werden.

","b) Der Kundenwert wird in Interviews ermittelt und soll sich während des Projekt nicht mehr ändern.
",
04.05.01 Projektdesign,"Begründen sie, warum die Entwicklung eines neuen Flugzeugs als Komplex angesehen wird .","Die Entwicklung eines neuen Flugzeugs gilt als komplex aufgrund hoher Systemvernetzung (Struktur, Antrieb, Avionik), multidisziplinärer Optimierung (MDO) und strenger regulatorischer Anforderungen. Sie umfasst Unsicherheiten durch innovative Technologien, lange Entwicklungszyklen und Interaktionen vieler Stakeholder. Dadurch entstehen unvorhersehbare Effekte und hohe Risiken.",
04.05.01 Projektdesign,Beschreiben Sie anhand eines Beispiels die Kopfstandmethode. / Erläutern sie die Kopfstandmethode anhand eines Beispiels ,"Das Thema/ die anfängliche Problemstellung, z.B. ""Welche Voraussetzungen müssen gegeben sein, damit ein Projekt erfolgreich wird?"" kehrt man um und sucht nun für diese neue Fragestellung Ideen und Argumente und dokumentiert sie. Abschließend kehrt man genau diese Argumente wiederum in ihr Gegenteil um und hat nunmehr die Lösung für die ursprüngliche Fragestellung.",
04.05.01 Projektdesign,Beschreiben Sie die Vorgehensweise bei der Benutzung des Kanban-Boards/ den Aufbau des Kanbanboards. /Erkläre das Kanbanboard an einem Beispiel.,"Spalten zeigen Arbeitsphasen (To Do → In Progress → Done)
Flussoptimierung, Aufgaben als Karten wandern von links nach rechts
WIP-Limits begrenzen gleichzeitige Aufgaben
Team zieht Aufgaben selbstständig (Pull-Prinzip)
Beispiel: Softwareteam nutzt Board mit Spalten ""Backlog"", ""Anforderungen"", ""Design"", ""Code"", ""Test"", ""Deployment"", ""Fertig"". Karten zeigen Aufgaben, bewegen sich durch Spalten von links nach rechts während der Bearbeitung. Team sieht Projektfortschritt und Engpässe sofort.",
04.05.01 Projektdesign,Beschreiben sie drei (3) Projektphasen bei einer sequenziellen und linearen Vorgehensweise. ,"Sequenzielle und lineare Vorgehensweise (z. B. Wasserfallmodell): Phasen werden streng nacheinander durchlaufen, jede endet mit einem Meilenstein.​
Initiierung: Ziele definieren, Stakeholder analysieren, Machbarkeit prüfen.​
Planung: Detaillierte Zeit-, Kosten- und Ressourcenpläne erstellen.​
Durchführung: Aufgaben umsetzen, Team koordinieren.",
04.05.01 Projektdesign,"Beschreiben Sie eine User Story für das Projekt ""Hundehütte für Ihren Hund Struppi"".","Als Hundebesitzer möchte ich eine Hundehütte für Struppi bauen, damit er außerhalb des Hauses geschützt schlafen kann.
Als ""Nutzer"" möchte ich ""Aktion, /Was"" um ""Ziel/Zweck/Funktion"" z.B. S.311 
As a <user/who>
I want <action/what>
So that <purpose/why>",
04.05.01 Projektdesign,"Die Planung in agilen Projekten wird nicht zum Projektstart sondern (rollierend) zum Start jedes Sprints vorgenommen. Welche Aussagen gelten über die Ziele des Sprint Planning? Markieren Sie die falsche Antwort.
A) Nach dem Sprint Planning sind sich der Product Owner und das Team einig, was in dem Sprint erledigt werden soll.
B) Ziel des Sprint Planning ist, gemeinsam ein Sprint Backlog zu bilden.
C) Ziel des Sprint Planning ist, gemeinsam ein minimum viable product MVP zu definieren.
D) Ziel des Sprint Planning ist, die Anforderungen der relevanten Stakeholder zu ermitteln.
","D) Ziel des Sprint Planning ist, die Anforderungen der relevanten Stakeholder zu ermitteln.
Begründung: Schon von PO ermittelt und im Product Backlog verortet!",
04.05.01 Projektdesign,"Erklären Sie das Vorgangsmodell SCRUM, nennen Sie Merkmale.","Scrum ist ein agiles Projektmanagement-Framework, das auf iterative Produktentwicklung in festen Zeitintervallen (Sprints) setzt und durch die Rollen Product Owner, Scrum Master und Entwicklungsteam, definierte Events (Sprint, Sprint Planning, Daily Scrum, Review, Retrospektive) sowie Artefakte (Product Backlog, Sprint Backlog, Inkrement) gekennzeichnet ist. Zentrale Merkmale sind Selbstorganisation, empirische Prozesssteuerung (Transparenz, Inspektion und Adaption) sowie kontinuierliche Verbesserung mit Fokus auf funktionsfähige Teilprodukte. Interdisziplinarität",
04.05.01 Projektdesign,Für welche Projekte eignet sich Scrum besonders?,"Komplexe Projekte mit unsicheren/ändernden Anforderungen (z. B. Software, Produktdesign, agile Branchen). Ideal für iterative Umsetzung, regelmäßiges Feedback und flexible Anpassung.",
04.05.01 Projektdesign,Nenne die Scrum-Werte! ,"Commitment, Focus, Openness, Respect, Courage
Mut (für Neues und nicht perfekt zu sein), 
Fokus (auf die gemeinsamen Ziele und Aufgaben), 
Offenheit (für neue Informationen und Erfahrungen), 
Respekt (anderen und sich selbst gegenüber), 
Commitment (Selbstverpflichtung, freiwillig und selbstverantwortlich bei der Arbeit im Team)",
04.05.01 Projektdesign,Nennen Sie drei (3) fachliche Kapitel eines Projekthandbuchs.,"1. Projektauftrag
2. Projektorganisation
3. Leistungsumfang
4. Projektplanung
5. Qualitätsmanagement
6. Projektinformationswesen und -kommunikation
7. PM tools,
8. Projektabschluss

",
04.05.01 Projektdesign,Nennen Sie drei mögliche Artefakte in Scrum.,"- Produkt Backlog
- Sprint Backlog
- Product Incremnent
",
04.05.01 Projektdesign,"Oft werden in Unternehmen Projekte klassifiziert (z.B. A, B, C, D-Projekte). Nennen Sie zwei Kriterien, die Sie benutzen können.","Die Projekte können z.B. nach Größe (PT), Ressourcenbedarf, Dauer, Priorität, Intern/extern klassifiziert werden.",
04.05.01 Projektdesign,Warum ist der Einsatz eines Big Picture sinnvoll?,"Es hilft dem Team zur Entwicklung einer gemeinsamen Vorstellung vom Projekt.
(Der Einsatz eines Big Pictures ist sinnvoll, um ein gemeinsames Verständnis zu schaffen, komplexe Zusammenhänge zu visualisieren und Abhängigkeiten aufzuzeigen. Es erleichtert die Kommunikation, Projektplanung und Abstimmung zwischen Stakeholdern.)",
04.05.01 Projektdesign,Was bedeutet die iterative Vorgehensweise im Projektmanagement?,"Eine iterative Vorgehensweise entspricht dem agilen PM, z.B. Aufeinanderfolgende Sprints in Scrum, so nähert man sich Schritt für Schritt der besten Lösung an
",
04.05.01 Projektdesign,Was hat der Projektleiter beim Projektdesign zu berücksichtigen? Nennen Sie mindestens 2 Prozessschritte des Projektdesigns nach dem Prozessbeginn.,"Komplexität des Projekts
Standard-Vorgehensmodell der Organisation
Zielgewichtung (Kosten, Zeit, Leistung)
Prozessschritte:
Erfolgskriterien definieren
Projektart und -klasse bestimmen",
04.05.01 Projektdesign,Was ist „agil“?,"flexibel, selbstorganisiert, iterativ mit zum Teil undefinierten Zielen

Alternativantwort:
Flexibilität, Anpassungsfähig und kontinuierliche Optimierung.
",
04.05.01 Projektdesign,Was ist das Projektdesign und welche Schritte gibt es für diesen Prozess?,"Es legt fest, wie das Projekt geplant & umgesetzt werden soll 
Das Projektdesign ist die Gesamtarchitektur der Projektdurchführung und umfasst dabei sämtliche Aspekte im Projektkontext in sieben Schritten.
/
Es definiert die Gesamtarchitektur
der Projektdurchführung und umfasst dabei sämtliche Aspekte im Projektkontext. Dazu zählen
sowohl soziale als auch sachliche Faktoren, die für einen erfolgversprechenden Projektaufsatz
und eine aktive Projektarbeit berücksichtigt werden müssen.

Prozessschritte:
1. Erfolgskriterien
2. Erfolgsfaktoren
3. Lessons Learned
4. Projektart/ Projektklasse
5. Handlungsansatz
6. Design / Handbuch
7. Überprüfung
",
04.05.01 Projektdesign,Was ist ein Big Picture?,"Eine skizzierte, ganzheitliche Darstellung des zukünftigen Projektes
",
04.05.01 Projektdesign,"Was ist ein Big Picture? Markieren Sie die falsche Antwort.
A) Eine ganzheitliche Darstellung des Projektes
B) Grafische Übersicht eines Projekts
C) Zeigt in grafischer Form den Status vor * nach dem Projekt an – 
D) Zeigt in einem Bild ggf. die wichtigsten Stakeholder, Orte an
",C) Zeigt in grafischer Form den Status vor * nach dem Projekt an – ,
04.05.01 Projektdesign,"Was ist ein Big Picture? Markieren Sie die richtige Antwort.
A) Eine ganzheitliche Darstellung des Projektes
B) Grafische Übersicht eines Projekts
C) Zeigt in grafischer Form den Status vor * nach dem Projekt an 
D) Zeigt in einem Bild ggf. die wichtigsten Stakeholder, Orte an
",A) Eine ganzheitliche Darstellung des Projektes,
04.05.01 Projektdesign,Was sagt das Pull*Prinzip und wie wird es bei der Arbeit mit dem Kanban Board angewendet?,"Visualisierung: Aufgaben auf Board in Spalten darstellen
WIP-Limits: Begrenzung gleichzeitiger Aufgaben
Pull-Prinzip: Teammitglieder ziehen Aufgaben selbstständig
Priorisierung: Wichtigstes zuerst
Arbeitsfortschritt: Sichtbar durch Bewegung auf dem Board",
04.05.01 Projektdesign,Was sind Erfolgsfaktoren des agilen Projektmanagements bei dessen Anwendung. Nennen Sie drei!,"Iterative Vorgehensweise, Kundennähe, selbstbestimmte intersdisziplinäre Arbeitsweise, Kommunikation, Flexibilität",
04.05.01 Projektdesign,Was versteht man bei agilen Projekten unter Iteration?,"Iteration = Sich wiederholender Zeitraum i.d.R. gleichbleibender Länge (z. B. Sprint in Scrum), um schrittweise ein Projektziel zu entwickeln.",
04.05.01 Projektdesign,Was versteht man unter einem hybriden Ansatz im Projektmanagement? Geben Sie ein Beispiel.,"Ein hybrider Ansatz im Projektmanagement kombiniert Elemente aus traditionellen und agilen Methoden, um die Vorteile beider zu nutzen. 
Beispiel: Bei der Einführung einer neuen Software wird die initiale Planung klassisch durchgeführt, während die Implementierung in agilen Sprints erfolgt, um flexibel auf Feedback reagieren zu können.",
04.05.01 Projektdesign,Was versteht man unter einem Product Backlog? ,"Liste der formulierten Anforderungen an das Projekt im agilen Vorgehensmodell scrum. z.B. S.225 
Der Product Backlog gilt als allein gültige Liste der formulierten und von den Stakeholdern akzeptierten Anforderungen. Die Anforderungen werden nach Business Value bewertet, vorgeschätzt und priorisiert, geordnet.",
04.05.01 Projektdesign,Was versteht man unter einer engpaßorientierten Ressource?,"Eine engpassorientierte Ressource ist diejenige, deren begrenzte Kapazität oder Leistungsfähigkeit die Geschwindigkeit oder den Fortschritt eines Prozesses oder Projekts bestimmt und somit den kritischen Engpass darstellt.",
04.05.01 Projektdesign,Was wird unter einem Phasenplan verstanden?  Welchen Nutzen hat dieser Plan im Projektmanagement ?,"Ein Phasenplan zeigt die (zeitliche) Abfolge der Projektphasen einschließlich ihrer Ergebnisse und Meilensteine. Er schafft Orientierung über den Projektverlauf und dient als Grundlage für Steuerung, Freigaben und Kommunikation. Dadurch werden Risiken reduziert und Transparenz erhöht. siehe s. 233 Dittmann",
04.05.01 Projektdesign,"Welche Aussage trifft auf scrum nicht zu?
a) Der aus der Softwareentwicklung stammt,
b) Mit dem vor allem Softwareentwicklung bearbeitet werden kann,  
c) Der in allen Arten von Projekten zum Erfolg führt, 
d) In dem das Team selbstorientiert arbeitet. ","c) Der in allen Arten von Projekten zum Erfolg führt, ",
04.05.01 Projektdesign,Welche Methoden gibt es zur Erfolgsmessung eines Projekts?,"Zur Erfolgsmessung eines Projekts gibt es verschiedene Methoden wie die Überprüfung von Zeit, Kosten und Qualität/ Leistung (Magisches Dreieck), soziale Ziele, Stakeholderzufriedenheit  -  Kundenzufriedenheit besonderer Stellenwert bei agilen Projekten, sowie die Bewertung der Zielerreichung durch KPIs.",
04.05.01 Projektdesign,Welchen Nutzen hat ein Projekterfahrungsaustausch?,"Der Austausch ermöglicht den Transfer von Wissen und Best practice z.B. zwischen Projektmanagern. Dies fördert die Identifikation von Erfolgsfaktoren, das Vermeiden von Fehlern und die kontinuierlich Verbesserung von Prozessen.",
04.05.01 Projektdesign,Wer ist der Projektleiter in Scrum?,"In Scrum gibt es keinen klassischen Projektleiter. Stattdessen werden die Aufgaben auf mehrere Rollen / Accountability  verteilt:
1. Product Owner: Verantwortlich für das Product-Backlog und die Priorisierung der Anforderungen.
2. Scrum Master: Unterstützt das Team, moderiert Prozesse und beseitigt Hindernisse.
3. Entwicklungsteam: Selbstorganisiert und verantwortlich für die Umsetzung der Aufgaben.
Die Verantwortung des Projektleiters wird also auf diese Rollen gleichermaßen aufgeteilt (laterale Hierarchie)!
",
04.05.01 Projektdesign,Wozu dienen Projekt Abschlussberichte? ,"Projektabschlussberichte dienen dazu, den Projektverlauf und die erreichten Ziele formal zu dokumentieren. Sie geben Auskunft über den Vergleich von Soll- und Ist-Zustand hinsichtlich Zeit, Kosten und Qualität und sichern Erfahrungen sowie Lessons Learned für zukünftige Projekte. Außerdem schaffen sie Transparenz für Stakeholder, fördern den Wissenstransfer und unterstützen die Bewertung des Projekterfolgs.",
04.05.01 Projektdesign,Wozu dient ein Big Picture im Projekt?,"•Gemeinsames Verständnis für Ziele, Anforderungen & Stakeholder schaffen
•Erste Erfassung des Projektumfeldes
•Entwicklung einer einheitlichen fachlichen Perspektive auf das Projekt
•Klärung von Begrifflichkeiten
",
04.05.01 Projektdesign,"Agile Projekte sind per Definition besonders kundenorientiert. Welche Rolle spielt der Kundenwert (Kundennutzen) bei der Steuerung eines Sprints? Markieren Sie die falsche Antwort.
a) Wenn sich Kundenbedürfnisse ändern, ändert sich auch der Kundenwert und der Backlog muss neu Priorisiert werden.
b) Der Kundenwert wird in Interviews ermittelt und soll sich während des Projekt nicht mehr ändern.
c) Die Priorisierung des Backlogs erfolgt laut Scrum durch den Product Owner, weil er am besten den Kundenwert kennt.
d) Der Kundenwert kann in Sprint Reviews validiert werden.

","b) Der Kundenwert wird in Interviews ermittelt und soll sich während des Projekt nicht mehr ändern.
","Agile Projekte sind per Definition besonders kundenorientiert. Welche Rolle spielt der Kundenwert (Kundennutzen) bei der Steuerung eines Sprints? Markieren Sie die falsche Antwort.
a) Wenn sich Kundenbedürfnisse ändern, ändert sich auch der Kundenwert und der Backlog muss neu Priorisiert werden.
b) Der Kundenwert wird in Interviews ermittelt und soll sich während des Projekt nicht mehr ändern.
c) Die Priorisierung des Backlogs erfolgt laut Scrum durch den Product Owner, weil er am besten den Kundenwert kennt.
d) Der Kundenwert kann in Sprint Reviews validiert werden.

"
04.05.01 Projektdesign,"Begründen sie, warum die Entwicklung eines neuen Flugzeugs als Komplex angesehen wird .","Die Entwicklung eines neuen Flugzeugs gilt als komplex aufgrund hoher Systemvernetzung (Struktur, Antrieb, Avionik), multidisziplinärer Optimierung (MDO) und strenger regulatorischer Anforderungen. Sie umfasst Unsicherheiten durch innovative Technologien, lange Entwicklungszyklen und Interaktionen vieler Stakeholder. Dadurch entstehen unvorhersehbare Effekte und hohe Risiken.","Begründen sie, warum die Entwicklung eines neuen Flugzeugs als Komplex angesehen wird ."
04.05.01 Projektdesign,Beschreiben Sie anhand eines Beispiels die Kopfstandmethode. / Erläutern sie die Kopfstandmethode anhand eines Beispiels ,"Das Thema/ die anfängliche Problemstellung, z.B. ""Welche Voraussetzungen müssen gegeben sein, damit ein Projekt erfolgreich wird?"" kehrt man um und sucht nun für diese neue Fragestellung Ideen und Argumente und dokumentiert sie. Abschließend kehrt man genau diese Argumente wiederum in ihr Gegenteil um und hat nunmehr die Lösung für die ursprüngliche Fragestellung.",Beschreiben Sie anhand eines Beispiels die Kopfstandmethode. / Erläutern sie die Kopfstandmethode anhand eines Beispiels 
04.05.01 Projektdesign,Beschreiben Sie die Vorgehensweise bei der Benutzung des Kanban-Boards/ den Aufbau des Kanbanboards. /Erkläre das Kanbanboard an einem Beispiel.,"Spalten zeigen Arbeitsphasen (To Do → In Progress → Done)
Flussoptimierung, Aufgaben als Karten wandern von links nach rechts
WIP-Limits begrenzen gleichzeitige Aufgaben
Team zieht Aufgaben selbstständig (Pull-Prinzip)
Beispiel: Softwareteam nutzt Board mit Spalten ""Backlog"", ""Anforderungen"", ""Design"", ""Code"", ""Test"", ""Deployment"", ""Fertig"". Karten zeigen Aufgaben, bewegen sich durch Spalten von links nach rechts während der Bearbeitung. Team sieht Projektfortschritt und Engpässe sofort.",Beschreiben Sie die Vorgehensweise bei der Benutzung des Kanban-Boards/ den Aufbau des Kanbanboards. /Erkläre das Kanbanboard an einem Beispiel.
04.05.01 Projektdesign,Beschreiben sie drei (3) Projektphasen bei einer sequenziellen und linearen Vorgehensweise. ,"Sequenzielle und lineare Vorgehensweise (z. B. Wasserfallmodell): Phasen werden streng nacheinander durchlaufen, jede endet mit einem Meilenstein.​
Initiierung: Ziele definieren, Stakeholder analysieren, Machbarkeit prüfen.​
Planung: Detaillierte Zeit-, Kosten- und Ressourcenpläne erstellen.​
Durchführung: Aufgaben umsetzen, Team koordinieren.",Beschreiben sie drei (3) Projektphasen bei einer sequenziellen und linearen Vorgehensweise. 
04.05.01 Projektdesign,"Beschreiben Sie eine User Story für das Projekt ""Hundehütte für Ihren Hund Struppi"".","Als Hundebesitzer möchte ich eine Hundehütte für Struppi bauen, damit er außerhalb des Hauses geschützt schlafen kann.
Als ""Nutzer"" möchte ich ""Aktion, /Was"" um ""Ziel/Zweck/Funktion"" z.B. S.311 
As a <user/who>
I want <action/what>
So that <purpose/why>","Beschreiben Sie eine User Story für das Projekt ""Hundehütte für Ihren Hund Struppi""."
04.05.01 Projektdesign,"Die Planung in agilen Projekten wird nicht zum Projektstart sondern (rollierend) zum Start jedes Sprints vorgenommen. Welche Aussagen gelten über die Ziele des Sprint Planning? Markieren Sie die falsche Antwort.
A) Nach dem Sprint Planning sind sich der Product Owner und das Team einig, was in dem Sprint erledigt werden soll.
B) Ziel des Sprint Planning ist, gemeinsam ein Sprint Backlog zu bilden.
C) Ziel des Sprint Planning ist, gemeinsam ein minimum viable product MVP zu definieren.
D) Ziel des Sprint Planning ist, die Anforderungen der relevanten Stakeholder zu ermitteln.
","D) Ziel des Sprint Planning ist, die Anforderungen der relevanten Stakeholder zu ermitteln.
Begründung: Schon von PO ermittelt und im Product Backlog verortet!","Die Planung in agilen Projekten wird nicht zum Projektstart sondern (rollierend) zum Start jedes Sprints vorgenommen. Welche Aussagen gelten über die Ziele des Sprint Planning? Markieren Sie die falsche Antwort.
A) Nach dem Sprint Planning sind sich der Product Owner und das Team einig, was in dem Sprint erledigt werden soll.
B) Ziel des Sprint Planning ist, gemeinsam ein Sprint Backlog zu bilden.
C) Ziel des Sprint Planning ist, gemeinsam ein minimum viable product MVP zu definieren.
D) Ziel des Sprint Planning ist, die Anforderungen der relevanten Stakeholder zu ermitteln.
"
04.05.01 Projektdesign,"Erklären Sie das Vorgangsmodell SCRUM, nennen Sie Merkmale.","Scrum ist ein agiles Projektmanagement-Framework, das auf iterative Produktentwicklung in festen Zeitintervallen (Sprints) setzt und durch die Rollen Product Owner, Scrum Master und Entwicklungsteam, definierte Events (Sprint, Sprint Planning, Daily Scrum, Review, Retrospektive) sowie Artefakte (Product Backlog, Sprint Backlog, Inkrement) gekennzeichnet ist. Zentrale Merkmale sind Selbstorganisation, empirische Prozesssteuerung (Transparenz, Inspektion und Adaption) sowie kontinuierliche Verbesserung mit Fokus auf funktionsfähige Teilprodukte. Interdisziplinarität","Erklären Sie das Vorgangsmodell SCRUM, nennen Sie Merkmale."
04.05.01 Projektdesign,Für welche Projekte eignet sich Scrum besonders?,"Komplexe Projekte mit unsicheren/ändernden Anforderungen (z. B. Software, Produktdesign, agile Branchen). Ideal für iterative Umsetzung, regelmäßiges Feedback und flexible Anpassung.",Für welche Projekte eignet sich Scrum besonders?
04.05.01 Projektdesign,Nenne die Scrum-Werte! ,"Commitment, Focus, Openness, Respect, Courage
Mut (für Neues und nicht perfekt zu sein), 
Fokus (auf die gemeinsamen Ziele und Aufgaben), 
Offenheit (für neue Informationen und Erfahrungen), 
Respekt (anderen und sich selbst gegenüber), 
Commitment (Selbstverpflichtung, freiwillig und selbstverantwortlich bei der Arbeit im Team)",Nenne die Scrum-Werte! 
04.05.01 Projektdesign,Nennen Sie drei (3) fachliche Kapitel eines Projekthandbuchs.,"1. Projektauftrag
2. Projektorganisation
3. Leistungsumfang
4. Projektplanung
5. Qualitätsmanagement
6. Projektinformationswesen und -kommunikation
7. PM tools,
8. Projektabschluss

",Nennen Sie drei (3) fachliche Kapitel eines Projekthandbuchs.
04.05.01 Projektdesign,Nennen Sie drei mögliche Artefakte in Scrum.,"- Produkt Backlog
- Sprint Backlog
- Product Incremnent
",Nennen Sie drei mögliche Artefakte in Scrum.
04.05.01 Projektdesign,"Oft werden in Unternehmen Projekte klassifiziert (z.B. A, B, C, D-Projekte). Nennen Sie zwei Kriterien, die Sie benutzen können.","Die Projekte können z.B. nach Größe (PT), Ressourcenbedarf, Dauer, Priorität, Intern/extern klassifiziert werden.","Oft werden in Unternehmen Projekte klassifiziert (z.B. A, B, C, D-Projekte). Nennen Sie zwei Kriterien, die Sie benutzen können."
04.05.01 Projektdesign,Warum ist der Einsatz eines Big Picture sinnvoll?,"Es hilft dem Team zur Entwicklung einer gemeinsamen Vorstellung vom Projekt.
(Der Einsatz eines Big Pictures ist sinnvoll, um ein gemeinsames Verständnis zu schaffen, komplexe Zusammenhänge zu visualisieren und Abhängigkeiten aufzuzeigen. Es erleichtert die Kommunikation, Projektplanung und Abstimmung zwischen Stakeholdern.)",Warum ist der Einsatz eines Big Picture sinnvoll?
04.05.01 Projektdesign,Was bedeutet die iterative Vorgehensweise im Projektmanagement?,"Eine iterative Vorgehensweise entspricht dem agilen PM, z.B. Aufeinanderfolgende Sprints in Scrum, so nähert man sich Schritt für Schritt der besten Lösung an
",Was bedeutet die iterative Vorgehensweise im Projektmanagement?
04.05.01 Projektdesign,Was hat der Projektleiter beim Projektdesign zu berücksichtigen? Nennen Sie mindestens 2 Prozessschritte des Projektdesigns nach dem Prozessbeginn.,"Komplexität des Projekts
Standard-Vorgehensmodell der Organisation
Zielgewichtung (Kosten, Zeit, Leistung)
Prozessschritte:
Erfolgskriterien definieren
Projektart und -klasse bestimmen",Was hat der Projektleiter beim Projektdesign zu berücksichtigen? Nennen Sie mindestens 2 Prozessschritte des Projektdesigns nach dem Prozessbeginn.
04.05.01 Projektdesign,Was ist „agil“?,"flexibel, selbstorganisiert, iterativ mit zum Teil undefinierten Zielen

Alternativantwort:
Flexibilität, Anpassungsfähig und kontinuierliche Optimierung.
",Was ist „agil“?
04.05.01 Projektdesign,Was ist das Projektdesign und welche Schritte gibt es für diesen Prozess?,"Es legt fest, wie das Projekt geplant & umgesetzt werden soll 
Das Projektdesign ist die Gesamtarchitektur der Projektdurchführung und umfasst dabei sämtliche Aspekte im Projektkontext in sieben Schritten.
/
Es definiert die Gesamtarchitektur
der Projektdurchführung und umfasst dabei sämtliche Aspekte im Projektkontext. Dazu zählen
sowohl soziale als auch sachliche Faktoren, die für einen erfolgversprechenden Projektaufsatz
und eine aktive Projektarbeit berücksichtigt werden müssen.

Prozessschritte:
1. Erfolgskriterien
2. Erfolgsfaktoren
3. Lessons Learned
4. Projektart/ Projektklasse
5. Handlungsansatz
6. Design / Handbuch
7. Überprüfung
",Was ist das Projektdesign und welche Schritte gibt es für diesen Prozess?
04.05.01 Projektdesign,Was ist ein Big Picture?,"Eine skizzierte, ganzheitliche Darstellung des zukünftigen Projektes
",Was ist ein Big Picture?
04.05.01 Projektdesign,"Was ist ein Big Picture? Markieren Sie die falsche Antwort.
A) Eine ganzheitliche Darstellung des Projektes
B) Grafische Übersicht eines Projekts
C) Zeigt in grafischer Form den Status vor * nach dem Projekt an – 
D) Zeigt in einem Bild ggf. die wichtigsten Stakeholder, Orte an
",C) Zeigt in grafischer Form den Status vor * nach dem Projekt an – ,"Was ist ein Big Picture? Markieren Sie die falsche Antwort.
A) Eine ganzheitliche Darstellung des Projektes
B) Grafische Übersicht eines Projekts
C) Zeigt in grafischer Form den Status vor * nach dem Projekt an – 
D) Zeigt in einem Bild ggf. die wichtigsten Stakeholder, Orte an
"
04.05.01 Projektdesign,"Was ist ein Big Picture? Markieren Sie die richtige Antwort.
A) Eine ganzheitliche Darstellung des Projektes
B) Grafische Übersicht eines Projekts
C) Zeigt in grafischer Form den Status vor * nach dem Projekt an 
D) Zeigt in einem Bild ggf. die wichtigsten Stakeholder, Orte an
",A) Eine ganzheitliche Darstellung des Projektes,"Was ist ein Big Picture? Markieren Sie die richtige Antwort.
A) Eine ganzheitliche Darstellung des Projektes
B) Grafische Übersicht eines Projekts
C) Zeigt in grafischer Form den Status vor * nach dem Projekt an 
D) Zeigt in einem Bild ggf. die wichtigsten Stakeholder, Orte an
"
04.05.01 Projektdesign,Was sagt das Pull*Prinzip und wie wird es bei der Arbeit mit dem Kanban Board angewendet?,"Visualisierung: Aufgaben auf Board in Spalten darstellen
WIP-Limits: Begrenzung gleichzeitiger Aufgaben
Pull-Prinzip: Teammitglieder ziehen Aufgaben selbstständig
Priorisierung: Wichtigstes zuerst
Arbeitsfortschritt: Sichtbar durch Bewegung auf dem Board",Was sagt das Pull*Prinzip und wie wird es bei der Arbeit mit dem Kanban Board angewendet?
04.05.01 Projektdesign,Was sind Erfolgsfaktoren des agilen Projektmanagements bei dessen Anwendung. Nennen Sie drei!,"Iterative Vorgehensweise, Kundennähe, selbstbestimmte intersdisziplinäre Arbeitsweise, Kommunikation, Flexibilität",Was sind Erfolgsfaktoren des agilen Projektmanagements bei dessen Anwendung. Nennen Sie drei!
04.05.01 Projektdesign,Was versteht man bei agilen Projekten unter Iteration?,"Iteration = Sich wiederholender Zeitraum i.d.R. gleichbleibender Länge (z. B. Sprint in Scrum), um schrittweise ein Projektziel zu entwickeln.",Was versteht man bei agilen Projekten unter Iteration?
04.05.01 Projektdesign,Was versteht man unter einem hybriden Ansatz im Projektmanagement? Geben Sie ein Beispiel.,"Ein hybrider Ansatz im Projektmanagement kombiniert Elemente aus traditionellen und agilen Methoden, um die Vorteile beider zu nutzen. 
Beispiel: Bei der Einführung einer neuen Software wird die initiale Planung klassisch durchgeführt, während die Implementierung in agilen Sprints erfolgt, um flexibel auf Feedback reagieren zu können.",Was versteht man unter einem hybriden Ansatz im Projektmanagement? Geben Sie ein Beispiel.
04.05.01 Projektdesign,Was versteht man unter einem Product Backlog? ,"Liste der formulierten Anforderungen an das Projekt im agilen Vorgehensmodell scrum. z.B. S.225 
Der Product Backlog gilt als allein gültige Liste der formulierten und von den Stakeholdern akzeptierten Anforderungen. Die Anforderungen werden nach Business Value bewertet, vorgeschätzt und priorisiert, geordnet.",Was versteht man unter einem Product Backlog? 
04.05.01 Projektdesign,Was versteht man unter einer engpaßorientierten Ressource?,"Eine engpassorientierte Ressource ist diejenige, deren begrenzte Kapazität oder Leistungsfähigkeit die Geschwindigkeit oder den Fortschritt eines Prozesses oder Projekts bestimmt und somit den kritischen Engpass darstellt.",Was versteht man unter einer engpaßorientierten Ressource?
04.05.01 Projektdesign,Was wird unter einem Phasenplan verstanden?  Welchen Nutzen hat dieser Plan im Projektmanagement ?,"Ein Phasenplan zeigt die (zeitliche) Abfolge der Projektphasen einschließlich ihrer Ergebnisse und Meilensteine. Er schafft Orientierung über den Projektverlauf und dient als Grundlage für Steuerung, Freigaben und Kommunikation. Dadurch werden Risiken reduziert und Transparenz erhöht. siehe s. 233 Dittmann",Was wird unter einem Phasenplan verstanden?  Welchen Nutzen hat dieser Plan im Projektmanagement ?
04.05.01 Projektdesign,"Welche Aussage trifft auf scrum nicht zu?
a) Der aus der Softwareentwicklung stammt,
b) Mit dem vor allem Softwareentwicklung bearbeitet werden kann,  
c) Der in allen Arten von Projekten zum Erfolg führt, 
d) In dem das Team selbstorientiert arbeitet. ","c) Der in allen Arten von Projekten zum Erfolg führt, ","Welche Aussage trifft auf scrum nicht zu?
a) Der aus der Softwareentwicklung stammt,
b) Mit dem vor allem Softwareentwicklung bearbeitet werden kann,  
c) Der in allen Arten von Projekten zum Erfolg führt, 
d) In dem das Team selbstorientiert arbeitet. "
04.05.01 Projektdesign,Welche Methoden gibt es zur Erfolgsmessung eines Projekts?,"Zur Erfolgsmessung eines Projekts gibt es verschiedene Methoden wie die Überprüfung von Zeit, Kosten und Qualität/ Leistung (Magisches Dreieck), soziale Ziele, Stakeholderzufriedenheit  -  Kundenzufriedenheit besonderer Stellenwert bei agilen Projekten, sowie die Bewertung der Zielerreichung durch KPIs.",Welche Methoden gibt es zur Erfolgsmessung eines Projekts?
04.05.01 Projektdesign,Welchen Nutzen hat ein Projekterfahrungsaustausch?,"Der Austausch ermöglicht den Transfer von Wissen und Best practice z.B. zwischen Projektmanagern. Dies fördert die Identifikation von Erfolgsfaktoren, das Vermeiden von Fehlern und die kontinuierlich Verbesserung von Prozessen.",Welchen Nutzen hat ein Projekterfahrungsaustausch?
04.05.01 Projektdesign,Wer ist der Projektleiter in Scrum?,"In Scrum gibt es keinen klassischen Projektleiter. Stattdessen werden die Aufgaben auf mehrere Rollen / Accountability  verteilt:
1. Product Owner: Verantwortlich für das Product-Backlog und die Priorisierung der Anforderungen.
2. Scrum Master: Unterstützt das Team, moderiert Prozesse und beseitigt Hindernisse.
3. Entwicklungsteam: Selbstorganisiert und verantwortlich für die Umsetzung der Aufgaben.
Die Verantwortung des Projektleiters wird also auf diese Rollen gleichermaßen aufgeteilt (laterale Hierarchie)!
",Wer ist der Projektleiter in Scrum?
04.05.01 Projektdesign,Wozu dienen Projekt Abschlussberichte? ,"Projektabschlussberichte dienen dazu, den Projektverlauf und die erreichten Ziele formal zu dokumentieren. Sie geben Auskunft über den Vergleich von Soll- und Ist-Zustand hinsichtlich Zeit, Kosten und Qualität und sichern Erfahrungen sowie Lessons Learned für zukünftige Projekte. Außerdem schaffen sie Transparenz für Stakeholder, fördern den Wissenstransfer und unterstützen die Bewertung des Projekterfolgs.",Wozu dienen Projekt Abschlussberichte? 
04.05.01 Projektdesign,Wozu dient ein Big Picture im Projekt?,"•Gemeinsames Verständnis für Ziele, Anforderungen & Stakeholder schaffen
•Erste Erfassung des Projektumfeldes
•Entwicklung einer einheitlichen fachlichen Perspektive auf das Projekt
•Klärung von Begrifflichkeiten
",Wozu dient ein Big Picture im Projekt?
04.05.01 Projektdesign,"Agile Projekte sind per Definition besonders kundenorientiert. Welche Rolle spielt der Kundenwert (Kundennutzen) bei der Steuerung eines Sprints? Markieren Sie die falsche Antwort.
a) Wenn sich Kundenbedürfnisse ändern, ändert sich auch der Kundenwert und der Backlog muss neu Priorisiert werden.
b) Der Kundenwert wird in Interviews ermittelt und soll sich während des Projekt nicht mehr ändern.
c) Die Priorisierung des Backlogs erfolgt laut Scrum durch den Product Owner, weil er am besten den Kundenwert kennt.
d) Der Kundenwert kann in Sprint Reviews validiert werden.

","b) Der Kundenwert wird in Interviews ermittelt und soll sich während des Projekt nicht mehr ändern.
","Agile Projekte sind per Definition besonders kundenorientiert. Welche Rolle spielt der Kundenwert (Kundennutzen) bei der Steuerung eines Sprints? Markieren Sie die falsche Antwort.
a) Wenn sich Kundenbedürfnisse ändern, ändert sich auch der Kundenwert und der Backlog muss neu Priorisiert werden.
b) Der Kundenwert wird in Interviews ermittelt und soll sich während des Projekt nicht mehr ändern.
c) Die Priorisierung des Backlogs erfolgt laut Scrum durch den Product Owner, weil er am besten den Kundenwert kennt.
d) Der Kundenwert kann in Sprint Reviews validiert werden.

"
04.05.01 Projektdesign,"Die Planung in agilen Projekten wird nicht zum Projektstart sondern (rollierend) zum Start jedes Sprints vorgenommen. Welche Aussagen gelten über die Ziele des Sprint Planning? Markieren Sie die falsche Antwort.
A) Nach dem Sprint Planning sind sich der Product Owner und das Team einig, was in dem Sprint erledigt werden soll.
B) Ziel des Sprint Planning ist, gemeinsam ein Sprint Backlog zu bilden.
C) Ziel des Sprint Planning ist, gemeinsam ein minimum viable product MVP zu definieren.
D) Ziel des Sprint Planning ist, die Anforderungen der relevanten Stakeholder zu ermitteln.
","D) Ziel des Sprint Planning ist, die Anforderungen der relevanten Stakeholder zu ermitteln.
Begründung: Schon von PO ermittelt und im Product backlog verortet!","Die Planung in agilen Projekten wird nicht zum Projektstart sondern (rollierend) zum Start jedes Sprints vorgenommen. Welche Aussagen gelten über die Ziele des Sprint Planning? Markieren Sie die falsche Antwort.
A) Nach dem Sprint Planning sind sich der Product Owner und das Team einig, was in dem Sprint erledigt werden soll.
B) Ziel des Sprint Planning ist, gemeinsam ein Sprint Backlog zu bilden.
C) Ziel des Sprint Planning ist, gemeinsam ein minimum viable product MVP zu definieren.
D) Ziel des Sprint Planning ist, die Anforderungen der relevanten Stakeholder zu ermitteln.
"
04.05.01 Projektdesign,"Erklären Sie das Vorgangsmodell SCRUM, nennen Sie Merkmale.","Scrum ist ein agiles Projektmanagement-Framework, das auf iterative Produktentwicklung in festen Zeitintervallen (Sprints) setzt und durch die Rollen Product Owner, Scrum Master und Entwicklungsteam, definierte Events (Sprint Planning, Daily Scrum, Review, Retrospektive) sowie Artefakte (Product Backlog, Sprint Backlog, Inkrement) gekennzeichnet ist. Zentrale Merkmale sind Selbstorganisation, Inspektion und Adaption, empirische Prozesssteuerung sowie kontinuierliche Verbesserung mit Fokus auf funktionsfähige Teilprodukte.

Iterative Vorgehensweise, Kundennähe, selbstbestimmte Arbeitsweise, Kommunikation, Flexibilität","Erklären Sie das Vorgangsmodell SCRUM, nennen Sie Merkmale."
04.05.01 Projektdesign,Für welche Projekte eignet sich Scrum besonders?,"Komplexe Projekte mit unsicheren/ändernden Anforderungen (z. B. Software, Produktdesign, agile Branchen). Ideal für iterative Umsetzung, regelmäßiges Feedback und flexible Anpassung.",Für welche Projekte eignet sich Scrum besonders?
04.05.01 Projektdesign,Nenne die Scrum-Werte! ,"Mut (für Neues und nicht perfekt zu sein), 
Fokus (auf die gemeinsamen Ziele und Aufgaben), 
Offenheit (für neue Informationen und Erfahrungen), 
Respekt (anderen und sich selbst gegenüber), 
Commitment (Selbstverpflichtung, freiwillig und selbstverantwortlich bei der Arbeit im Team)",Nenne die Scrum-Werte! 
04.05.01 Projektdesign,Nennen Sie drei mögliche Artefakte in Scrum.,"- Produkt Backlog
- Sprint Backlog
- Product Incremnent
",Nennen Sie drei mögliche Artefakte in Scrum.
04.05.01 Projektdesign,Was ist „agil“?,"flexibel, selbstorganisiert, iterativ mit zum Teil undefinierten Zielen

Alternativantwort:
Flexibilität, Anpassungsfähig und kontinuierliche Verbesserung.
",Was ist „agil“?
04.05.01 Projektdesign,Was sind Erfolgsfaktoren des agilen Projektmanagements bei dessen Anwendung. Nennen Sie drei!,"Drei Erfolgsfaktoren des agilen Projektmanagements:
Dediziertes, selbstorganisiertes Team – interdisziplinär, hoher Reifegrad, 100% Projektverfügbarkeit
Aktiv mitwirkender Auftraggeber – Vertrauen, iterative Reviews, kontinuierliches Feedback
Strikte Rollenklarheit – Product Owner, Scrum Master, Team mit klar abgegrenzten Verantwortlichkeiten
Alle drei Faktoren folgen dem empirischen Prozessmodell (Transparenz → Inspektion → Adaption) als agilem Grundprinzip.",Was sind Erfolgsfaktoren des agilen Projektmanagements bei dessen Anwendung. Nennen Sie drei!
04.05.01 Projektdesign,Was versteht man bei agilen Projekten unter Iteration?,"Iteration = Sich wiederholender Zeitraum gleichbleibender Länge (z. B. Sprint in Scrum), um schrittweise Projektziel zu entwickeln.",Was versteht man bei agilen Projekten unter Iteration?
04.05.01 Projektdesign,"Welche Aussage trifft auf scrum nicht zu?
a) Der aus der Softwareentwicklung stammt,
b) Mit dem vor allem Softwareentwicklung bearbeitet werden kann,  
c) Der in allen Arten von Projekten zum Erfolg führt, 
d) In dem das Team selbstorientiert arbeitet. ","c) Der in allen Arten von Projekten zum Erfolg führt, ","Welche Aussage trifft auf scrum nicht zu?
a) Der aus der Softwareentwicklung stammt,
b) Mit dem vor allem Softwareentwicklung bearbeitet werden kann,  
c) Der in allen Arten von Projekten zum Erfolg führt, 
d) In dem das Team selbstorientiert arbeitet. "
04.05.01 Projektdesign,Wer ist der Projektleiter in Scrum?,"
In Scrum gibt es keinen klassischen Projektleiter. Stattdessen werden die Aufgaben auf mehrere Rollen verteilt:
1. Product Owner: Verantwortlich für das Product-Backlog und die Priorisierung der Anforderungen.
2. Scrum Master: Unterstützt das Team, moderiert Prozesse und beseitigt Hindernisse.
3. Entwicklungsteam: Selbstorganisiert und verantwortlich für die Umsetzung der Aufgaben.
Die Verantwortung des Projektleiters wird also auf diese Rollen gleichermaßen aufgeteilt (laterale Hierarchie)!
",Wer ist der Projektleiter in Scrum?
04.05.01 Projektdesign,"Agile Projekte sind per Definition besonders kundenorientiert. Welche Rolle spielt der Kundenwert (Kundennutzen) bei der Steuerung eines Sprints? Markieren Sie die falsche Antwort.
a) Wenn sich Kundenbedürfnisse ändern, ändert sich auch der Kundenwert und der Backlog muss neu Priorisiert werden.
b) Der Kundenwert wird in Interviews ermittelt und soll sich während des Projekt nicht mehr ändern.
c) Die Priorisierung des Backlogs erfolgt laut Scrum durch den Product Owner, weil er am besten den Kundenwert kennt.
d) Der Kundenwert kann in Sprint Reviews validiert werden.

","b) Der Kundenwert wird in Interviews ermittelt und soll sich während des Projekt nicht mehr ändern.
","Agile Projekte sind per Definition besonders kundenorientiert. Welche Rolle spielt der Kundenwert (Kundennutzen) bei der Steuerung eines Sprints? Markieren Sie die falsche Antwort.
a) Wenn sich Kundenbedürfnisse ändern, ändert sich auch der Kundenwert und der Backlog muss neu Priorisiert werden.
b) Der Kundenwert wird in Interviews ermittelt und soll sich während des Projekt nicht mehr ändern.
c) Die Priorisierung des Backlogs erfolgt laut Scrum durch den Product Owner, weil er am besten den Kundenwert kennt.
d) Der Kundenwert kann in Sprint Reviews validiert werden.

"
04.05.01 Projektdesign,"Die Planung in agilen Projekten wird nicht zum Projektstart sondern (rollierend) zum Start jedes Sprints vorgenommen. Welche Aussagen gelten über die Ziele des Sprint Planning? Markieren Sie die falsche Antwort.
A) Nach dem Sprint Planning sind sich der Product Owner und das Team einig, was in dem Sprint erledigt werden soll.
B) Ziel des Sprint Planning ist, gemeinsam ein Sprint Backlog zu bilden.
C) Ziel des Sprint Planning ist, gemeinsam ein minimum viable product MVP zu definieren.
D) Ziel des Sprint Planning ist, die Anforderungen der relevanten Stakeholder zu ermitteln.
","D) Ziel des Sprint Planning ist, die Anforderungen der relevanten Stakeholder zu ermitteln.
Begründung: Schon von PO ermittelt und im Product backlog verortet!","Die Planung in agilen Projekten wird nicht zum Projektstart sondern (rollierend) zum Start jedes Sprints vorgenommen. Welche Aussagen gelten über die Ziele des Sprint Planning? Markieren Sie die falsche Antwort.
A) Nach dem Sprint Planning sind sich der Product Owner und das Team einig, was in dem Sprint erledigt werden soll.
B) Ziel des Sprint Planning ist, gemeinsam ein Sprint Backlog zu bilden.
C) Ziel des Sprint Planning ist, gemeinsam ein minimum viable product MVP zu definieren.
D) Ziel des Sprint Planning ist, die Anforderungen der relevanten Stakeholder zu ermitteln.
"
04.05.01 Projektdesign,"Erklären Sie das Vorgangsmodell SCRUM, nennen Sie Merkmale.","Scrum ist ein agiles Projektmanagement-Framework, das auf iterative Produktentwicklung in festen Zeitintervallen (Sprints) setzt und durch die Rollen Product Owner, Scrum Master und Entwicklungsteam, definierte Events (Sprint Planning, Daily Scrum, Review, Retrospektive) sowie Artefakte (Product Backlog, Sprint Backlog, Inkrement) gekennzeichnet ist. Zentrale Merkmale sind Selbstorganisation, Inspektion und Adaption, empirische Prozesssteuerung sowie kontinuierliche Verbesserung mit Fokus auf funktionsfähige Teilprodukte.

Iterative Vorgehensweise, Kundennähe, selbstbestimmte Arbeitsweise, Kommunikation, Flexibilität","Erklären Sie das Vorgangsmodell SCRUM, nennen Sie Merkmale."
04.05.01 Projektdesign,Für welche Projekte eignet sich Scrum besonders?,"Komplexe Projekte mit unsicheren/ändernden Anforderungen (z. B. Software, Produktdesign, agile Branchen). Ideal für iterative Umsetzung, regelmäßiges Feedback und flexible Anpassung.",Für welche Projekte eignet sich Scrum besonders?
04.05.01 Projektdesign,Nenne die Scrum-Werte! ,"Mut (für Neues und nicht perfekt zu sein), 
Fokus (auf die gemeinsamen Ziele und Aufgaben), 
Offenheit (für neue Informationen und Erfahrungen), 
Respekt (anderen und sich selbst gegenüber), 
Commitment (Selbstverpflichtung, freiwillig und selbstverantwortlich bei der Arbeit im Team)",Nenne die Scrum-Werte! 
04.05.01 Projektdesign,Nennen Sie drei mögliche Artefakte in Scrum.,"- Produkt Backlog
- Sprint Backlog
- Product Incremnent
",Nennen Sie drei mögliche Artefakte in Scrum.
04.05.01 Projektdesign,Was ist „agil“?,"flexibel, selbstorganisiert, iterativ mit zum Teil undefinierten Zielen

Alternativantwort:
Flexibilität, Anpassungsfähig und kontinuierliche Verbesserung.
",Was ist „agil“?
04.05.01 Projektdesign,Was sind Erfolgsfaktoren des agilen Projektmanagements bei dessen Anwendung. Nennen Sie drei!,"Drei Erfolgsfaktoren des agilen Projektmanagements:
Dediziertes, selbstorganisiertes Team – interdisziplinär, hoher Reifegrad, 100% Projektverfügbarkeit
Aktiv mitwirkender Auftraggeber – Vertrauen, iterative Reviews, kontinuierliches Feedback
Strikte Rollenklarheit – Product Owner, Scrum Master, Team mit klar abgegrenzten Verantwortlichkeiten
Alle drei Faktoren folgen dem empirischen Prozessmodell (Transparenz → Inspektion → Adaption) als agilem Grundprinzip.",Was sind Erfolgsfaktoren des agilen Projektmanagements bei dessen Anwendung. Nennen Sie drei!
04.05.01 Projektdesign,Was versteht man bei agilen Projekten unter Iteration?,"Iteration = Sich wiederholender Zeitraum gleichbleibender Länge (z. B. Sprint in Scrum), um schrittweise Projektziel zu entwickeln.",Was versteht man bei agilen Projekten unter Iteration?
04.05.01 Projektdesign,"Welche Aussage trifft auf scrum nicht zu?
a) Der aus der Softwareentwicklung stammt,
b) Mit dem vor allem Softwareentwicklung bearbeitet werden kann,  
c) Der in allen Arten von Projekten zum Erfolg führt, 
d) In dem das Team selbstorientiert arbeitet. ","c) Der in allen Arten von Projekten zum Erfolg führt, ","Welche Aussage trifft auf scrum nicht zu?
a) Der aus der Softwareentwicklung stammt,
b) Mit dem vor allem Softwareentwicklung bearbeitet werden kann,  
c) Der in allen Arten von Projekten zum Erfolg führt, 
d) In dem das Team selbstorientiert arbeitet. "
04.05.01 Projektdesign,Wer ist der Projektleiter in Scrum?,"
In Scrum gibt es keinen klassischen Projektleiter. Stattdessen werden die Aufgaben auf mehrere Rollen verteilt:
1. Product Owner: Verantwortlich für das Product-Backlog und die Priorisierung der Anforderungen.
2. Scrum Master: Unterstützt das Team, moderiert Prozesse und beseitigt Hindernisse.
3. Entwicklungsteam: Selbstorganisiert und verantwortlich für die Umsetzung der Aufgaben.
Die Verantwortung des Projektleiters wird also auf diese Rollen gleichermaßen aufgeteilt (laterale Hierarchie)!
",Wer ist der Projektleiter in Scrum?
04.05.01 Projektdesign,"Agile Projekte sind per Definition besonders kundenorientiert. Welche Rolle spielt der Kundenwert (Kundennutzen) bei der Steuerung eines Sprints? Markieren Sie die falsche Antwort.
a) Wenn sich Kundenbedürfnisse ändern, ändert sich auch der Kundenwert und der Backlog muss neu Priorisiert werden.
b) Der Kundenwert wird in Interviews ermittelt und soll sich während des Projekt nicht mehr ändern.
c) Die Priorisierung des Backlogs erfolgt laut Scrum durch den Product Owner, weil er am besten den Kundenwert kennt.
d) Der Kundenwert kann in Sprint Reviews validiert werden.

","b) Der Kundenwert wird in Interviews ermittelt und soll sich während des Projekt nicht mehr ändern.
","Agile Projekte sind per Definition besonders kundenorientiert. Welche Rolle spielt der Kundenwert (Kundennutzen) bei der Steuerung eines Sprints? Markieren Sie die falsche Antwort.
a) Wenn sich Kundenbedürfnisse ändern, ändert sich auch der Kundenwert und der Backlog muss neu Priorisiert werden.
b) Der Kundenwert wird in Interviews ermittelt und soll sich während des Projekt nicht mehr ändern.
c) Die Priorisierung des Backlogs erfolgt laut Scrum durch den Product Owner, weil er am besten den Kundenwert kennt.
d) Der Kundenwert kann in Sprint Reviews validiert werden.

"
04.05.01 Projektdesign,"Die Planung in agilen Projekten wird nicht zum Projektstart sondern (rollierend) zum Start jedes Sprints vorgenommen. Welche Aussagen gelten über die Ziele des Sprint Planning? Markieren Sie die falsche Antwort.
A) Nach dem Sprint Planning sind sich der Product Owner und das Team einig, was in dem Sprint erledigt werden soll.
B) Ziel des Sprint Planning ist, gemeinsam ein Sprint Backlog zu bilden.
C) Ziel des Sprint Planning ist, gemeinsam ein minimum viable product MVP zu definieren.
D) Ziel des Sprint Planning ist, die Anforderungen der relevanten Stakeholder zu ermitteln.
","D) Ziel des Sprint Planning ist, die Anforderungen der relevanten Stakeholder zu ermitteln.
Begründung: Schon von PO ermittelt und im Product backlog verortet!","Die Planung in agilen Projekten wird nicht zum Projektstart sondern (rollierend) zum Start jedes Sprints vorgenommen. Welche Aussagen gelten über die Ziele des Sprint Planning? Markieren Sie die falsche Antwort.
A) Nach dem Sprint Planning sind sich der Product Owner und das Team einig, was in dem Sprint erledigt werden soll.
B) Ziel des Sprint Planning ist, gemeinsam ein Sprint Backlog zu bilden.
C) Ziel des Sprint Planning ist, gemeinsam ein minimum viable product MVP zu definieren.
D) Ziel des Sprint Planning ist, die Anforderungen der relevanten Stakeholder zu ermitteln.
"
04.05.01 Projektdesign,"Erklären Sie das Vorgangsmodell SCRUM, nennen Sie Merkmale.","Scrum ist ein agiles Projektmanagement-Framework, das auf iterative Produktentwicklung in festen Zeitintervallen (Sprints) setzt und durch die Rollen Product Owner, Scrum Master und Entwicklungsteam, definierte Events (Sprint Planning, Daily Scrum, Review, Retrospektive) sowie Artefakte (Product Backlog, Sprint Backlog, Inkrement) gekennzeichnet ist. Zentrale Merkmale sind Selbstorganisation, Inspektion und Adaption, empirische Prozesssteuerung sowie kontinuierliche Verbesserung mit Fokus auf funktionsfähige Teilprodukte.

Iterative Vorgehensweise, Kundennähe, selbstbestimmte Arbeitsweise, Kommunikation, Flexibilität","Erklären Sie das Vorgangsmodell SCRUM, nennen Sie Merkmale."
04.05.01 Projektdesign,Für welche Projekte eignet sich Scrum besonders?,"Komplexe Projekte mit unsicheren/ändernden Anforderungen (z. B. Software, Produktdesign, agile Branchen). Ideal für iterative Umsetzung, regelmäßiges Feedback und flexible Anpassung.",Für welche Projekte eignet sich Scrum besonders?
04.05.01 Projektdesign,Nenne die Scrum-Werte! ,"Mut (für Neues und nicht perfekt zu sein), 
Fokus (auf die gemeinsamen Ziele und Aufgaben), 
Offenheit (für neue Informationen und Erfahrungen), 
Respekt (anderen und sich selbst gegenüber), 
Commitment (Selbstverpflichtung, freiwillig und selbstverantwortlich bei der Arbeit im Team)",Nenne die Scrum-Werte! 
04.05.01 Projektdesign,Nennen Sie drei mögliche Artefakte in Scrum.,"- Produkt Backlog
- Sprint Backlog
- Product Incremnent
",Nennen Sie drei mögliche Artefakte in Scrum.
04.05.01 Projektdesign,Was ist „agil“?,"flexibel, selbstorganisiert, iterativ mit zum Teil undefinierten Zielen

Alternativantwort:
Flexibilität, Anpassungsfähig und kontinuierliche Verbesserung.
",Was ist „agil“?
04.05.01 Projektdesign,Was sind Erfolgsfaktoren des agilen Projektmanagements bei dessen Anwendung. Nennen Sie drei!,"Drei Erfolgsfaktoren des agilen Projektmanagements:
Dediziertes, selbstorganisiertes Team – interdisziplinär, hoher Reifegrad, 100% Projektverfügbarkeit
Aktiv mitwirkender Auftraggeber – Vertrauen, iterative Reviews, kontinuierliches Feedback
Strikte Rollenklarheit – Product Owner, Scrum Master, Team mit klar abgegrenzten Verantwortlichkeiten
Alle drei Faktoren folgen dem empirischen Prozessmodell (Transparenz → Inspektion → Adaption) als agilem Grundprinzip.",Was sind Erfolgsfaktoren des agilen Projektmanagements bei dessen Anwendung. Nennen Sie drei!
04.05.01 Projektdesign,Was versteht man bei agilen Projekten unter Iteration?,"Iteration = Sich wiederholender Zeitraum gleichbleibender Länge (z. B. Sprint in Scrum), um schrittweise Projektziel zu entwickeln.",Was versteht man bei agilen Projekten unter Iteration?
04.05.01 Projektdesign,"Welche Aussage trifft auf scrum nicht zu?
a) Der aus der Softwareentwicklung stammt,
b) Mit dem vor allem Softwareentwicklung bearbeitet werden kann,  
c) Der in allen Arten von Projekten zum Erfolg führt, 
d) In dem das Team selbstorientiert arbeitet. ","c) Der in allen Arten von Projekten zum Erfolg führt, ","Welche Aussage trifft auf scrum nicht zu?
a) Der aus der Softwareentwicklung stammt,
b) Mit dem vor allem Softwareentwicklung bearbeitet werden kann,  
c) Der in allen Arten von Projekten zum Erfolg führt, 
d) In dem das Team selbstorientiert arbeitet. "
04.05.01 Projektdesign,Wer ist der Projektleiter in Scrum?,"
In Scrum gibt es keinen klassischen Projektleiter. Stattdessen werden die Aufgaben auf mehrere Rollen verteilt:
1. Product Owner: Verantwortlich für das Product-Backlog und die Priorisierung der Anforderungen.
2. Scrum Master: Unterstützt das Team, moderiert Prozesse und beseitigt Hindernisse.
3. Entwicklungsteam: Selbstorganisiert und verantwortlich für die Umsetzung der Aufgaben.
Die Verantwortung des Projektleiters wird also auf diese Rollen gleichermaßen aufgeteilt (laterale Hierarchie)!
",Wer ist der Projektleiter in Scrum?
04.05.01 Projektdesign,"Agile Projekte sind per Definition besonders kundenorientiert. Welche Rolle spielt der Kundenwert (Kundennutzen) bei der Steuerung eines Sprints? Markieren Sie die falsche Antwort.
a) Wenn sich Kundenbedürfnisse ändern, ändert sich auch der Kundenwert und der Backlog muss neu Priorisiert werden.
b) Der Kundenwert wird in Interviews ermittelt und soll sich während des Projekt nicht mehr ändern.
c) Die Priorisierung des Backlogs erfolgt laut Scrum durch den Product Owner, weil er am besten den Kundenwert kennt.
d) Der Kundenwert kann in Sprint Reviews validiert werden.

","b) Der Kundenwert wird in Interviews ermittelt und soll sich während des Projekt nicht mehr ändern.
","Agile Projekte sind per Definition besonders kundenorientiert. Welche Rolle spielt der Kundenwert (Kundennutzen) bei der Steuerung eines Sprints? Markieren Sie die falsche Antwort.
a) Wenn sich Kundenbedürfnisse ändern, ändert sich auch der Kundenwert und der Backlog muss neu Priorisiert werden.
b) Der Kundenwert wird in Interviews ermittelt und soll sich während des Projekt nicht mehr ändern.
c) Die Priorisierung des Backlogs erfolgt laut Scrum durch den Product Owner, weil er am besten den Kundenwert kennt.
d) Der Kundenwert kann in Sprint Reviews validiert werden.

"
04.05.01 Projektdesign,"Die Planung in agilen Projekten wird nicht zum Projektstart sondern (rollierend) zum Start jedes Sprints vorgenommen. Welche Aussagen gelten über die Ziele des Sprint Planning? Markieren Sie die falsche Antwort.
A) Nach dem Sprint Planning sind sich der Product Owner und das Team einig, was in dem Sprint erledigt werden soll.
B) Ziel des Sprint Planning ist, gemeinsam ein Sprint Backlog zu bilden.
C) Ziel des Sprint Planning ist, gemeinsam ein minimum viable product MVP zu definieren.
D) Ziel des Sprint Planning ist, die Anforderungen der relevanten Stakeholder zu ermitteln.
","D) Ziel des Sprint Planning ist, die Anforderungen der relevanten Stakeholder zu ermitteln.
Begründung: Schon von PO ermittelt und im Product backlog verortet!","Die Planung in agilen Projekten wird nicht zum Projektstart sondern (rollierend) zum Start jedes Sprints vorgenommen. Welche Aussagen gelten über die Ziele des Sprint Planning? Markieren Sie die falsche Antwort.
A) Nach dem Sprint Planning sind sich der Product Owner und das Team einig, was in dem Sprint erledigt werden soll.
B) Ziel des Sprint Planning ist, gemeinsam ein Sprint Backlog zu bilden.
C) Ziel des Sprint Planning ist, gemeinsam ein minimum viable product MVP zu definieren.
D) Ziel des Sprint Planning ist, die Anforderungen der relevanten Stakeholder zu ermitteln.
"
04.05.01 Projektdesign,"Erklären Sie das Vorgangsmodell SCRUM, nennen Sie Merkmale.","Scrum ist ein agiles Projektmanagement-Framework, das auf iterative Produktentwicklung in festen Zeitintervallen (Sprints) setzt und durch die Rollen Product Owner, Scrum Master und Entwicklungsteam, definierte Events (Sprint Planning, Daily Scrum, Review, Retrospektive) sowie Artefakte (Product Backlog, Sprint Backlog, Inkrement) gekennzeichnet ist. Zentrale Merkmale sind Selbstorganisation, Inspektion und Adaption, empirische Prozesssteuerung sowie kontinuierliche Verbesserung mit Fokus auf funktionsfähige Teilprodukte.

Iterative Vorgehensweise, Kundennähe, selbstbestimmte Arbeitsweise, Kommunikation, Flexibilität","Erklären Sie das Vorgangsmodell SCRUM, nennen Sie Merkmale."
04.05.01 Projektdesign,Für welche Projekte eignet sich Scrum besonders?,"Komplexe Projekte mit unsicheren/ändernden Anforderungen (z. B. Software, Produktdesign, agile Branchen). Ideal für iterative Umsetzung, regelmäßiges Feedback und flexible Anpassung.",Für welche Projekte eignet sich Scrum besonders?
04.05.01 Projektdesign,Nenne die Scrum-Werte! ,"Mut (für Neues und nicht perfekt zu sein), 
Fokus (auf die gemeinsamen Ziele und Aufgaben), 
Offenheit (für neue Informationen und Erfahrungen), 
Respekt (anderen und sich selbst gegenüber), 
Commitment (Selbstverpflichtung, freiwillig und selbstverantwortlich bei der Arbeit im Team)",Nenne die Scrum-Werte! 
04.05.01 Projektdesign,Nennen Sie drei mögliche Artefakte in Scrum.,"- Produkt Backlog
- Sprint Backlog
- Product Incremnent
",Nennen Sie drei mögliche Artefakte in Scrum.
04.05.01 Projektdesign,Was ist „agil“?,"flexibel, selbstorganisiert, iterativ mit zum Teil undefinierten Zielen

Alternativantwort:
Flexibilität, Anpassungsfähig und kontinuierliche Verbesserung.
",Was ist „agil“?
04.05.01 Projektdesign,Was sind Erfolgsfaktoren des agilen Projektmanagements bei dessen Anwendung. Nennen Sie drei!,"Drei Erfolgsfaktoren des agilen Projektmanagements:
Dediziertes, selbstorganisiertes Team – interdisziplinär, hoher Reifegrad, 100% Projektverfügbarkeit
Aktiv mitwirkender Auftraggeber – Vertrauen, iterative Reviews, kontinuierliches Feedback
Strikte Rollenklarheit – Product Owner, Scrum Master, Team mit klar abgegrenzten Verantwortlichkeiten
Alle drei Faktoren folgen dem empirischen Prozessmodell (Transparenz → Inspektion → Adaption) als agilem Grundprinzip.",Was sind Erfolgsfaktoren des agilen Projektmanagements bei dessen Anwendung. Nennen Sie drei!
04.05.01 Projektdesign,Was versteht man bei agilen Projekten unter Iteration?,"Iteration = Sich wiederholender Zeitraum gleichbleibender Länge (z. B. Sprint in Scrum), um schrittweise Projektziel zu entwickeln.",Was versteht man bei agilen Projekten unter Iteration?
04.05.01 Projektdesign,"Welche Aussage trifft auf scrum nicht zu?
a) Der aus der Softwareentwicklung stammt,
b) Mit dem vor allem Softwareentwicklung bearbeitet werden kann,  
c) Der in allen Arten von Projekten zum Erfolg führt, 
d) In dem das Team selbstorientiert arbeitet. ","c) Der in allen Arten von Projekten zum Erfolg führt, ","Welche Aussage trifft auf scrum nicht zu?
a) Der aus der Softwareentwicklung stammt,
b) Mit dem vor allem Softwareentwicklung bearbeitet werden kann,  
c) Der in allen Arten von Projekten zum Erfolg führt, 
d) In dem das Team selbstorientiert arbeitet. "
04.05.01 Projektdesign,Wer ist der Projektleiter in Scrum?,"
In Scrum gibt es keinen klassischen Projektleiter. Stattdessen werden die Aufgaben auf mehrere Rollen verteilt:
1. Product Owner: Verantwortlich für das Product-Backlog und die Priorisierung der Anforderungen.
2. Scrum Master: Unterstützt das Team, moderiert Prozesse und beseitigt Hindernisse.
3. Entwicklungsteam: Selbstorganisiert und verantwortlich für die Umsetzung der Aufgaben.
Die Verantwortung des Projektleiters wird also auf diese Rollen gleichermaßen aufgeteilt (laterale Hierarchie)!
",Wer ist der Projektleiter in Scrum?
04.05.01 Projektdesign,"Agile Projekte sind per Definition besonders kundenorientiert. Welche Rolle spielt der Kundenwert (Kundennutzen) bei der Steuerung eines Sprints? Markieren Sie die falsche Antwort.
a) Wenn sich Kundenbedürfnisse ändern, ändert sich auch der Kundenwert und der Backlog muss neu Priorisiert werden.
b) Der Kundenwert wird in Interviews ermittelt und soll sich während des Projekt nicht mehr ändern.
c) Die Priorisierung des Backlogs erfolgt laut Scrum durch den Product Owner, weil er am besten den Kundenwert kennt.
d) Der Kundenwert kann in Sprint Reviews validiert werden.

","b) Der Kundenwert wird in Interviews ermittelt und soll sich während des Projekt nicht mehr ändern.
","Agile Projekte sind per Definition besonders kundenorientiert. Welche Rolle spielt der Kundenwert (Kundennutzen) bei der Steuerung eines Sprints? Markieren Sie die falsche Antwort.
a) Wenn sich Kundenbedürfnisse ändern, ändert sich auch der Kundenwert und der Backlog muss neu Priorisiert werden.
b) Der Kundenwert wird in Interviews ermittelt und soll sich während des Projekt nicht mehr ändern.
c) Die Priorisierung des Backlogs erfolgt laut Scrum durch den Product Owner, weil er am besten den Kundenwert kennt.
d) Der Kundenwert kann in Sprint Reviews validiert werden.

"
04.05.01 Projektdesign,"Die Planung in agilen Projekten wird nicht zum Projektstart sondern (rollierend) zum Start jedes Sprints vorgenommen. Welche Aussagen gelten über die Ziele des Sprint Planning? Markieren Sie die falsche Antwort.
A) Nach dem Sprint Planning sind sich der Product Owner und das Team einig, was in dem Sprint erledigt werden soll.
B) Ziel des Sprint Planning ist, gemeinsam ein Sprint Backlog zu bilden.
C) Ziel des Sprint Planning ist, gemeinsam ein minimum viable product MVP zu definieren.
D) Ziel des Sprint Planning ist, die Anforderungen der relevanten Stakeholder zu ermitteln.
","D) Ziel des Sprint Planning ist, die Anforderungen der relevanten Stakeholder zu ermitteln.
Begründung: Schon von PO ermittelt und im Product backlog verortet!","Die Planung in agilen Projekten wird nicht zum Projektstart sondern (rollierend) zum Start jedes Sprints vorgenommen. Welche Aussagen gelten über die Ziele des Sprint Planning? Markieren Sie die falsche Antwort.
A) Nach dem Sprint Planning sind sich der Product Owner und das Team einig, was in dem Sprint erledigt werden soll.
B) Ziel des Sprint Planning ist, gemeinsam ein Sprint Backlog zu bilden.
C) Ziel des Sprint Planning ist, gemeinsam ein minimum viable product MVP zu definieren.
D) Ziel des Sprint Planning ist, die Anforderungen der relevanten Stakeholder zu ermitteln.
"
04.05.01 Projektdesign,"Erklären Sie das Vorgangsmodell SCRUM, nennen Sie Merkmale.","Scrum ist ein agiles Projektmanagement-Framework, das auf iterative Produktentwicklung in festen Zeitintervallen (Sprints) setzt und durch die Rollen Product Owner, Scrum Master und Entwicklungsteam, definierte Events (Sprint Planning, Daily Scrum, Review, Retrospektive) sowie Artefakte (Product Backlog, Sprint Backlog, Inkrement) gekennzeichnet ist. Zentrale Merkmale sind Selbstorganisation, Inspektion und Adaption, empirische Prozesssteuerung sowie kontinuierliche Verbesserung mit Fokus auf funktionsfähige Teilprodukte.

Iterative Vorgehensweise, Kundennähe, selbstbestimmte Arbeitsweise, Kommunikation, Flexibilität","Erklären Sie das Vorgangsmodell SCRUM, nennen Sie Merkmale."
04.05.01 Projektdesign,Für welche Projekte eignet sich Scrum besonders?,"Komplexe Projekte mit unsicheren/ändernden Anforderungen (z. B. Software, Produktdesign, agile Branchen). Ideal für iterative Umsetzung, regelmäßiges Feedback und flexible Anpassung.",Für welche Projekte eignet sich Scrum besonders?
04.05.01 Projektdesign,Nenne die Scrum-Werte! ,"Mut (für Neues und nicht perfekt zu sein), 
Fokus (auf die gemeinsamen Ziele und Aufgaben), 
Offenheit (für neue Informationen und Erfahrungen), 
Respekt (anderen und sich selbst gegenüber), 
Commitment (Selbstverpflichtung, freiwillig und selbstverantwortlich bei der Arbeit im Team)",Nenne die Scrum-Werte! 
04.05.01 Projektdesign,Nennen Sie drei mögliche Artefakte in Scrum.,"- Produkt Backlog
- Sprint Backlog
- Product Incremnent
",Nennen Sie drei mögliche Artefakte in Scrum.
04.05.01 Projektdesign,Was ist „agil“?,"flexibel, selbstorganisiert, iterativ mit zum Teil undefinierten Zielen

Alternativantwort:
Flexibilität, Anpassungsfähig und kontinuierliche Verbesserung.
",Was ist „agil“?
04.05.01 Projektdesign,Was sind Erfolgsfaktoren des agilen Projektmanagements bei dessen Anwendung. Nennen Sie drei!,"Drei Erfolgsfaktoren des agilen Projektmanagements:
Dediziertes, selbstorganisiertes Team – interdisziplinär, hoher Reifegrad, 100% Projektverfügbarkeit
Aktiv mitwirkender Auftraggeber – Vertrauen, iterative Reviews, kontinuierliches Feedback
Strikte Rollenklarheit – Product Owner, Scrum Master, Team mit klar abgegrenzten Verantwortlichkeiten
Alle drei Faktoren folgen dem empirischen Prozessmodell (Transparenz → Inspektion → Adaption) als agilem Grundprinzip.",Was sind Erfolgsfaktoren des agilen Projektmanagements bei dessen Anwendung. Nennen Sie drei!
04.05.01 Projektdesign,Was versteht man bei agilen Projekten unter Iteration?,"Iteration = Sich wiederholender Zeitraum gleichbleibender Länge (z. B. Sprint in Scrum), um schrittweise Projektziel zu entwickeln.",Was versteht man bei agilen Projekten unter Iteration?
04.05.01 Projektdesign,"Welche Aussage trifft auf scrum nicht zu?
a) Der aus der Softwareentwicklung stammt,
b) Mit dem vor allem Softwareentwicklung bearbeitet werden kann,  
c) Der in allen Arten von Projekten zum Erfolg führt, 
d) In dem das Team selbstorientiert arbeitet. ","c) Der in allen Arten von Projekten zum Erfolg führt, ","Welche Aussage trifft auf scrum nicht zu?
a) Der aus der Softwareentwicklung stammt,
b) Mit dem vor allem Softwareentwicklung bearbeitet werden kann,  
c) Der in allen Arten von Projekten zum Erfolg führt, 
d) In dem das Team selbstorientiert arbeitet. "
04.05.01 Projektdesign,Wer ist der Projektleiter in Scrum?,"
In Scrum gibt es keinen klassischen Projektleiter. Stattdessen werden die Aufgaben auf mehrere Rollen verteilt:
1. Product Owner: Verantwortlich für das Product-Backlog und die Priorisierung der Anforderungen.
2. Scrum Master: Unterstützt das Team, moderiert Prozesse und beseitigt Hindernisse.
3. Entwicklungsteam: Selbstorganisiert und verantwortlich für die Umsetzung der Aufgaben.
Die Verantwortung des Projektleiters wird also auf diese Rollen gleichermaßen aufgeteilt (laterale Hierarchie)!
",Wer ist der Projektleiter in Scrum?
04.05.01 Projektdesign,"Agile Projekte sind per Definition besonders kundenorientiert. Welche Rolle spielt der Kundenwert (Kundennutzen) bei der Steuerung eines Sprints? Markieren Sie die falsche Antwort.
a) Wenn sich Kundenbedürfnisse ändern, ändert sich auch der Kundenwert und der Backlog muss neu Priorisiert werden.
b) Der Kundenwert wird in Interviews ermittelt und soll sich während des Projekt nicht mehr ändern.
c) Die Priorisierung des Backlogs erfolgt laut Scrum durch den Product Owner, weil er am besten den Kundenwert kennt.
d) Der Kundenwert kann in Sprint Reviews validiert werden.

","b) Der Kundenwert wird in Interviews ermittelt und soll sich während des Projekt nicht mehr ändern.
","Agile Projekte sind per Definition besonders kundenorientiert. Welche Rolle spielt der Kundenwert (Kundennutzen) bei der Steuerung eines Sprints? Markieren Sie die falsche Antwort.
a) Wenn sich Kundenbedürfnisse ändern, ändert sich auch der Kundenwert und der Backlog muss neu Priorisiert werden.
b) Der Kundenwert wird in Interviews ermittelt und soll sich während des Projekt nicht mehr ändern.
c) Die Priorisierung des Backlogs erfolgt laut Scrum durch den Product Owner, weil er am besten den Kundenwert kennt.
d) Der Kundenwert kann in Sprint Reviews validiert werden.

"
04.05.01 Projektdesign,"Die Planung in agilen Projekten wird nicht zum Projektstart sondern (rollierend) zum Start jedes Sprints vorgenommen. Welche Aussagen gelten über die Ziele des Sprint Planning? Markieren Sie die falsche Antwort.
A) Nach dem Sprint Planning sind sich der Product Owner und das Team einig, was in dem Sprint erledigt werden soll.
B) Ziel des Sprint Planning ist, gemeinsam ein Sprint Backlog zu bilden.
C) Ziel des Sprint Planning ist, gemeinsam ein minimum viable product MVP zu definieren.
D) Ziel des Sprint Planning ist, die Anforderungen der relevanten Stakeholder zu ermitteln.
","D) Ziel des Sprint Planning ist, die Anforderungen der relevanten Stakeholder zu ermitteln.
Begründung: Schon von PO ermittelt und im Product backlog verortet!","Die Planung in agilen Projekten wird nicht zum Projektstart sondern (rollierend) zum Start jedes Sprints vorgenommen. Welche Aussagen gelten über die Ziele des Sprint Planning? Markieren Sie die falsche Antwort.
A) Nach dem Sprint Planning sind sich der Product Owner und das Team einig, was in dem Sprint erledigt werden soll.
B) Ziel des Sprint Planning ist, gemeinsam ein Sprint Backlog zu bilden.
C) Ziel des Sprint Planning ist, gemeinsam ein minimum viable product MVP zu definieren.
D) Ziel des Sprint Planning ist, die Anforderungen der relevanten Stakeholder zu ermitteln.
"
04.05.01 Projektdesign,"Erklären Sie das Vorgangsmodell SCRUM, nennen Sie Merkmale.","Scrum ist ein agiles Projektmanagement-Framework, das auf iterative Produktentwicklung in festen Zeitintervallen (Sprints) setzt und durch die Rollen Product Owner, Scrum Master und Entwicklungsteam, definierte Events (Sprint Planning, Daily Scrum, Review, Retrospektive) sowie Artefakte (Product Backlog, Sprint Backlog, Inkrement) gekennzeichnet ist. Zentrale Merkmale sind Selbstorganisation, Inspektion und Adaption, empirische Prozesssteuerung sowie kontinuierliche Verbesserung mit Fokus auf funktionsfähige Teilprodukte.

Iterative Vorgehensweise, Kundennähe, selbstbestimmte Arbeitsweise, Kommunikation, Flexibilität","Erklären Sie das Vorgangsmodell SCRUM, nennen Sie Merkmale."
04.05.01 Projektdesign,Für welche Projekte eignet sich Scrum besonders?,"Komplexe Projekte mit unsicheren/ändernden Anforderungen (z. B. Software, Produktdesign, agile Branchen). Ideal für iterative Umsetzung, regelmäßiges Feedback und flexible Anpassung.",Für welche Projekte eignet sich Scrum besonders?
04.05.01 Projektdesign,Nenne die Scrum-Werte! ,"Mut (für Neues und nicht perfekt zu sein), 
Fokus (auf die gemeinsamen Ziele und Aufgaben), 
Offenheit (für neue Informationen und Erfahrungen), 
Respekt (anderen und sich selbst gegenüber), 
Commitment (Selbstverpflichtung, freiwillig und selbstverantwortlich bei der Arbeit im Team)",Nenne die Scrum-Werte! 
04.05.01 Projektdesign,Nennen Sie drei mögliche Artefakte in Scrum.,"- Produkt Backlog
- Sprint Backlog
- Product Incremnent
",Nennen Sie drei mögliche Artefakte in Scrum.
04.05.01 Projektdesign,Was ist „agil“?,"flexibel, selbstorganisiert, iterativ mit zum Teil undefinierten Zielen

Alternativantwort:
Flexibilität, Anpassungsfähig und kontinuierliche Verbesserung.
",Was ist „agil“?
04.05.01 Projektdesign,Was sind Erfolgsfaktoren des agilen Projektmanagements bei dessen Anwendung. Nennen Sie drei!,"Drei Erfolgsfaktoren des agilen Projektmanagements:
Dediziertes, selbstorganisiertes Team – interdisziplinär, hoher Reifegrad, 100% Projektverfügbarkeit
Aktiv mitwirkender Auftraggeber – Vertrauen, iterative Reviews, kontinuierliches Feedback
Strikte Rollenklarheit – Product Owner, Scrum Master, Team mit klar abgegrenzten Verantwortlichkeiten
Alle drei Faktoren folgen dem empirischen Prozessmodell (Transparenz → Inspektion → Adaption) als agilem Grundprinzip.",Was sind Erfolgsfaktoren des agilen Projektmanagements bei dessen Anwendung. Nennen Sie drei!
04.05.01 Projektdesign,Was versteht man bei agilen Projekten unter Iteration?,"Iteration = Sich wiederholender Zeitraum gleichbleibender Länge (z. B. Sprint in Scrum), um schrittweise Projektziel zu entwickeln.",Was versteht man bei agilen Projekten unter Iteration?
04.05.01 Projektdesign,"Welche Aussage trifft auf scrum nicht zu?
a) Der aus der Softwareentwicklung stammt,
b) Mit dem vor allem Softwareentwicklung bearbeitet werden kann,  
c) Der in allen Arten von Projekten zum Erfolg führt, 
d) In dem das Team selbstorientiert arbeitet. ","c) Der in allen Arten von Projekten zum Erfolg führt, ","Welche Aussage trifft auf scrum nicht zu?
a) Der aus der Softwareentwicklung stammt,
b) Mit dem vor allem Softwareentwicklung bearbeitet werden kann,  
c) Der in allen Arten von Projekten zum Erfolg führt, 
d) In dem das Team selbstorientiert arbeitet. "
04.05.01 Projektdesign,Wer ist der Projektleiter in Scrum?,"
In Scrum gibt es keinen klassischen Projektleiter. Stattdessen werden die Aufgaben auf mehrere Rollen verteilt:
1. Product Owner: Verantwortlich für das Product-Backlog und die Priorisierung der Anforderungen.
2. Scrum Master: Unterstützt das Team, moderiert Prozesse und beseitigt Hindernisse.
3. Entwicklungsteam: Selbstorganisiert und verantwortlich für die Umsetzung der Aufgaben.
Die Verantwortung des Projektleiters wird also auf diese Rollen gleichermaßen aufgeteilt (laterale Hierarchie)!
",Wer ist der Projektleiter in Scrum?
04.05.01 Projektdesign,"Agile Projekte sind per Definition besonders kundenorientiert. Welche Rolle spielt der Kundenwert (Kundennutzen) bei der Steuerung eines Sprints? Markieren Sie die falsche Antwort.
a) Wenn sich Kundenbedürfnisse ändern, ändert sich auch der Kundenwert und der Backlog muss neu Priorisiert werden.
b) Der Kundenwert wird in Interviews ermittelt und soll sich während des Projekt nicht mehr ändern.
c) Die Priorisierung des Backlogs erfolgt laut Scrum durch den Product Owner, weil er am besten den Kundenwert kennt.
d) Der Kundenwert kann in Sprint Reviews validiert werden.

","b) Der Kundenwert wird in Interviews ermittelt und soll sich während des Projekt nicht mehr ändern.
","Agile Projekte sind per Definition besonders kundenorientiert. Welche Rolle spielt der Kundenwert (Kundennutzen) bei der Steuerung eines Sprints? Markieren Sie die falsche Antwort.
a) Wenn sich Kundenbedürfnisse ändern, ändert sich auch der Kundenwert und der Backlog muss neu Priorisiert werden.
b) Der Kundenwert wird in Interviews ermittelt und soll sich während des Projekt nicht mehr ändern.
c) Die Priorisierung des Backlogs erfolgt laut Scrum durch den Product Owner, weil er am besten den Kundenwert kennt.
d) Der Kundenwert kann in Sprint Reviews validiert werden.

"
04.05.01 Projektdesign,"Die Planung in agilen Projekten wird nicht zum Projektstart sondern (rollierend) zum Start jedes Sprints vorgenommen. Welche Aussagen gelten über die Ziele des Sprint Planning? Markieren Sie die falsche Antwort.
A) Nach dem Sprint Planning sind sich der Product Owner und das Team einig, was in dem Sprint erledigt werden soll.
B) Ziel des Sprint Planning ist, gemeinsam ein Sprint Backlog zu bilden.
C) Ziel des Sprint Planning ist, gemeinsam ein minimum viable product MVP zu definieren.
D) Ziel des Sprint Planning ist, die Anforderungen der relevanten Stakeholder zu ermitteln.
","D) Ziel des Sprint Planning ist, die Anforderungen der relevanten Stakeholder zu ermitteln.
Begründung: Schon von PO ermittelt und im Product backlog verortet!","Die Planung in agilen Projekten wird nicht zum Projektstart sondern (rollierend) zum Start jedes Sprints vorgenommen. Welche Aussagen gelten über die Ziele des Sprint Planning? Markieren Sie die falsche Antwort.
A) Nach dem Sprint Planning sind sich der Product Owner und das Team einig, was in dem Sprint erledigt werden soll.
B) Ziel des Sprint Planning ist, gemeinsam ein Sprint Backlog zu bilden.
C) Ziel des Sprint Planning ist, gemeinsam ein minimum viable product MVP zu definieren.
D) Ziel des Sprint Planning ist, die Anforderungen der relevanten Stakeholder zu ermitteln.
"
04.05.01 Projektdesign,"Erklären Sie das Vorgangsmodell SCRUM, nennen Sie Merkmale.","Scrum ist ein agiles Projektmanagement-Framework, das auf iterative Produktentwicklung in festen Zeitintervallen (Sprints) setzt und durch die Rollen Product Owner, Scrum Master und Entwicklungsteam, definierte Events (Sprint Planning, Daily Scrum, Review, Retrospektive) sowie Artefakte (Product Backlog, Sprint Backlog, Inkrement) gekennzeichnet ist. Zentrale Merkmale sind Selbstorganisation, Inspektion und Adaption, empirische Prozesssteuerung sowie kontinuierliche Verbesserung mit Fokus auf funktionsfähige Teilprodukte.

Iterative Vorgehensweise, Kundennähe, selbstbestimmte Arbeitsweise, Kommunikation, Flexibilität","Erklären Sie das Vorgangsmodell SCRUM, nennen Sie Merkmale."
04.05.01 Projektdesign,Für welche Projekte eignet sich Scrum besonders?,"Komplexe Projekte mit unsicheren/ändernden Anforderungen (z. B. Software, Produktdesign, agile Branchen). Ideal für iterative Umsetzung, regelmäßiges Feedback und flexible Anpassung.",Für welche Projekte eignet sich Scrum besonders?
04.05.01 Projektdesign,Nenne die Scrum-Werte! ,"Mut (für Neues und nicht perfekt zu sein), 
Fokus (auf die gemeinsamen Ziele und Aufgaben), 
Offenheit (für neue Informationen und Erfahrungen), 
Respekt (anderen und sich selbst gegenüber), 
Commitment (Selbstverpflichtung, freiwillig und selbstverantwortlich bei der Arbeit im Team)",Nenne die Scrum-Werte! 
04.05.01 Projektdesign,Nennen Sie drei mögliche Artefakte in Scrum.,"- Produkt Backlog
- Sprint Backlog
- Product Incremnent
",Nennen Sie drei mögliche Artefakte in Scrum.
04.05.01 Projektdesign,Was ist „agil“?,"flexibel, selbstorganisiert, iterativ mit zum Teil undefinierten Zielen

Alternativantwort:
Flexibilität, Anpassungsfähig und kontinuierliche Verbesserung.
",Was ist „agil“?
04.05.01 Projektdesign,Was sind Erfolgsfaktoren des agilen Projektmanagements bei dessen Anwendung. Nennen Sie drei!,"Drei Erfolgsfaktoren des agilen Projektmanagements:
Dediziertes, selbstorganisiertes Team – interdisziplinär, hoher Reifegrad, 100% Projektverfügbarkeit
Aktiv mitwirkender Auftraggeber – Vertrauen, iterative Reviews, kontinuierliches Feedback
Strikte Rollenklarheit – Product Owner, Scrum Master, Team mit klar abgegrenzten Verantwortlichkeiten
Alle drei Faktoren folgen dem empirischen Prozessmodell (Transparenz → Inspektion → Adaption) als agilem Grundprinzip.",Was sind Erfolgsfaktoren des agilen Projektmanagements bei dessen Anwendung. Nennen Sie drei!
04.05.01 Projektdesign,Was versteht man bei agilen Projekten unter Iteration?,"Iteration = Sich wiederholender Zeitraum gleichbleibender Länge (z. B. Sprint in Scrum), um schrittweise Projektziel zu entwickeln.",Was versteht man bei agilen Projekten unter Iteration?
04.05.01 Projektdesign,"Welche Aussage trifft auf scrum nicht zu?
a) Der aus der Softwareentwicklung stammt,
b) Mit dem vor allem Softwareentwicklung bearbeitet werden kann,  
c) Der in allen Arten von Projekten zum Erfolg führt, 
d) In dem das Team selbstorientiert arbeitet. ","c) Der in allen Arten von Projekten zum Erfolg führt, ","Welche Aussage trifft auf scrum nicht zu?
a) Der aus der Softwareentwicklung stammt,
b) Mit dem vor allem Softwareentwicklung bearbeitet werden kann,  
c) Der in allen Arten von Projekten zum Erfolg führt, 
d) In dem das Team selbstorientiert arbeitet. "
04.05.01 Projektdesign,Wer ist der Projektleiter in Scrum?,"
In Scrum gibt es keinen klassischen Projektleiter. Stattdessen werden die Aufgaben auf mehrere Rollen verteilt:
1. Product Owner: Verantwortlich für das Product-Backlog und die Priorisierung der Anforderungen.
2. Scrum Master: Unterstützt das Team, moderiert Prozesse und beseitigt Hindernisse.
3. Entwicklungsteam: Selbstorganisiert und verantwortlich für die Umsetzung der Aufgaben.
Die Verantwortung des Projektleiters wird also auf diese Rollen gleichermaßen aufgeteilt (laterale Hierarchie)!
",Wer ist der Projektleiter in Scrum?
04.05.01 Projektdesign,"Agile Projekte sind per Definition besonders kundenorientiert. Welche Rolle spielt der Kundenwert (Kundennutzen) bei der Steuerung eines Sprints? Markieren Sie die falsche Antwort.
a) Wenn sich Kundenbedürfnisse ändern, ändert sich auch der Kundenwert und der Backlog muss neu Priorisiert werden.
b) Der Kundenwert wird in Interviews ermittelt und soll sich während des Projekt nicht mehr ändern.
c) Die Priorisierung des Backlogs erfolgt laut Scrum durch den Product Owner, weil er am besten den Kundenwert kennt.
d) Der Kundenwert kann in Sprint Reviews validiert werden.

","b) Der Kundenwert wird in Interviews ermittelt und soll sich während des Projekt nicht mehr ändern.
","Agile Projekte sind per Definition besonders kundenorientiert. Welche Rolle spielt der Kundenwert (Kundennutzen) bei der Steuerung eines Sprints? Markieren Sie die falsche Antwort.
a) Wenn sich Kundenbedürfnisse ändern, ändert sich auch der Kundenwert und der Backlog muss neu Priorisiert werden.
b) Der Kundenwert wird in Interviews ermittelt und soll sich während des Projekt nicht mehr ändern.
c) Die Priorisierung des Backlogs erfolgt laut Scrum durch den Product Owner, weil er am besten den Kundenwert kennt.
d) Der Kundenwert kann in Sprint Reviews validiert werden.

"
04.05.01 Projektdesign,"Die Planung in agilen Projekten wird nicht zum Projektstart sondern (rollierend) zum Start jedes Sprints vorgenommen. Welche Aussagen gelten über die Ziele des Sprint Planning? Markieren Sie die falsche Antwort.
A) Nach dem Sprint Planning sind sich der Product Owner und das Team einig, was in dem Sprint erledigt werden soll.
B) Ziel des Sprint Planning ist, gemeinsam ein Sprint Backlog zu bilden.
C) Ziel des Sprint Planning ist, gemeinsam ein minimum viable product MVP zu definieren.
D) Ziel des Sprint Planning ist, die Anforderungen der relevanten Stakeholder zu ermitteln.
","D) Ziel des Sprint Planning ist, die Anforderungen der relevanten Stakeholder zu ermitteln.
Begründung: Schon von PO ermittelt und im Product backlog verortet!","Die Planung in agilen Projekten wird nicht zum Projektstart sondern (rollierend) zum Start jedes Sprints vorgenommen. Welche Aussagen gelten über die Ziele des Sprint Planning? Markieren Sie die falsche Antwort.
A) Nach dem Sprint Planning sind sich der Product Owner und das Team einig, was in dem Sprint erledigt werden soll.
B) Ziel des Sprint Planning ist, gemeinsam ein Sprint Backlog zu bilden.
C) Ziel des Sprint Planning ist, gemeinsam ein minimum viable product MVP zu definieren.
D) Ziel des Sprint Planning ist, die Anforderungen der relevanten Stakeholder zu ermitteln.
"
04.05.01 Projektdesign,"Erklären Sie das Vorgangsmodell SCRUM, nennen Sie Merkmale.","Scrum ist ein agiles Projektmanagement-Framework, das auf iterative Produktentwicklung in festen Zeitintervallen (Sprints) setzt und durch die Rollen Product Owner, Scrum Master und Entwicklungsteam, definierte Events (Sprint Planning, Daily Scrum, Review, Retrospektive) sowie Artefakte (Product Backlog, Sprint Backlog, Inkrement) gekennzeichnet ist. Zentrale Merkmale sind Selbstorganisation, Inspektion und Adaption, empirische Prozesssteuerung sowie kontinuierliche Verbesserung mit Fokus auf funktionsfähige Teilprodukte.

Iterative Vorgehensweise, Kundennähe, selbstbestimmte Arbeitsweise, Kommunikation, Flexibilität","Erklären Sie das Vorgangsmodell SCRUM, nennen Sie Merkmale."
04.05.01 Projektdesign,Für welche Projekte eignet sich Scrum besonders?,"Komplexe Projekte mit unsicheren/ändernden Anforderungen (z. B. Software, Produktdesign, agile Branchen). Ideal für iterative Umsetzung, regelmäßiges Feedback und flexible Anpassung.",Für welche Projekte eignet sich Scrum besonders?
04.05.01 Projektdesign,Nenne die Scrum-Werte! ,"Mut (für Neues und nicht perfekt zu sein), 
Fokus (auf die gemeinsamen Ziele und Aufgaben), 
Offenheit (für neue Informationen und Erfahrungen), 
Respekt (anderen und sich selbst gegenüber), 
Commitment (Selbstverpflichtung, freiwillig und selbstverantwortlich bei der Arbeit im Team)",Nenne die Scrum-Werte! 
04.05.01 Projektdesign,Nennen Sie drei mögliche Artefakte in Scrum.,"- Produkt Backlog
- Sprint Backlog
- Product Incremnent
",Nennen Sie drei mögliche Artefakte in Scrum.
04.05.01 Projektdesign,Was ist „agil“?,"flexibel, selbstorganisiert, iterativ mit zum Teil undefinierten Zielen

Alternativantwort:
Flexibilität, Anpassungsfähig und kontinuierliche Verbesserung.
",Was ist „agil“?
04.05.01 Projektdesign,Was sind Erfolgsfaktoren des agilen Projektmanagements bei dessen Anwendung. Nennen Sie drei!,"Drei Erfolgsfaktoren des agilen Projektmanagements:
Dediziertes, selbstorganisiertes Team – interdisziplinär, hoher Reifegrad, 100% Projektverfügbarkeit
Aktiv mitwirkender Auftraggeber – Vertrauen, iterative Reviews, kontinuierliches Feedback
Strikte Rollenklarheit – Product Owner, Scrum Master, Team mit klar abgegrenzten Verantwortlichkeiten
Alle drei Faktoren folgen dem empirischen Prozessmodell (Transparenz → Inspektion → Adaption) als agilem Grundprinzip.",Was sind Erfolgsfaktoren des agilen Projektmanagements bei dessen Anwendung. Nennen Sie drei!
04.05.01 Projektdesign,Was versteht man bei agilen Projekten unter Iteration?,"Iteration = Sich wiederholender Zeitraum gleichbleibender Länge (z. B. Sprint in Scrum), um schrittweise Projektziel zu entwickeln.",Was versteht man bei agilen Projekten unter Iteration?
04.05.01 Projektdesign,"Welche Aussage trifft auf scrum nicht zu?
a) Der aus der Softwareentwicklung stammt,
b) Mit dem vor allem Softwareentwicklung bearbeitet werden kann,  
c) Der in allen Arten von Projekten zum Erfolg führt, 
d) In dem das Team selbstorientiert arbeitet. ","c) Der in allen Arten von Projekten zum Erfolg führt, ","Welche Aussage trifft auf scrum nicht zu?
a) Der aus der Softwareentwicklung stammt,
b) Mit dem vor allem Softwareentwicklung bearbeitet werden kann,  
c) Der in allen Arten von Projekten zum Erfolg führt, 
d) In dem das Team selbstorientiert arbeitet. "
04.05.01 Projektdesign,Wer ist der Projektleiter in Scrum?,"
In Scrum gibt es keinen klassischen Projektleiter. Stattdessen werden die Aufgaben auf mehrere Rollen verteilt:
1. Product Owner: Verantwortlich für das Product-Backlog und die Priorisierung der Anforderungen.
2. Scrum Master: Unterstützt das Team, moderiert Prozesse und beseitigt Hindernisse.
3. Entwicklungsteam: Selbstorganisiert und verantwortlich für die Umsetzung der Aufgaben.
Die Verantwortung des Projektleiters wird also auf diese Rollen gleichermaßen aufgeteilt (laterale Hierarchie)!
",Wer ist der Projektleiter in Scrum?
04.05.01 Projektdesign,"Agile Projekte sind per Definition besonders kundenorientiert. Welche Rolle spielt der Kundenwert (Kundennutzen) bei der Steuerung eines Sprints? Markieren Sie die falsche Antwort.
a) Wenn sich Kundenbedürfnisse ändern, ändert sich auch der Kundenwert und der Backlog muss neu Priorisiert werden.
b) Der Kundenwert wird in Interviews ermittelt und soll sich während des Projekt nicht mehr ändern.
c) Die Priorisierung des Backlogs erfolgt laut Scrum durch den Product Owner, weil er am besten den Kundenwert kennt.
d) Der Kundenwert kann in Sprint Reviews validiert werden.

","b) Der Kundenwert wird in Interviews ermittelt und soll sich während des Projekt nicht mehr ändern.
","Agile Projekte sind per Definition besonders kundenorientiert. Welche Rolle spielt der Kundenwert (Kundennutzen) bei der Steuerung eines Sprints? Markieren Sie die falsche Antwort.
a) Wenn sich Kundenbedürfnisse ändern, ändert sich auch der Kundenwert und der Backlog muss neu Priorisiert werden.
b) Der Kundenwert wird in Interviews ermittelt und soll sich während des Projekt nicht mehr ändern.
c) Die Priorisierung des Backlogs erfolgt laut Scrum durch den Product Owner, weil er am besten den Kundenwert kennt.
d) Der Kundenwert kann in Sprint Reviews validiert werden.

"
04.05.01 Projektdesign,"Die Planung in agilen Projekten wird nicht zum Projektstart sondern (rollierend) zum Start jedes Sprints vorgenommen. Welche Aussagen gelten über die Ziele des Sprint Planning? Markieren Sie die falsche Antwort.
A) Nach dem Sprint Planning sind sich der Product Owner und das Team einig, was in dem Sprint erledigt werden soll.
B) Ziel des Sprint Planning ist, gemeinsam ein Sprint Backlog zu bilden.
C) Ziel des Sprint Planning ist, gemeinsam ein minimum viable product MVP zu definieren.
D) Ziel des Sprint Planning ist, die Anforderungen der relevanten Stakeholder zu ermitteln.
","D) Ziel des Sprint Planning ist, die Anforderungen der relevanten Stakeholder zu ermitteln.
Begründung: Schon von PO ermittelt und im Product backlog verortet!","Die Planung in agilen Projekten wird nicht zum Projektstart sondern (rollierend) zum Start jedes Sprints vorgenommen. Welche Aussagen gelten über die Ziele des Sprint Planning? Markieren Sie die falsche Antwort.
A) Nach dem Sprint Planning sind sich der Product Owner und das Team einig, was in dem Sprint erledigt werden soll.
B) Ziel des Sprint Planning ist, gemeinsam ein Sprint Backlog zu bilden.
C) Ziel des Sprint Planning ist, gemeinsam ein minimum viable product MVP zu definieren.
D) Ziel des Sprint Planning ist, die Anforderungen der relevanten Stakeholder zu ermitteln.
"
04.05.01 Projektdesign,"Erklären Sie das Vorgangsmodell SCRUM, nennen Sie Merkmale.","Scrum ist ein agiles Projektmanagement-Framework, das auf iterative Produktentwicklung in festen Zeitintervallen (Sprints) setzt und durch die Rollen Product Owner, Scrum Master und Entwicklungsteam, definierte Events (Sprint Planning, Daily Scrum, Review, Retrospektive) sowie Artefakte (Product Backlog, Sprint Backlog, Inkrement) gekennzeichnet ist. Zentrale Merkmale sind Selbstorganisation, Inspektion und Adaption, empirische Prozesssteuerung sowie kontinuierliche Verbesserung mit Fokus auf funktionsfähige Teilprodukte.

Iterative Vorgehensweise, Kundennähe, selbstbestimmte Arbeitsweise, Kommunikation, Flexibilität","Erklären Sie das Vorgangsmodell SCRUM, nennen Sie Merkmale."
04.05.01 Projektdesign,Für welche Projekte eignet sich Scrum besonders?,"Komplexe Projekte mit unsicheren/ändernden Anforderungen (z. B. Software, Produktdesign, agile Branchen). Ideal für iterative Umsetzung, regelmäßiges Feedback und flexible Anpassung.",Für welche Projekte eignet sich Scrum besonders?
04.05.01 Projektdesign,Nenne die Scrum-Werte! ,"Mut (für Neues und nicht perfekt zu sein), 
Fokus (auf die gemeinsamen Ziele und Aufgaben), 
Offenheit (für neue Informationen und Erfahrungen), 
Respekt (anderen und sich selbst gegenüber), 
Commitment (Selbstverpflichtung, freiwillig und selbstverantwortlich bei der Arbeit im Team)",Nenne die Scrum-Werte! 
04.05.01 Projektdesign,Nennen Sie drei mögliche Artefakte in Scrum.,"- Produkt Backlog
- Sprint Backlog
- Product Incremnent
",Nennen Sie drei mögliche Artefakte in Scrum.
04.05.01 Projektdesign,Was ist „agil“?,"flexibel, selbstorganisiert, iterativ mit zum Teil undefinierten Zielen

Alternativantwort:
Flexibilität, Anpassungsfähig und kontinuierliche Verbesserung.
",Was ist „agil“?
04.05.01 Projektdesign,Was sind Erfolgsfaktoren des agilen Projektmanagements bei dessen Anwendung. Nennen Sie drei!,"Drei Erfolgsfaktoren des agilen Projektmanagements:
Dediziertes, selbstorganisiertes Team – interdisziplinär, hoher Reifegrad, 100% Projektverfügbarkeit
Aktiv mitwirkender Auftraggeber – Vertrauen, iterative Reviews, kontinuierliches Feedback
Strikte Rollenklarheit – Product Owner, Scrum Master, Team mit klar abgegrenzten Verantwortlichkeiten
Alle drei Faktoren folgen dem empirischen Prozessmodell (Transparenz → Inspektion → Adaption) als agilem Grundprinzip.",Was sind Erfolgsfaktoren des agilen Projektmanagements bei dessen Anwendung. Nennen Sie drei!
04.05.01 Projektdesign,Was versteht man bei agilen Projekten unter Iteration?,"Iteration = Sich wiederholender Zeitraum gleichbleibender Länge (z. B. Sprint in Scrum), um schrittweise Projektziel zu entwickeln.",Was versteht man bei agilen Projekten unter Iteration?
04.05.01 Projektdesign,"Welche Aussage trifft auf scrum nicht zu?
a) Der aus der Softwareentwicklung stammt,
b) Mit dem vor allem Softwareentwicklung bearbeitet werden kann,  
c) Der in allen Arten von Projekten zum Erfolg führt, 
d) In dem das Team selbstorientiert arbeitet. ","c) Der in allen Arten von Projekten zum Erfolg führt, ","Welche Aussage trifft auf scrum nicht zu?
a) Der aus der Softwareentwicklung stammt,
b) Mit dem vor allem Softwareentwicklung bearbeitet werden kann,  
c) Der in allen Arten von Projekten zum Erfolg führt, 
d) In dem das Team selbstorientiert arbeitet. "
04.05.01 Projektdesign,Wer ist der Projektleiter in Scrum?,"
In Scrum gibt es keinen klassischen Projektleiter. Stattdessen werden die Aufgaben auf mehrere Rollen verteilt:
1. Product Owner: Verantwortlich für das Product-Backlog und die Priorisierung der Anforderungen.
2. Scrum Master: Unterstützt das Team, moderiert Prozesse und beseitigt Hindernisse.
3. Entwicklungsteam: Selbstorganisiert und verantwortlich für die Umsetzung der Aufgaben.
Die Verantwortung des Projektleiters wird also auf diese Rollen gleichermaßen aufgeteilt (laterale Hierarchie)!
",Wer ist der Projektleiter in Scrum?
04.05.01 Projektdesign,"Agile Projekte sind per Definition besonders kundenorientiert. Welche Rolle spielt der Kundenwert (Kundennutzen) bei der Steuerung eines Sprints? Markieren Sie die falsche Antwort.
a) Wenn sich Kundenbedürfnisse ändern, ändert sich auch der Kundenwert und der Backlog muss neu Priorisiert werden.
b) Der Kundenwert wird in Interviews ermittelt und soll sich während des Projekt nicht mehr ändern.
c) Die Priorisierung des Backlogs erfolgt laut Scrum durch den Product Owner, weil er am besten den Kundenwert kennt.
d) Der Kundenwert kann in Sprint Reviews validiert werden.

","b) Der Kundenwert wird in Interviews ermittelt und soll sich während des Projekt nicht mehr ändern.
","Agile Projekte sind per Definition besonders kundenorientiert. Welche Rolle spielt der Kundenwert (Kundennutzen) bei der Steuerung eines Sprints? Markieren Sie die falsche Antwort.
a) Wenn sich Kundenbedürfnisse ändern, ändert sich auch der Kundenwert und der Backlog muss neu Priorisiert werden.
b) Der Kundenwert wird in Interviews ermittelt und soll sich während des Projekt nicht mehr ändern.
c) Die Priorisierung des Backlogs erfolgt laut Scrum durch den Product Owner, weil er am besten den Kundenwert kennt.
d) Der Kundenwert kann in Sprint Reviews validiert werden.

"
04.05.01 Projektdesign,"Die Planung in agilen Projekten wird nicht zum Projektstart sondern (rollierend) zum Start jedes Sprints vorgenommen. Welche Aussagen gelten über die Ziele des Sprint Planning? Markieren Sie die falsche Antwort.
A) Nach dem Sprint Planning sind sich der Product Owner und das Team einig, was in dem Sprint erledigt werden soll.
B) Ziel des Sprint Planning ist, gemeinsam ein Sprint Backlog zu bilden.
C) Ziel des Sprint Planning ist, gemeinsam ein minimum viable product MVP zu definieren.
D) Ziel des Sprint Planning ist, die Anforderungen der relevanten Stakeholder zu ermitteln.
","D) Ziel des Sprint Planning ist, die Anforderungen der relevanten Stakeholder zu ermitteln.
Begründung: Schon von PO ermittelt und im Product backlog verortet!","Die Planung in agilen Projekten wird nicht zum Projektstart sondern (rollierend) zum Start jedes Sprints vorgenommen. Welche Aussagen gelten über die Ziele des Sprint Planning? Markieren Sie die falsche Antwort.
A) Nach dem Sprint Planning sind sich der Product Owner und das Team einig, was in dem Sprint erledigt werden soll.
B) Ziel des Sprint Planning ist, gemeinsam ein Sprint Backlog zu bilden.
C) Ziel des Sprint Planning ist, gemeinsam ein minimum viable product MVP zu definieren.
D) Ziel des Sprint Planning ist, die Anforderungen der relevanten Stakeholder zu ermitteln.
"
04.05.01 Projektdesign,"Erklären Sie das Vorgangsmodell SCRUM, nennen Sie Merkmale.","Scrum ist ein agiles Projektmanagement-Framework, das auf iterative Produktentwicklung in festen Zeitintervallen (Sprints) setzt und durch die Rollen Product Owner, Scrum Master und Entwicklungsteam, definierte Events (Sprint Planning, Daily Scrum, Review, Retrospektive) sowie Artefakte (Product Backlog, Sprint Backlog, Inkrement) gekennzeichnet ist. Zentrale Merkmale sind Selbstorganisation, Inspektion und Adaption, empirische Prozesssteuerung sowie kontinuierliche Verbesserung mit Fokus auf funktionsfähige Teilprodukte.

Iterative Vorgehensweise, Kundennähe, selbstbestimmte Arbeitsweise, Kommunikation, Flexibilität","Erklären Sie das Vorgangsmodell SCRUM, nennen Sie Merkmale."
04.05.01 Projektdesign,Für welche Projekte eignet sich Scrum besonders?,"Komplexe Projekte mit unsicheren/ändernden Anforderungen (z. B. Software, Produktdesign, agile Branchen). Ideal für iterative Umsetzung, regelmäßiges Feedback und flexible Anpassung.",Für welche Projekte eignet sich Scrum besonders?
04.05.01 Projektdesign,Nenne die Scrum-Werte! ,"Mut (für Neues und nicht perfekt zu sein), 
Fokus (auf die gemeinsamen Ziele und Aufgaben), 
Offenheit (für neue Informationen und Erfahrungen), 
Respekt (anderen und sich selbst gegenüber), 
Commitment (Selbstverpflichtung, freiwillig und selbstverantwortlich bei der Arbeit im Team)",Nenne die Scrum-Werte! 
04.05.01 Projektdesign,Nennen Sie drei mögliche Artefakte in Scrum.,"- Produkt Backlog
- Sprint Backlog
- Product Incremnent
",Nennen Sie drei mögliche Artefakte in Scrum.
04.05.01 Projektdesign,Was ist „agil“?,"flexibel, selbstorganisiert, iterativ mit zum Teil undefinierten Zielen

Alternativantwort:
Flexibilität, Anpassungsfähig und kontinuierliche Verbesserung.
",Was ist „agil“?
04.05.01 Projektdesign,Was sind Erfolgsfaktoren des agilen Projektmanagements bei dessen Anwendung. Nennen Sie drei!,"Drei Erfolgsfaktoren des agilen Projektmanagements:
Dediziertes, selbstorganisiertes Team – interdisziplinär, hoher Reifegrad, 100% Projektverfügbarkeit
Aktiv mitwirkender Auftraggeber – Vertrauen, iterative Reviews, kontinuierliches Feedback
Strikte Rollenklarheit – Product Owner, Scrum Master, Team mit klar abgegrenzten Verantwortlichkeiten
Alle drei Faktoren folgen dem empirischen Prozessmodell (Transparenz → Inspektion → Adaption) als agilem Grundprinzip.",Was sind Erfolgsfaktoren des agilen Projektmanagements bei dessen Anwendung. Nennen Sie drei!
04.05.01 Projektdesign,Was versteht man bei agilen Projekten unter Iteration?,"Iteration = Sich wiederholender Zeitraum gleichbleibender Länge (z. B. Sprint in Scrum), um schrittweise Projektziel zu entwickeln.",Was versteht man bei agilen Projekten unter Iteration?
04.05.01 Projektdesign,"Welche Aussage trifft auf scrum nicht zu?
a) Der aus der Softwareentwicklung stammt,
b) Mit dem vor allem Softwareentwicklung bearbeitet werden kann,  
c) Der in allen Arten von Projekten zum Erfolg führt, 
d) In dem das Team selbstorientiert arbeitet. ","c) Der in allen Arten von Projekten zum Erfolg führt, ","Welche Aussage trifft auf scrum nicht zu?
a) Der aus der Softwareentwicklung stammt,
b) Mit dem vor allem Softwareentwicklung bearbeitet werden kann,  
c) Der in allen Arten von Projekten zum Erfolg führt, 
d) In dem das Team selbstorientiert arbeitet. "
04.05.01 Projektdesign,Wer ist der Projektleiter in Scrum?,"
In Scrum gibt es keinen klassischen Projektleiter. Stattdessen werden die Aufgaben auf mehrere Rollen verteilt:
1. Product Owner: Verantwortlich für das Product-Backlog und die Priorisierung der Anforderungen.
2. Scrum Master: Unterstützt das Team, moderiert Prozesse und beseitigt Hindernisse.
3. Entwicklungsteam: Selbstorganisiert und verantwortlich für die Umsetzung der Aufgaben.
Die Verantwortung des Projektleiters wird also auf diese Rollen gleichermaßen aufgeteilt (laterale Hierarchie)!
",Wer ist der Projektleiter in Scrum?
04.05.01 Projektdesign,"Agile Projekte sind per Definition besonders kundenorientiert. Welche Rolle spielt der Kundenwert (Kundennutzen) bei der Steuerung eines Sprints? Markieren Sie die falsche Antwort.
a) Wenn sich Kundenbedürfnisse ändern, ändert sich auch der Kundenwert und der Backlog muss neu Priorisiert werden.
b) Der Kundenwert wird in Interviews ermittelt und soll sich während des Projekt nicht mehr ändern.
c) Die Priorisierung des Backlogs erfolgt laut Scrum durch den Product Owner, weil er am besten den Kundenwert kennt.
d) Der Kundenwert kann in Sprint Reviews validiert werden.

","b) Der Kundenwert wird in Interviews ermittelt und soll sich während des Projekt nicht mehr ändern.
","Agile Projekte sind per Definition besonders kundenorientiert. Welche Rolle spielt der Kundenwert (Kundennutzen) bei der Steuerung eines Sprints? Markieren Sie die falsche Antwort.
a) Wenn sich Kundenbedürfnisse ändern, ändert sich auch der Kundenwert und der Backlog muss neu Priorisiert werden.
b) Der Kundenwert wird in Interviews ermittelt und soll sich während des Projekt nicht mehr ändern.
c) Die Priorisierung des Backlogs erfolgt laut Scrum durch den Product Owner, weil er am besten den Kundenwert kennt.
d) Der Kundenwert kann in Sprint Reviews validiert werden.

"
04.05.01 Projektdesign,"Die Planung in agilen Projekten wird nicht zum Projektstart sondern (rollierend) zum Start jedes Sprints vorgenommen. Welche Aussagen gelten über die Ziele des Sprint Planning? Markieren Sie die falsche Antwort.
A) Nach dem Sprint Planning sind sich der Product Owner und das Team einig, was in dem Sprint erledigt werden soll.
B) Ziel des Sprint Planning ist, gemeinsam ein Sprint Backlog zu bilden.
C) Ziel des Sprint Planning ist, gemeinsam ein minimum viable product MVP zu definieren.
D) Ziel des Sprint Planning ist, die Anforderungen der relevanten Stakeholder zu ermitteln.
","D) Ziel des Sprint Planning ist, die Anforderungen der relevanten Stakeholder zu ermitteln.
Begründung: Schon von PO ermittelt und im Product backlog verortet!","Die Planung in agilen Projekten wird nicht zum Projektstart sondern (rollierend) zum Start jedes Sprints vorgenommen. Welche Aussagen gelten über die Ziele des Sprint Planning? Markieren Sie die falsche Antwort.
A) Nach dem Sprint Planning sind sich der Product Owner und das Team einig, was in dem Sprint erledigt werden soll.
B) Ziel des Sprint Planning ist, gemeinsam ein Sprint Backlog zu bilden.
C) Ziel des Sprint Planning ist, gemeinsam ein minimum viable product MVP zu definieren.
D) Ziel des Sprint Planning ist, die Anforderungen der relevanten Stakeholder zu ermitteln.
"
04.05.01 Projektdesign,"Erklären Sie das Vorgangsmodell SCRUM, nennen Sie Merkmale.","Scrum ist ein agiles Projektmanagement-Framework, das auf iterative Produktentwicklung in festen Zeitintervallen (Sprints) setzt und durch die Rollen Product Owner, Scrum Master und Entwicklungsteam, definierte Events (Sprint Planning, Daily Scrum, Review, Retrospektive) sowie Artefakte (Product Backlog, Sprint Backlog, Inkrement) gekennzeichnet ist. Zentrale Merkmale sind Selbstorganisation, Inspektion und Adaption, empirische Prozesssteuerung sowie kontinuierliche Verbesserung mit Fokus auf funktionsfähige Teilprodukte.

Iterative Vorgehensweise, Kundennähe, selbstbestimmte Arbeitsweise, Kommunikation, Flexibilität","Erklären Sie das Vorgangsmodell SCRUM, nennen Sie Merkmale."
04.05.01 Projektdesign,Für welche Projekte eignet sich Scrum besonders?,"Komplexe Projekte mit unsicheren/ändernden Anforderungen (z. B. Software, Produktdesign, agile Branchen). Ideal für iterative Umsetzung, regelmäßiges Feedback und flexible Anpassung.",Für welche Projekte eignet sich Scrum besonders?
04.05.01 Projektdesign,Nenne die Scrum-Werte! ,"Mut (für Neues und nicht perfekt zu sein), 
Fokus (auf die gemeinsamen Ziele und Aufgaben), 
Offenheit (für neue Informationen und Erfahrungen), 
Respekt (anderen und sich selbst gegenüber), 
Commitment (Selbstverpflichtung, freiwillig und selbstverantwortlich bei der Arbeit im Team)",Nenne die Scrum-Werte! 
04.05.01 Projektdesign,Nennen Sie drei mögliche Artefakte in Scrum.,"- Produkt Backlog
- Sprint Backlog
- Product Incremnent
",Nennen Sie drei mögliche Artefakte in Scrum.
04.05.01 Projektdesign,Was ist „agil“?,"flexibel, selbstorganisiert, iterativ mit zum Teil undefinierten Zielen

Alternativantwort:
Flexibilität, Anpassungsfähig und kontinuierliche Verbesserung.
",Was ist „agil“?
04.05.01 Projektdesign,Was sind Erfolgsfaktoren des agilen Projektmanagements bei dessen Anwendung. Nennen Sie drei!,"Drei Erfolgsfaktoren des agilen Projektmanagements:
Dediziertes, selbstorganisiertes Team – interdisziplinär, hoher Reifegrad, 100% Projektverfügbarkeit
Aktiv mitwirkender Auftraggeber – Vertrauen, iterative Reviews, kontinuierliches Feedback
Strikte Rollenklarheit – Product Owner, Scrum Master, Team mit klar abgegrenzten Verantwortlichkeiten
Alle drei Faktoren folgen dem empirischen Prozessmodell (Transparenz → Inspektion → Adaption) als agilem Grundprinzip.",Was sind Erfolgsfaktoren des agilen Projektmanagements bei dessen Anwendung. Nennen Sie drei!
04.05.01 Projektdesign,Was versteht man bei agilen Projekten unter Iteration?,"Iteration = Sich wiederholender Zeitraum gleichbleibender Länge (z. B. Sprint in Scrum), um schrittweise Projektziel zu entwickeln.",Was versteht man bei agilen Projekten unter Iteration?
04.05.01 Projektdesign,"Welche Aussage trifft auf scrum nicht zu?
a) Der aus der Softwareentwicklung stammt,
b) Mit dem vor allem Softwareentwicklung bearbeitet werden kann,  
c) Der in allen Arten von Projekten zum Erfolg führt, 
d) In dem das Team selbstorientiert arbeitet. ","c) Der in allen Arten von Projekten zum Erfolg führt, ","Welche Aussage trifft auf scrum nicht zu?
a) Der aus der Softwareentwicklung stammt,
b) Mit dem vor allem Softwareentwicklung bearbeitet werden kann,  
c) Der in allen Arten von Projekten zum Erfolg führt, 
d) In dem das Team selbstorientiert arbeitet. "
04.05.01 Projektdesign,Wer ist der Projektleiter in Scrum?,"
In Scrum gibt es keinen klassischen Projektleiter. Stattdessen werden die Aufgaben auf mehrere Rollen verteilt:
1. Product Owner: Verantwortlich für das Product-Backlog und die Priorisierung der Anforderungen.
2. Scrum Master: Unterstützt das Team, moderiert Prozesse und beseitigt Hindernisse.
3. Entwicklungsteam: Selbstorganisiert und verantwortlich für die Umsetzung der Aufgaben.
Die Verantwortung des Projektleiters wird also auf diese Rollen gleichermaßen aufgeteilt (laterale Hierarchie)!
",Wer ist der Projektleiter in Scrum?
04.05.01 Projektdesign,"Agile Projekte sind per Definition besonders kundenorientiert. Welche Rolle spielt der Kundenwert (Kundennutzen) bei der Steuerung eines Sprints? Markieren Sie die falsche Antwort.
a) Wenn sich Kundenbedürfnisse ändern, ändert sich auch der Kundenwert und der Backlog muss neu Priorisiert werden.
b) Der Kundenwert wird in Interviews ermittelt und soll sich während des Projekt nicht mehr ändern.
c) Die Priorisierung des Backlogs erfolgt laut Scrum durch den Product Owner, weil er am besten den Kundenwert kennt.
d) Der Kundenwert kann in Sprint Reviews validiert werden.

","b) Der Kundenwert wird in Interviews ermittelt und soll sich während des Projekt nicht mehr ändern.
","Agile Projekte sind per Definition besonders kundenorientiert. Welche Rolle spielt der Kundenwert (Kundennutzen) bei der Steuerung eines Sprints? Markieren Sie die falsche Antwort.
a) Wenn sich Kundenbedürfnisse ändern, ändert sich auch der Kundenwert und der Backlog muss neu Priorisiert werden.
b) Der Kundenwert wird in Interviews ermittelt und soll sich während des Projekt nicht mehr ändern.
c) Die Priorisierung des Backlogs erfolgt laut Scrum durch den Product Owner, weil er am besten den Kundenwert kennt.
d) Der Kundenwert kann in Sprint Reviews validiert werden.

"
04.05.01 Projektdesign,"Die Planung in agilen Projekten wird nicht zum Projektstart sondern (rollierend) zum Start jedes Sprints vorgenommen. Welche Aussagen gelten über die Ziele des Sprint Planning? Markieren Sie die falsche Antwort.
A) Nach dem Sprint Planning sind sich der Product Owner und das Team einig, was in dem Sprint erledigt werden soll.
B) Ziel des Sprint Planning ist, gemeinsam ein Sprint Backlog zu bilden.
C) Ziel des Sprint Planning ist, gemeinsam ein minimum viable product MVP zu definieren.
D) Ziel des Sprint Planning ist, die Anforderungen der relevanten Stakeholder zu ermitteln.
","D) Ziel des Sprint Planning ist, die Anforderungen der relevanten Stakeholder zu ermitteln.
Begründung: Schon von PO ermittelt und im Product backlog verortet!","Die Planung in agilen Projekten wird nicht zum Projektstart sondern (rollierend) zum Start jedes Sprints vorgenommen. Welche Aussagen gelten über die Ziele des Sprint Planning? Markieren Sie die falsche Antwort.
A) Nach dem Sprint Planning sind sich der Product Owner und das Team einig, was in dem Sprint erledigt werden soll.
B) Ziel des Sprint Planning ist, gemeinsam ein Sprint Backlog zu bilden.
C) Ziel des Sprint Planning ist, gemeinsam ein minimum viable product MVP zu definieren.
D) Ziel des Sprint Planning ist, die Anforderungen der relevanten Stakeholder zu ermitteln.
"
04.05.01 Projektdesign,"Erklären Sie das Vorgangsmodell SCRUM, nennen Sie Merkmale.","Scrum ist ein agiles Projektmanagement-Framework, das auf iterative Produktentwicklung in festen Zeitintervallen (Sprints) setzt und durch die Rollen Product Owner, Scrum Master und Entwicklungsteam, definierte Events (Sprint Planning, Daily Scrum, Review, Retrospektive) sowie Artefakte (Product Backlog, Sprint Backlog, Inkrement) gekennzeichnet ist. Zentrale Merkmale sind Selbstorganisation, Inspektion und Adaption, empirische Prozesssteuerung sowie kontinuierliche Verbesserung mit Fokus auf funktionsfähige Teilprodukte.

Iterative Vorgehensweise, Kundennähe, selbstbestimmte Arbeitsweise, Kommunikation, Flexibilität","Erklären Sie das Vorgangsmodell SCRUM, nennen Sie Merkmale."
04.05.01 Projektdesign,Für welche Projekte eignet sich Scrum besonders?,"Komplexe Projekte mit unsicheren/ändernden Anforderungen (z. B. Software, Produktdesign, agile Branchen). Ideal für iterative Umsetzung, regelmäßiges Feedback und flexible Anpassung.",Für welche Projekte eignet sich Scrum besonders?
04.05.01 Projektdesign,Nenne die Scrum-Werte! ,"Mut (für Neues und nicht perfekt zu sein), 
Fokus (auf die gemeinsamen Ziele und Aufgaben), 
Offenheit (für neue Informationen und Erfahrungen), 
Respekt (anderen und sich selbst gegenüber), 
Commitment (Selbstverpflichtung, freiwillig und selbstverantwortlich bei der Arbeit im Team)",Nenne die Scrum-Werte! 
04.05.01 Projektdesign,Nennen Sie drei mögliche Artefakte in Scrum.,"- Produkt Backlog
- Sprint Backlog
- Product Incremnent
",Nennen Sie drei mögliche Artefakte in Scrum.
04.05.01 Projektdesign,Was ist „agil“?,"flexibel, selbstorganisiert, iterativ mit zum Teil undefinierten Zielen

Alternativantwort:
Flexibilität, Anpassungsfähig und kontinuierliche Verbesserung.
",Was ist „agil“?
04.05.01 Projektdesign,Was sind Erfolgsfaktoren des agilen Projektmanagements bei dessen Anwendung. Nennen Sie drei!,"Drei Erfolgsfaktoren des agilen Projektmanagements:
Dediziertes, selbstorganisiertes Team – interdisziplinär, hoher Reifegrad, 100% Projektverfügbarkeit
Aktiv mitwirkender Auftraggeber – Vertrauen, iterative Reviews, kontinuierliches Feedback
Strikte Rollenklarheit – Product Owner, Scrum Master, Team mit klar abgegrenzten Verantwortlichkeiten
Alle drei Faktoren folgen dem empirischen Prozessmodell (Transparenz → Inspektion → Adaption) als agilem Grundprinzip.",Was sind Erfolgsfaktoren des agilen Projektmanagements bei dessen Anwendung. Nennen Sie drei!
04.05.01 Projektdesign,Was versteht man bei agilen Projekten unter Iteration?,"Iteration = Sich wiederholender Zeitraum gleichbleibender Länge (z. B. Sprint in Scrum), um schrittweise Projektziel zu entwickeln.",Was versteht man bei agilen Projekten unter Iteration?
04.05.01 Projektdesign,"Welche Aussage trifft auf scrum nicht zu?
a) Der aus der Softwareentwicklung stammt,
b) Mit dem vor allem Softwareentwicklung bearbeitet werden kann,  
c) Der in allen Arten von Projekten zum Erfolg führt, 
d) In dem das Team selbstorientiert arbeitet. ","c) Der in allen Arten von Projekten zum Erfolg führt, ","Welche Aussage trifft auf scrum nicht zu?
a) Der aus der Softwareentwicklung stammt,
b) Mit dem vor allem Softwareentwicklung bearbeitet werden kann,  
c) Der in allen Arten von Projekten zum Erfolg führt, 
d) In dem das Team selbstorientiert arbeitet. "
04.05.01 Projektdesign,Wer ist der Projektleiter in Scrum?,"
In Scrum gibt es keinen klassischen Projektleiter. Stattdessen werden die Aufgaben auf mehrere Rollen verteilt:
1. Product Owner: Verantwortlich für das Product-Backlog und die Priorisierung der Anforderungen.
2. Scrum Master: Unterstützt das Team, moderiert Prozesse und beseitigt Hindernisse.
3. Entwicklungsteam: Selbstorganisiert und verantwortlich für die Umsetzung der Aufgaben.
Die Verantwortung des Projektleiters wird also auf diese Rollen gleichermaßen aufgeteilt (laterale Hierarchie)!
",Wer ist der Projektleiter in Scrum?
04.05.01 Projektdesign,"Agile Projekte sind per Definition besonders kundenorientiert. Welche Rolle spielt der Kundenwert (Kundennutzen) bei der Steuerung eines Sprints? Markieren Sie die falsche Antwort.
a) Wenn sich Kundenbedürfnisse ändern, ändert sich auch der Kundenwert und der Backlog muss neu Priorisiert werden.
b) Der Kundenwert wird in Interviews ermittelt und soll sich während des Projekt nicht mehr ändern.
c) Die Priorisierung des Backlogs erfolgt laut Scrum durch den Product Owner, weil er am besten den Kundenwert kennt.
d) Der Kundenwert kann in Sprint Reviews validiert werden.

","b) Der Kundenwert wird in Interviews ermittelt und soll sich während des Projekt nicht mehr ändern.
","Agile Projekte sind per Definition besonders kundenorientiert. Welche Rolle spielt der Kundenwert (Kundennutzen) bei der Steuerung eines Sprints? Markieren Sie die falsche Antwort.
a) Wenn sich Kundenbedürfnisse ändern, ändert sich auch der Kundenwert und der Backlog muss neu Priorisiert werden.
b) Der Kundenwert wird in Interviews ermittelt und soll sich während des Projekt nicht mehr ändern.
c) Die Priorisierung des Backlogs erfolgt laut Scrum durch den Product Owner, weil er am besten den Kundenwert kennt.
d) Der Kundenwert kann in Sprint Reviews validiert werden.

"
04.05.01 Projektdesign,"Die Planung in agilen Projekten wird nicht zum Projektstart sondern (rollierend) zum Start jedes Sprints vorgenommen. Welche Aussagen gelten über die Ziele des Sprint Planning? Markieren Sie die falsche Antwort.
A) Nach dem Sprint Planning sind sich der Product Owner und das Team einig, was in dem Sprint erledigt werden soll.
B) Ziel des Sprint Planning ist, gemeinsam ein Sprint Backlog zu bilden.
C) Ziel des Sprint Planning ist, gemeinsam ein minimum viable product MVP zu definieren.
D) Ziel des Sprint Planning ist, die Anforderungen der relevanten Stakeholder zu ermitteln.
","D) Ziel des Sprint Planning ist, die Anforderungen der relevanten Stakeholder zu ermitteln.
Begründung: Schon von PO ermittelt und im Product backlog verortet!","Die Planung in agilen Projekten wird nicht zum Projektstart sondern (rollierend) zum Start jedes Sprints vorgenommen. Welche Aussagen gelten über die Ziele des Sprint Planning? Markieren Sie die falsche Antwort.
A) Nach dem Sprint Planning sind sich der Product Owner und das Team einig, was in dem Sprint erledigt werden soll.
B) Ziel des Sprint Planning ist, gemeinsam ein Sprint Backlog zu bilden.
C) Ziel des Sprint Planning ist, gemeinsam ein minimum viable product MVP zu definieren.
D) Ziel des Sprint Planning ist, die Anforderungen der relevanten Stakeholder zu ermitteln.
"
04.05.01 Projektdesign,"Erklären Sie das Vorgangsmodell SCRUM, nennen Sie Merkmale.","Scrum ist ein agiles Projektmanagement-Framework, das auf iterative Produktentwicklung in festen Zeitintervallen (Sprints) setzt und durch die Rollen Product Owner, Scrum Master und Entwicklungsteam, definierte Events (Sprint Planning, Daily Scrum, Review, Retrospektive) sowie Artefakte (Product Backlog, Sprint Backlog, Inkrement) gekennzeichnet ist. Zentrale Merkmale sind Selbstorganisation, Inspektion und Adaption, empirische Prozesssteuerung sowie kontinuierliche Verbesserung mit Fokus auf funktionsfähige Teilprodukte.

Iterative Vorgehensweise, Kundennähe, selbstbestimmte Arbeitsweise, Kommunikation, Flexibilität","Erklären Sie das Vorgangsmodell SCRUM, nennen Sie Merkmale."
04.05.01 Projektdesign,Für welche Projekte eignet sich Scrum besonders?,"Komplexe Projekte mit unsicheren/ändernden Anforderungen (z. B. Software, Produktdesign, agile Branchen). Ideal für iterative Umsetzung, regelmäßiges Feedback und flexible Anpassung.",Für welche Projekte eignet sich Scrum besonders?
04.05.01 Projektdesign,Nenne die Scrum-Werte! ,"Mut (für Neues und nicht perfekt zu sein), 
Fokus (auf die gemeinsamen Ziele und Aufgaben), 
Offenheit (für neue Informationen und Erfahrungen), 
Respekt (anderen und sich selbst gegenüber), 
Commitment (Selbstverpflichtung, freiwillig und selbstverantwortlich bei der Arbeit im Team)",Nenne die Scrum-Werte! 
04.05.01 Projektdesign,Nennen Sie drei mögliche Artefakte in Scrum.,"- Produkt Backlog
- Sprint Backlog
- Product Incremnent
",Nennen Sie drei mögliche Artefakte in Scrum.
04.05.01 Projektdesign,Was ist „agil“?,"flexibel, selbstorganisiert, iterativ mit zum Teil undefinierten Zielen

Alternativantwort:
Flexibilität, Anpassungsfähig und kontinuierliche Verbesserung.
",Was ist „agil“?
04.05.01 Projektdesign,Was sind Erfolgsfaktoren des agilen Projektmanagements bei dessen Anwendung. Nennen Sie drei!,"Drei Erfolgsfaktoren des agilen Projektmanagements:
Dediziertes, selbstorganisiertes Team – interdisziplinär, hoher Reifegrad, 100% Projektverfügbarkeit
Aktiv mitwirkender Auftraggeber – Vertrauen, iterative Reviews, kontinuierliches Feedback
Strikte Rollenklarheit – Product Owner, Scrum Master, Team mit klar abgegrenzten Verantwortlichkeiten
Alle drei Faktoren folgen dem empirischen Prozessmodell (Transparenz → Inspektion → Adaption) als agilem Grundprinzip.",Was sind Erfolgsfaktoren des agilen Projektmanagements bei dessen Anwendung. Nennen Sie drei!
04.05.01 Projektdesign,Was versteht man bei agilen Projekten unter Iteration?,"Iteration = Sich wiederholender Zeitraum gleichbleibender Länge (z. B. Sprint in Scrum), um schrittweise Projektziel zu entwickeln.",Was versteht man bei agilen Projekten unter Iteration?
04.05.01 Projektdesign,"Welche Aussage trifft auf scrum nicht zu?
a) Der aus der Softwareentwicklung stammt,
b) Mit dem vor allem Softwareentwicklung bearbeitet werden kann,  
c) Der in allen Arten von Projekten zum Erfolg führt, 
d) In dem das Team selbstorientiert arbeitet. ","c) Der in allen Arten von Projekten zum Erfolg führt, ","Welche Aussage trifft auf scrum nicht zu?
a) Der aus der Softwareentwicklung stammt,
b) Mit dem vor allem Softwareentwicklung bearbeitet werden kann,  
c) Der in allen Arten von Projekten zum Erfolg führt, 
d) In dem das Team selbstorientiert arbeitet. "
04.05.01 Projektdesign,Wer ist der Projektleiter in Scrum?,"
In Scrum gibt es keinen klassischen Projektleiter. Stattdessen werden die Aufgaben auf mehrere Rollen verteilt:
1. Product Owner: Verantwortlich für das Product-Backlog und die Priorisierung der Anforderungen.
2. Scrum Master: Unterstützt das Team, moderiert Prozesse und beseitigt Hindernisse.
3. Entwicklungsteam: Selbstorganisiert und verantwortlich für die Umsetzung der Aufgaben.
Die Verantwortung des Projektleiters wird also auf diese Rollen gleichermaßen aufgeteilt (laterale Hierarchie)!
",Wer ist der Projektleiter in Scrum?
04.05.01 Projektdesign,"Agile Projekte sind per Definition besonders kundenorientiert. Welche Rolle spielt der Kundenwert (Kundennutzen) bei der Steuerung eines Sprints? Markieren Sie die falsche Antwort.
a) Wenn sich Kundenbedürfnisse ändern, ändert sich auch der Kundenwert und der Backlog muss neu Priorisiert werden.
b) Der Kundenwert wird in Interviews ermittelt und soll sich während des Projekt nicht mehr ändern.
c) Die Priorisierung des Backlogs erfolgt laut Scrum durch den Product Owner, weil er am besten den Kundenwert kennt.
d) Der Kundenwert kann in Sprint Reviews validiert werden.

","b) Der Kundenwert wird in Interviews ermittelt und soll sich während des Projekt nicht mehr ändern.
","Agile Projekte sind per Definition besonders kundenorientiert. Welche Rolle spielt der Kundenwert (Kundennutzen) bei der Steuerung eines Sprints? Markieren Sie die falsche Antwort.
a) Wenn sich Kundenbedürfnisse ändern, ändert sich auch der Kundenwert und der Backlog muss neu Priorisiert werden.
b) Der Kundenwert wird in Interviews ermittelt und soll sich während des Projekt nicht mehr ändern.
c) Die Priorisierung des Backlogs erfolgt laut Scrum durch den Product Owner, weil er am besten den Kundenwert kennt.
d) Der Kundenwert kann in Sprint Reviews validiert werden.

"
04.05.01 Projektdesign,"Die Planung in agilen Projekten wird nicht zum Projektstart sondern (rollierend) zum Start jedes Sprints vorgenommen. Welche Aussagen gelten über die Ziele des Sprint Planning? Markieren Sie die falsche Antwort.
A) Nach dem Sprint Planning sind sich der Product Owner und das Team einig, was in dem Sprint erledigt werden soll.
B) Ziel des Sprint Planning ist, gemeinsam ein Sprint Backlog zu bilden.
C) Ziel des Sprint Planning ist, gemeinsam ein minimum viable product MVP zu definieren.
D) Ziel des Sprint Planning ist, die Anforderungen der relevanten Stakeholder zu ermitteln.
","D) Ziel des Sprint Planning ist, die Anforderungen der relevanten Stakeholder zu ermitteln.
Begründung: Schon von PO ermittelt und im Product backlog verortet!","Die Planung in agilen Projekten wird nicht zum Projektstart sondern (rollierend) zum Start jedes Sprints vorgenommen. Welche Aussagen gelten über die Ziele des Sprint Planning? Markieren Sie die falsche Antwort.
A) Nach dem Sprint Planning sind sich der Product Owner und das Team einig, was in dem Sprint erledigt werden soll.
B) Ziel des Sprint Planning ist, gemeinsam ein Sprint Backlog zu bilden.
C) Ziel des Sprint Planning ist, gemeinsam ein minimum viable product MVP zu definieren.
D) Ziel des Sprint Planning ist, die Anforderungen der relevanten Stakeholder zu ermitteln.
"
04.05.01 Projektdesign,"Erklären Sie das Vorgangsmodell SCRUM, nennen Sie Merkmale.","Scrum ist ein agiles Projektmanagement-Framework, das auf iterative Produktentwicklung in festen Zeitintervallen (Sprints) setzt und durch die Rollen Product Owner, Scrum Master und Entwicklungsteam, definierte Events (Sprint Planning, Daily Scrum, Review, Retrospektive) sowie Artefakte (Product Backlog, Sprint Backlog, Inkrement) gekennzeichnet ist. Zentrale Merkmale sind Selbstorganisation, Inspektion und Adaption, empirische Prozesssteuerung sowie kontinuierliche Verbesserung mit Fokus auf funktionsfähige Teilprodukte.

Iterative Vorgehensweise, Kundennähe, selbstbestimmte Arbeitsweise, Kommunikation, Flexibilität","Erklären Sie das Vorgangsmodell SCRUM, nennen Sie Merkmale."
04.05.01 Projektdesign,Für welche Projekte eignet sich Scrum besonders?,"Komplexe Projekte mit unsicheren/ändernden Anforderungen (z. B. Software, Produktdesign, agile Branchen). Ideal für iterative Umsetzung, regelmäßiges Feedback und flexible Anpassung.",Für welche Projekte eignet sich Scrum besonders?
04.05.01 Projektdesign,Nenne die Scrum-Werte! ,"Mut (für Neues und nicht perfekt zu sein), 
Fokus (auf die gemeinsamen Ziele und Aufgaben), 
Offenheit (für neue Informationen und Erfahrungen), 
Respekt (anderen und sich selbst gegenüber), 
Commitment (Selbstverpflichtung, freiwillig und selbstverantwortlich bei der Arbeit im Team)",Nenne die Scrum-Werte! 
04.05.01 Projektdesign,Nennen Sie drei mögliche Artefakte in Scrum.,"- Produkt Backlog
- Sprint Backlog
- Product Incremnent
",Nennen Sie drei mögliche Artefakte in Scrum.
04.05.01 Projektdesign,Was ist „agil“?,"flexibel, selbstorganisiert, iterativ mit zum Teil undefinierten Zielen

Alternativantwort:
Flexibilität, Anpassungsfähig und kontinuierliche Verbesserung.
",Was ist „agil“?
04.05.01 Projektdesign,Was sind Erfolgsfaktoren des agilen Projektmanagements bei dessen Anwendung. Nennen Sie drei!,"Drei Erfolgsfaktoren des agilen Projektmanagements:
Dediziertes, selbstorganisiertes Team – interdisziplinär, hoher Reifegrad, 100% Projektverfügbarkeit
Aktiv mitwirkender Auftraggeber – Vertrauen, iterative Reviews, kontinuierliches Feedback
Strikte Rollenklarheit – Product Owner, Scrum Master, Team mit klar abgegrenzten Verantwortlichkeiten
Alle drei Faktoren folgen dem empirischen Prozessmodell (Transparenz → Inspektion → Adaption) als agilem Grundprinzip.",Was sind Erfolgsfaktoren des agilen Projektmanagements bei dessen Anwendung. Nennen Sie drei!
04.05.01 Projektdesign,Was versteht man bei agilen Projekten unter Iteration?,"Iteration = Sich wiederholender Zeitraum gleichbleibender Länge (z. B. Sprint in Scrum), um schrittweise Projektziel zu entwickeln.",Was versteht man bei agilen Projekten unter Iteration?
04.05.01 Projektdesign,"Welche Aussage trifft auf scrum nicht zu?
a) Der aus der Softwareentwicklung stammt,
b) Mit dem vor allem Softwareentwicklung bearbeitet werden kann,  
c) Der in allen Arten von Projekten zum Erfolg führt, 
d) In dem das Team selbstorientiert arbeitet. ","c) Der in allen Arten von Projekten zum Erfolg führt, ","Welche Aussage trifft auf scrum nicht zu?
a) Der aus der Softwareentwicklung stammt,
b) Mit dem vor allem Softwareentwicklung bearbeitet werden kann,  
c) Der in allen Arten von Projekten zum Erfolg führt, 
d) In dem das Team selbstorientiert arbeitet. "
04.05.01 Projektdesign,Wer ist der Projektleiter in Scrum?,"
In Scrum gibt es keinen klassischen Projektleiter. Stattdessen werden die Aufgaben auf mehrere Rollen verteilt:
1. Product Owner: Verantwortlich für das Product-Backlog und die Priorisierung der Anforderungen.
2. Scrum Master: Unterstützt das Team, moderiert Prozesse und beseitigt Hindernisse.
3. Entwicklungsteam: Selbstorganisiert und verantwortlich für die Umsetzung der Aufgaben.
Die Verantwortung des Projektleiters wird also auf diese Rollen gleichermaßen aufgeteilt (laterale Hierarchie)!
",Wer ist der Projektleiter in Scrum?
04.05.01 Projektdesign,"Agile Projekte sind per Definition besonders kundenorientiert. Welche Rolle spielt der Kundenwert (Kundennutzen) bei der Steuerung eines Sprints? Markieren Sie die falsche Antwort.
a) Wenn sich Kundenbedürfnisse ändern, ändert sich auch der Kundenwert und der Backlog muss neu Priorisiert werden.
b) Der Kundenwert wird in Interviews ermittelt und soll sich während des Projekt nicht mehr ändern.
c) Die Priorisierung des Backlogs erfolgt laut Scrum durch den Product Owner, weil er am besten den Kundenwert kennt.
d) Der Kundenwert kann in Sprint Reviews validiert werden.

","b) Der Kundenwert wird in Interviews ermittelt und soll sich während des Projekt nicht mehr ändern.
","Agile Projekte sind per Definition besonders kundenorientiert. Welche Rolle spielt der Kundenwert (Kundennutzen) bei der Steuerung eines Sprints? Markieren Sie die falsche Antwort.
a) Wenn sich Kundenbedürfnisse ändern, ändert sich auch der Kundenwert und der Backlog muss neu Priorisiert werden.
b) Der Kundenwert wird in Interviews ermittelt und soll sich während des Projekt nicht mehr ändern.
c) Die Priorisierung des Backlogs erfolgt laut Scrum durch den Product Owner, weil er am besten den Kundenwert kennt.
d) Der Kundenwert kann in Sprint Reviews validiert werden.

"
04.05.01 Projektdesign,"Die Planung in agilen Projekten wird nicht zum Projektstart sondern (rollierend) zum Start jedes Sprints vorgenommen. Welche Aussagen gelten über die Ziele des Sprint Planning? Markieren Sie die falsche Antwort.
A) Nach dem Sprint Planning sind sich der Product Owner und das Team einig, was in dem Sprint erledigt werden soll.
B) Ziel des Sprint Planning ist, gemeinsam ein Sprint Backlog zu bilden.
C) Ziel des Sprint Planning ist, gemeinsam ein minimum viable product MVP zu definieren.
D) Ziel des Sprint Planning ist, die Anforderungen der relevanten Stakeholder zu ermitteln.
","D) Ziel des Sprint Planning ist, die Anforderungen der relevanten Stakeholder zu ermitteln.
Begründung: Schon von PO ermittelt und im Product backlog verortet!","Die Planung in agilen Projekten wird nicht zum Projektstart sondern (rollierend) zum Start jedes Sprints vorgenommen. Welche Aussagen gelten über die Ziele des Sprint Planning? Markieren Sie die falsche Antwort.
A) Nach dem Sprint Planning sind sich der Product Owner und das Team einig, was in dem Sprint erledigt werden soll.
B) Ziel des Sprint Planning ist, gemeinsam ein Sprint Backlog zu bilden.
C) Ziel des Sprint Planning ist, gemeinsam ein minimum viable product MVP zu definieren.
D) Ziel des Sprint Planning ist, die Anforderungen der relevanten Stakeholder zu ermitteln.
"
04.05.01 Projektdesign,"Erklären Sie das Vorgangsmodell SCRUM, nennen Sie Merkmale.","Scrum ist ein agiles Projektmanagement-Framework, das auf iterative Produktentwicklung in festen Zeitintervallen (Sprints) setzt und durch die Rollen Product Owner, Scrum Master und Entwicklungsteam, definierte Events (Sprint Planning, Daily Scrum, Review, Retrospektive) sowie Artefakte (Product Backlog, Sprint Backlog, Inkrement) gekennzeichnet ist. Zentrale Merkmale sind Selbstorganisation, Inspektion und Adaption, empirische Prozesssteuerung sowie kontinuierliche Verbesserung mit Fokus auf funktionsfähige Teilprodukte.

Iterative Vorgehensweise, Kundennähe, selbstbestimmte Arbeitsweise, Kommunikation, Flexibilität","Erklären Sie das Vorgangsmodell SCRUM, nennen Sie Merkmale."
04.05.01 Projektdesign,Für welche Projekte eignet sich Scrum besonders?,"Komplexe Projekte mit unsicheren/ändernden Anforderungen (z. B. Software, Produktdesign, agile Branchen). Ideal für iterative Umsetzung, regelmäßiges Feedback und flexible Anpassung.",Für welche Projekte eignet sich Scrum besonders?
04.05.01 Projektdesign,Nenne die Scrum-Werte! ,"Mut (für Neues und nicht perfekt zu sein), 
Fokus (auf die gemeinsamen Ziele und Aufgaben), 
Offenheit (für neue Informationen und Erfahrungen), 
Respekt (anderen und sich selbst gegenüber), 
Commitment (Selbstverpflichtung, freiwillig und selbstverantwortlich bei der Arbeit im Team)",Nenne die Scrum-Werte! 
04.05.01 Projektdesign,Nennen Sie drei mögliche Artefakte in Scrum.,"- Produkt Backlog
- Sprint Backlog
- Product Incremnent
",Nennen Sie drei mögliche Artefakte in Scrum.
04.05.01 Projektdesign,Was ist „agil“?,"flexibel, selbstorganisiert, iterativ mit zum Teil undefinierten Zielen

Alternativantwort:
Flexibilität, Anpassungsfähig und kontinuierliche Verbesserung.
",Was ist „agil“?
04.05.01 Projektdesign,Was sind Erfolgsfaktoren des agilen Projektmanagements bei dessen Anwendung. Nennen Sie drei!,"Drei Erfolgsfaktoren des agilen Projektmanagements:
Dediziertes, selbstorganisiertes Team – interdisziplinär, hoher Reifegrad, 100% Projektverfügbarkeit
Aktiv mitwirkender Auftraggeber – Vertrauen, iterative Reviews, kontinuierliches Feedback
Strikte Rollenklarheit – Product Owner, Scrum Master, Team mit klar abgegrenzten Verantwortlichkeiten
Alle drei Faktoren folgen dem empirischen Prozessmodell (Transparenz → Inspektion → Adaption) als agilem Grundprinzip.",Was sind Erfolgsfaktoren des agilen Projektmanagements bei dessen Anwendung. Nennen Sie drei!
04.05.01 Projektdesign,Was versteht man bei agilen Projekten unter Iteration?,"Iteration = Sich wiederholender Zeitraum gleichbleibender Länge (z. B. Sprint in Scrum), um schrittweise Projektziel zu entwickeln.",Was versteht man bei agilen Projekten unter Iteration?
04.05.01 Projektdesign,"Welche Aussage trifft auf scrum nicht zu?
a) Der aus der Softwareentwicklung stammt,
b) Mit dem vor allem Softwareentwicklung bearbeitet werden kann,  
c) Der in allen Arten von Projekten zum Erfolg führt, 
d) In dem das Team selbstorientiert arbeitet. ","c) Der in allen Arten von Projekten zum Erfolg führt, ","Welche Aussage trifft auf scrum nicht zu?
a) Der aus der Softwareentwicklung stammt,
b) Mit dem vor allem Softwareentwicklung bearbeitet werden kann,  
c) Der in allen Arten von Projekten zum Erfolg führt, 
d) In dem das Team selbstorientiert arbeitet. "
04.05.01 Projektdesign,Wer ist der Projektleiter in Scrum?,"
In Scrum gibt es keinen klassischen Projektleiter. Stattdessen werden die Aufgaben auf mehrere Rollen verteilt:
1. Product Owner: Verantwortlich für das Product-Backlog und die Priorisierung der Anforderungen.
2. Scrum Master: Unterstützt das Team, moderiert Prozesse und beseitigt Hindernisse.
3. Entwicklungsteam: Selbstorganisiert und verantwortlich für die Umsetzung der Aufgaben.
Die Verantwortung des Projektleiters wird also auf diese Rollen gleichermaßen aufgeteilt (laterale Hierarchie)!
",Wer ist der Projektleiter in Scrum?
04.05.01 Projektdesign,"Agile Projekte sind per Definition besonders kundenorientiert. Welche Rolle spielt der Kundenwert (Kundennutzen) bei der Steuerung eines Sprints? Markieren Sie die falsche Antwort.
a) Wenn sich Kundenbedürfnisse ändern, ändert sich auch der Kundenwert und der Backlog muss neu Priorisiert werden.
b) Der Kundenwert wird in Interviews ermittelt und soll sich während des Projekt nicht mehr ändern.
c) Die Priorisierung des Backlogs erfolgt laut Scrum durch den Product Owner, weil er am besten den Kundenwert kennt.
d) Der Kundenwert kann in Sprint Reviews validiert werden.

","b) Der Kundenwert wird in Interviews ermittelt und soll sich während des Projekt nicht mehr ändern.
","Agile Projekte sind per Definition besonders kundenorientiert. Welche Rolle spielt der Kundenwert (Kundennutzen) bei der Steuerung eines Sprints? Markieren Sie die falsche Antwort.
a) Wenn sich Kundenbedürfnisse ändern, ändert sich auch der Kundenwert und der Backlog muss neu Priorisiert werden.
b) Der Kundenwert wird in Interviews ermittelt und soll sich während des Projekt nicht mehr ändern.
c) Die Priorisierung des Backlogs erfolgt laut Scrum durch den Product Owner, weil er am besten den Kundenwert kennt.
d) Der Kundenwert kann in Sprint Reviews validiert werden.

"
04.05.01 Projektdesign,"Die Planung in agilen Projekten wird nicht zum Projektstart sondern (rollierend) zum Start jedes Sprints vorgenommen. Welche Aussagen gelten über die Ziele des Sprint Planning? Markieren Sie die falsche Antwort.
A) Nach dem Sprint Planning sind sich der Product Owner und das Team einig, was in dem Sprint erledigt werden soll.
B) Ziel des Sprint Planning ist, gemeinsam ein Sprint Backlog zu bilden.
C) Ziel des Sprint Planning ist, gemeinsam ein minimum viable product MVP zu definieren.
D) Ziel des Sprint Planning ist, die Anforderungen der relevanten Stakeholder zu ermitteln.
","D) Ziel des Sprint Planning ist, die Anforderungen der relevanten Stakeholder zu ermitteln.
Begründung: Schon von PO ermittelt und im Product backlog verortet!","Die Planung in agilen Projekten wird nicht zum Projektstart sondern (rollierend) zum Start jedes Sprints vorgenommen. Welche Aussagen gelten über die Ziele des Sprint Planning? Markieren Sie die falsche Antwort.
A) Nach dem Sprint Planning sind sich der Product Owner und das Team einig, was in dem Sprint erledigt werden soll.
B) Ziel des Sprint Planning ist, gemeinsam ein Sprint Backlog zu bilden.
C) Ziel des Sprint Planning ist, gemeinsam ein minimum viable product MVP zu definieren.
D) Ziel des Sprint Planning ist, die Anforderungen der relevanten Stakeholder zu ermitteln.
"
04.05.01 Projektdesign,"Erklären Sie das Vorgangsmodell SCRUM, nennen Sie Merkmale.","Scrum ist ein agiles Projektmanagement-Framework, das auf iterative Produktentwicklung in festen Zeitintervallen (Sprints) setzt und durch die Rollen Product Owner, Scrum Master und Entwicklungsteam, definierte Events (Sprint Planning, Daily Scrum, Review, Retrospektive) sowie Artefakte (Product Backlog, Sprint Backlog, Inkrement) gekennzeichnet ist. Zentrale Merkmale sind Selbstorganisation, Inspektion und Adaption, empirische Prozesssteuerung sowie kontinuierliche Verbesserung mit Fokus auf funktionsfähige Teilprodukte.

Iterative Vorgehensweise, Kundennähe, selbstbestimmte Arbeitsweise, Kommunikation, Flexibilität","Erklären Sie das Vorgangsmodell SCRUM, nennen Sie Merkmale."
04.05.01 Projektdesign,Für welche Projekte eignet sich Scrum besonders?,"Komplexe Projekte mit unsicheren/ändernden Anforderungen (z. B. Software, Produktdesign, agile Branchen). Ideal für iterative Umsetzung, regelmäßiges Feedback und flexible Anpassung.",Für welche Projekte eignet sich Scrum besonders?
04.05.01 Projektdesign,Nenne die Scrum-Werte! ,"Mut (für Neues und nicht perfekt zu sein), 
Fokus (auf die gemeinsamen Ziele und Aufgaben), 
Offenheit (für neue Informationen und Erfahrungen), 
Respekt (anderen und sich selbst gegenüber), 
Commitment (Selbstverpflichtung, freiwillig und selbstverantwortlich bei der Arbeit im Team)",Nenne die Scrum-Werte! 
04.05.01 Projektdesign,Nennen Sie drei mögliche Artefakte in Scrum.,"- Produkt Backlog
- Sprint Backlog
- Product Incremnent
",Nennen Sie drei mögliche Artefakte in Scrum.
04.05.01 Projektdesign,Was ist „agil“?,"flexibel, selbstorganisiert, iterativ mit zum Teil undefinierten Zielen

Alternativantwort:
Flexibilität, Anpassungsfähig und kontinuierliche Verbesserung.
",Was ist „agil“?
04.05.01 Projektdesign,Was sind Erfolgsfaktoren des agilen Projektmanagements bei dessen Anwendung. Nennen Sie drei!,"Drei Erfolgsfaktoren des agilen Projektmanagements:
Dediziertes, selbstorganisiertes Team – interdisziplinär, hoher Reifegrad, 100% Projektverfügbarkeit
Aktiv mitwirkender Auftraggeber – Vertrauen, iterative Reviews, kontinuierliches Feedback
Strikte Rollenklarheit – Product Owner, Scrum Master, Team mit klar abgegrenzten Verantwortlichkeiten
Alle drei Faktoren folgen dem empirischen Prozessmodell (Transparenz → Inspektion → Adaption) als agilem Grundprinzip.",Was sind Erfolgsfaktoren des agilen Projektmanagements bei dessen Anwendung. Nennen Sie drei!
04.05.01 Projektdesign,Was versteht man bei agilen Projekten unter Iteration?,"Iteration = Sich wiederholender Zeitraum gleichbleibender Länge (z. B. Sprint in Scrum), um schrittweise Projektziel zu entwickeln.",Was versteht man bei agilen Projekten unter Iteration?
04.05.01 Projektdesign,"Welche Aussage trifft auf scrum nicht zu?
a) Der aus der Softwareentwicklung stammt,
b) Mit dem vor allem Softwareentwicklung bearbeitet werden kann,  
c) Der in allen Arten von Projekten zum Erfolg führt, 
d) In dem das Team selbstorientiert arbeitet. ","c) Der in allen Arten von Projekten zum Erfolg führt, ","Welche Aussage trifft auf scrum nicht zu?
a) Der aus der Softwareentwicklung stammt,
b) Mit dem vor allem Softwareentwicklung bearbeitet werden kann,  
c) Der in allen Arten von Projekten zum Erfolg führt, 
d) In dem das Team selbstorientiert arbeitet. "
04.05.01 Projektdesign,Wer ist der Projektleiter in Scrum?,"
In Scrum gibt es keinen klassischen Projektleiter. Stattdessen werden die Aufgaben auf mehrere Rollen verteilt:
1. Product Owner: Verantwortlich für das Product-Backlog und die Priorisierung der Anforderungen.
2. Scrum Master: Unterstützt das Team, moderiert Prozesse und beseitigt Hindernisse.
3. Entwicklungsteam: Selbstorganisiert und verantwortlich für die Umsetzung der Aufgaben.
Die Verantwortung des Projektleiters wird also auf diese Rollen gleichermaßen aufgeteilt (laterale Hierarchie)!
",Wer ist der Projektleiter in Scrum?
04.05.01 Projektdesign,"Agile Projekte sind per Definition besonders kundenorientiert. Welche Rolle spielt der Kundenwert (Kundennutzen) bei der Steuerung eines Sprints? Markieren Sie die falsche Antwort.
a) Wenn sich Kundenbedürfnisse ändern, ändert sich auch der Kundenwert und der Backlog muss neu Priorisiert werden.
b) Der Kundenwert wird in Interviews ermittelt und soll sich während des Projekt nicht mehr ändern.
c) Die Priorisierung des Backlogs erfolgt laut Scrum durch den Product Owner, weil er am besten den Kundenwert kennt.
d) Der Kundenwert kann in Sprint Reviews validiert werden.

","b) Der Kundenwert wird in Interviews ermittelt und soll sich während des Projekt nicht mehr ändern.
","Agile Projekte sind per Definition besonders kundenorientiert. Welche Rolle spielt der Kundenwert (Kundennutzen) bei der Steuerung eines Sprints? Markieren Sie die falsche Antwort.
a) Wenn sich Kundenbedürfnisse ändern, ändert sich auch der Kundenwert und der Backlog muss neu Priorisiert werden.
b) Der Kundenwert wird in Interviews ermittelt und soll sich während des Projekt nicht mehr ändern.
c) Die Priorisierung des Backlogs erfolgt laut Scrum durch den Product Owner, weil er am besten den Kundenwert kennt.
d) Der Kundenwert kann in Sprint Reviews validiert werden.

"
04.05.01 Projektdesign,"Die Planung in agilen Projekten wird nicht zum Projektstart sondern (rollierend) zum Start jedes Sprints vorgenommen. Welche Aussagen gelten über die Ziele des Sprint Planning? Markieren Sie die falsche Antwort.
A) Nach dem Sprint Planning sind sich der Product Owner und das Team einig, was in dem Sprint erledigt werden soll.
B) Ziel des Sprint Planning ist, gemeinsam ein Sprint Backlog zu bilden.
C) Ziel des Sprint Planning ist, gemeinsam ein minimum viable product MVP zu definieren.
D) Ziel des Sprint Planning ist, die Anforderungen der relevanten Stakeholder zu ermitteln.
","D) Ziel des Sprint Planning ist, die Anforderungen der relevanten Stakeholder zu ermitteln.
Begründung: Schon von PO ermittelt und im Product backlog verortet!","Die Planung in agilen Projekten wird nicht zum Projektstart sondern (rollierend) zum Start jedes Sprints vorgenommen. Welche Aussagen gelten über die Ziele des Sprint Planning? Markieren Sie die falsche Antwort.
A) Nach dem Sprint Planning sind sich der Product Owner und das Team einig, was in dem Sprint erledigt werden soll.
B) Ziel des Sprint Planning ist, gemeinsam ein Sprint Backlog zu bilden.
C) Ziel des Sprint Planning ist, gemeinsam ein minimum viable product MVP zu definieren.
D) Ziel des Sprint Planning ist, die Anforderungen der relevanten Stakeholder zu ermitteln.
"
04.05.01 Projektdesign,"Erklären Sie das Vorgangsmodell SCRUM, nennen Sie Merkmale.","Scrum ist ein agiles Projektmanagement-Framework, das auf iterative Produktentwicklung in festen Zeitintervallen (Sprints) setzt und durch die Rollen Product Owner, Scrum Master und Entwicklungsteam, definierte Events (Sprint Planning, Daily Scrum, Review, Retrospektive) sowie Artefakte (Product Backlog, Sprint Backlog, Inkrement) gekennzeichnet ist. Zentrale Merkmale sind Selbstorganisation, Inspektion und Adaption, empirische Prozesssteuerung sowie kontinuierliche Verbesserung mit Fokus auf funktionsfähige Teilprodukte.

Iterative Vorgehensweise, Kundennähe, selbstbestimmte Arbeitsweise, Kommunikation, Flexibilität","Erklären Sie das Vorgangsmodell SCRUM, nennen Sie Merkmale."
04.05.01 Projektdesign,Für welche Projekte eignet sich Scrum besonders?,"Komplexe Projekte mit unsicheren/ändernden Anforderungen (z. B. Software, Produktdesign, agile Branchen). Ideal für iterative Umsetzung, regelmäßiges Feedback und flexible Anpassung.",Für welche Projekte eignet sich Scrum besonders?
04.05.01 Projektdesign,Nenne die Scrum-Werte! ,"Mut (für Neues und nicht perfekt zu sein), 
Fokus (auf die gemeinsamen Ziele und Aufgaben), 
Offenheit (für neue Informationen und Erfahrungen), 
Respekt (anderen und sich selbst gegenüber), 
Commitment (Selbstverpflichtung, freiwillig und selbstverantwortlich bei der Arbeit im Team)",Nenne die Scrum-Werte! 
04.05.01 Projektdesign,Nennen Sie drei mögliche Artefakte in Scrum.,"- Produkt Backlog
- Sprint Backlog
- Product Incremnent
",Nennen Sie drei mögliche Artefakte in Scrum.
04.05.01 Projektdesign,Was ist „agil“?,"flexibel, selbstorganisiert, iterativ mit zum Teil undefinierten Zielen

Alternativantwort:
Flexibilität, Anpassungsfähig und kontinuierliche Verbesserung.
",Was ist „agil“?
04.05.01 Projektdesign,Was sind Erfolgsfaktoren des agilen Projektmanagements bei dessen Anwendung. Nennen Sie drei!,"Drei Erfolgsfaktoren des agilen Projektmanagements:
Dediziertes, selbstorganisiertes Team – interdisziplinär, hoher Reifegrad, 100% Projektverfügbarkeit
Aktiv mitwirkender Auftraggeber – Vertrauen, iterative Reviews, kontinuierliches Feedback
Strikte Rollenklarheit – Product Owner, Scrum Master, Team mit klar abgegrenzten Verantwortlichkeiten
Alle drei Faktoren folgen dem empirischen Prozessmodell (Transparenz → Inspektion → Adaption) als agilem Grundprinzip.",Was sind Erfolgsfaktoren des agilen Projektmanagements bei dessen Anwendung. Nennen Sie drei!
04.05.01 Projektdesign,Was versteht man bei agilen Projekten unter Iteration?,"Iteration = Sich wiederholender Zeitraum gleichbleibender Länge (z. B. Sprint in Scrum), um schrittweise Projektziel zu entwickeln.",Was versteht man bei agilen Projekten unter Iteration?
04.05.01 Projektdesign,"Welche Aussage trifft auf scrum nicht zu?
a) Der aus der Softwareentwicklung stammt,
b) Mit dem vor allem Softwareentwicklung bearbeitet werden kann,  
c) Der in allen Arten von Projekten zum Erfolg führt, 
d) In dem das Team selbstorientiert arbeitet. ","c) Der in allen Arten von Projekten zum Erfolg führt, ","Welche Aussage trifft auf scrum nicht zu?
a) Der aus der Softwareentwicklung stammt,
b) Mit dem vor allem Softwareentwicklung bearbeitet werden kann,  
c) Der in allen Arten von Projekten zum Erfolg führt, 
d) In dem das Team selbstorientiert arbeitet. "
04.05.01 Projektdesign,Wer ist der Projektleiter in Scrum?,"
In Scrum gibt es keinen klassischen Projektleiter. Stattdessen werden die Aufgaben auf mehrere Rollen verteilt:
1. Product Owner: Verantwortlich für das Product-Backlog und die Priorisierung der Anforderungen.
2. Scrum Master: Unterstützt das Team, moderiert Prozesse und beseitigt Hindernisse.
3. Entwicklungsteam: Selbstorganisiert und verantwortlich für die Umsetzung der Aufgaben.
Die Verantwortung des Projektleiters wird also auf diese Rollen gleichermaßen aufgeteilt (laterale Hierarchie)!
",Wer ist der Projektleiter in Scrum?
04.05.01 Projektdesign,"Agile Projekte sind per Definition besonders kundenorientiert. Welche Rolle spielt der Kundenwert (Kundennutzen) bei der Steuerung eines Sprints? Markieren Sie die falsche Antwort.
a) Wenn sich Kundenbedürfnisse ändern, ändert sich auch der Kundenwert und der Backlog muss neu Priorisiert werden.
b) Der Kundenwert wird in Interviews ermittelt und soll sich während des Projekt nicht mehr ändern.
c) Die Priorisierung des Backlogs erfolgt laut Scrum durch den Product Owner, weil er am besten den Kundenwert kennt.
d) Der Kundenwert kann in Sprint Reviews validiert werden.

","b) Der Kundenwert wird in Interviews ermittelt und soll sich während des Projekt nicht mehr ändern.
","Agile Projekte sind per Definition besonders kundenorientiert. Welche Rolle spielt der Kundenwert (Kundennutzen) bei der Steuerung eines Sprints? Markieren Sie die falsche Antwort.
a) Wenn sich Kundenbedürfnisse ändern, ändert sich auch der Kundenwert und der Backlog muss neu Priorisiert werden.
b) Der Kundenwert wird in Interviews ermittelt und soll sich während des Projekt nicht mehr ändern.
c) Die Priorisierung des Backlogs erfolgt laut Scrum durch den Product Owner, weil er am besten den Kundenwert kennt.
d) Der Kundenwert kann in Sprint Reviews validiert werden.

"
04.05.01 Projektdesign,"Die Planung in agilen Projekten wird nicht zum Projektstart sondern (rollierend) zum Start jedes Sprints vorgenommen. Welche Aussagen gelten über die Ziele des Sprint Planning? Markieren Sie die falsche Antwort.
A) Nach dem Sprint Planning sind sich der Product Owner und das Team einig, was in dem Sprint erledigt werden soll.
B) Ziel des Sprint Planning ist, gemeinsam ein Sprint Backlog zu bilden.
C) Ziel des Sprint Planning ist, gemeinsam ein minimum viable product MVP zu definieren.
D) Ziel des Sprint Planning ist, die Anforderungen der relevanten Stakeholder zu ermitteln.
","D) Ziel des Sprint Planning ist, die Anforderungen der relevanten Stakeholder zu ermitteln.
Begründung: Schon von PO ermittelt und im Product backlog verortet!","Die Planung in agilen Projekten wird nicht zum Projektstart sondern (rollierend) zum Start jedes Sprints vorgenommen. Welche Aussagen gelten über die Ziele des Sprint Planning? Markieren Sie die falsche Antwort.
A) Nach dem Sprint Planning sind sich der Product Owner und das Team einig, was in dem Sprint erledigt werden soll.
B) Ziel des Sprint Planning ist, gemeinsam ein Sprint Backlog zu bilden.
C) Ziel des Sprint Planning ist, gemeinsam ein minimum viable product MVP zu definieren.
D) Ziel des Sprint Planning ist, die Anforderungen der relevanten Stakeholder zu ermitteln.
"
04.05.01 Projektdesign,"Erklären Sie das Vorgangsmodell SCRUM, nennen Sie Merkmale.","Scrum ist ein agiles Projektmanagement-Framework, das auf iterative Produktentwicklung in festen Zeitintervallen (Sprints) setzt und durch die Rollen Product Owner, Scrum Master und Entwicklungsteam, definierte Events (Sprint Planning, Daily Scrum, Review, Retrospektive) sowie Artefakte (Product Backlog, Sprint Backlog, Inkrement) gekennzeichnet ist. Zentrale Merkmale sind Selbstorganisation, Inspektion und Adaption, empirische Prozesssteuerung sowie kontinuierliche Verbesserung mit Fokus auf funktionsfähige Teilprodukte.

Iterative Vorgehensweise, Kundennähe, selbstbestimmte Arbeitsweise, Kommunikation, Flexibilität","Erklären Sie das Vorgangsmodell SCRUM, nennen Sie Merkmale."
04.05.01 Projektdesign,Für welche Projekte eignet sich Scrum besonders?,"Komplexe Projekte mit unsicheren/ändernden Anforderungen (z. B. Software, Produktdesign, agile Branchen). Ideal für iterative Umsetzung, regelmäßiges Feedback und flexible Anpassung.",Für welche Projekte eignet sich Scrum besonders?
04.05.01 Projektdesign,Nenne die Scrum-Werte! ,"Mut (für Neues und nicht perfekt zu sein), 
Fokus (auf die gemeinsamen Ziele und Aufgaben), 
Offenheit (für neue Informationen und Erfahrungen), 
Respekt (anderen und sich selbst gegenüber), 
Commitment (Selbstverpflichtung, freiwillig und selbstverantwortlich bei der Arbeit im Team)",Nenne die Scrum-Werte! 
04.05.01 Projektdesign,Nennen Sie drei mögliche Artefakte in Scrum.,"- Produkt Backlog
- Sprint Backlog
- Product Incremnent
",Nennen Sie drei mögliche Artefakte in Scrum.
04.05.01 Projektdesign,Was ist „agil“?,"flexibel, selbstorganisiert, iterativ mit zum Teil undefinierten Zielen

Alternativantwort:
Flexibilität, Anpassungsfähig und kontinuierliche Verbesserung.
",Was ist „agil“?
04.05.01 Projektdesign,Was sind Erfolgsfaktoren des agilen Projektmanagements bei dessen Anwendung. Nennen Sie drei!,"Drei Erfolgsfaktoren des agilen Projektmanagements:
Dediziertes, selbstorganisiertes Team – interdisziplinär, hoher Reifegrad, 100% Projektverfügbarkeit
Aktiv mitwirkender Auftraggeber – Vertrauen, iterative Reviews, kontinuierliches Feedback
Strikte Rollenklarheit – Product Owner, Scrum Master, Team mit klar abgegrenzten Verantwortlichkeiten
Alle drei Faktoren folgen dem empirischen Prozessmodell (Transparenz → Inspektion → Adaption) als agilem Grundprinzip.",Was sind Erfolgsfaktoren des agilen Projektmanagements bei dessen Anwendung. Nennen Sie drei!
04.05.01 Projektdesign,Was versteht man bei agilen Projekten unter Iteration?,"Iteration = Sich wiederholender Zeitraum gleichbleibender Länge (z. B. Sprint in Scrum), um schrittweise Projektziel zu entwickeln.",Was versteht man bei agilen Projekten unter Iteration?
04.05.01 Projektdesign,"Welche Aussage trifft auf scrum nicht zu?
a) Der aus der Softwareentwicklung stammt,
b) Mit dem vor allem Softwareentwicklung bearbeitet werden kann,  
c) Der in allen Arten von Projekten zum Erfolg führt, 
d) In dem das Team selbstorientiert arbeitet. ","c) Der in allen Arten von Projekten zum Erfolg führt, ","Welche Aussage trifft auf scrum nicht zu?
a) Der aus der Softwareentwicklung stammt,
b) Mit dem vor allem Softwareentwicklung bearbeitet werden kann,  
c) Der in allen Arten von Projekten zum Erfolg führt, 
d) In dem das Team selbstorientiert arbeitet. "
04.05.01 Projektdesign,Wer ist der Projektleiter in Scrum?,"
In Scrum gibt es keinen klassischen Projektleiter. Stattdessen werden die Aufgaben auf mehrere Rollen verteilt:
1. Product Owner: Verantwortlich für das Product-Backlog und die Priorisierung der Anforderungen.
2. Scrum Master: Unterstützt das Team, moderiert Prozesse und beseitigt Hindernisse.
3. Entwicklungsteam: Selbstorganisiert und verantwortlich für die Umsetzung der Aufgaben.
Die Verantwortung des Projektleiters wird also auf diese Rollen gleichermaßen aufgeteilt (laterale Hierarchie)!
",Wer ist der Projektleiter in Scrum?
04.05.01 Projektdesign,"Agile Projekte sind per Definition besonders kundenorientiert. Welche Rolle spielt der Kundenwert (Kundennutzen) bei der Steuerung eines Sprints? Markieren Sie die falsche Antwort.
a) Wenn sich Kundenbedürfnisse ändern, ändert sich auch der Kundenwert und der Backlog muss neu Priorisiert werden.
b) Der Kundenwert wird in Interviews ermittelt und soll sich während des Projekt nicht mehr ändern.
c) Die Priorisierung des Backlogs erfolgt laut Scrum durch den Product Owner, weil er am besten den Kundenwert kennt.
d) Der Kundenwert kann in Sprint Reviews validiert werden.

","b) Der Kundenwert wird in Interviews ermittelt und soll sich während des Projekt nicht mehr ändern.
","Agile Projekte sind per Definition besonders kundenorientiert. Welche Rolle spielt der Kundenwert (Kundennutzen) bei der Steuerung eines Sprints? Markieren Sie die falsche Antwort.
a) Wenn sich Kundenbedürfnisse ändern, ändert sich auch der Kundenwert und der Backlog muss neu Priorisiert werden.
b) Der Kundenwert wird in Interviews ermittelt und soll sich während des Projekt nicht mehr ändern.
c) Die Priorisierung des Backlogs erfolgt laut Scrum durch den Product Owner, weil er am besten den Kundenwert kennt.
d) Der Kundenwert kann in Sprint Reviews validiert werden.

"
04.05.01 Projektdesign,"Die Planung in agilen Projekten wird nicht zum Projektstart sondern (rollierend) zum Start jedes Sprints vorgenommen. Welche Aussagen gelten über die Ziele des Sprint Planning? Markieren Sie die falsche Antwort.
A) Nach dem Sprint Planning sind sich der Product Owner und das Team einig, was in dem Sprint erledigt werden soll.
B) Ziel des Sprint Planning ist, gemeinsam ein Sprint Backlog zu bilden.
C) Ziel des Sprint Planning ist, gemeinsam ein minimum viable product MVP zu definieren.
D) Ziel des Sprint Planning ist, die Anforderungen der relevanten Stakeholder zu ermitteln.
","D) Ziel des Sprint Planning ist, die Anforderungen der relevanten Stakeholder zu ermitteln.
Begründung: Schon von PO ermittelt und im Product backlog verortet!","Die Planung in agilen Projekten wird nicht zum Projektstart sondern (rollierend) zum Start jedes Sprints vorgenommen. Welche Aussagen gelten über die Ziele des Sprint Planning? Markieren Sie die falsche Antwort.
A) Nach dem Sprint Planning sind sich der Product Owner und das Team einig, was in dem Sprint erledigt werden soll.
B) Ziel des Sprint Planning ist, gemeinsam ein Sprint Backlog zu bilden.
C) Ziel des Sprint Planning ist, gemeinsam ein minimum viable product MVP zu definieren.
D) Ziel des Sprint Planning ist, die Anforderungen der relevanten Stakeholder zu ermitteln.
"
04.05.01 Projektdesign,"Erklären Sie das Vorgangsmodell SCRUM, nennen Sie Merkmale.","Scrum ist ein agiles Projektmanagement-Framework, das auf iterative Produktentwicklung in festen Zeitintervallen (Sprints) setzt und durch die Rollen Product Owner, Scrum Master und Entwicklungsteam, definierte Events (Sprint Planning, Daily Scrum, Review, Retrospektive) sowie Artefakte (Product Backlog, Sprint Backlog, Inkrement) gekennzeichnet ist. Zentrale Merkmale sind Selbstorganisation, Inspektion und Adaption, empirische Prozesssteuerung sowie kontinuierliche Verbesserung mit Fokus auf funktionsfähige Teilprodukte.

Iterative Vorgehensweise, Kundennähe, selbstbestimmte Arbeitsweise, Kommunikation, Flexibilität","Erklären Sie das Vorgangsmodell SCRUM, nennen Sie Merkmale."
04.05.01 Projektdesign,Für welche Projekte eignet sich Scrum besonders?,"Komplexe Projekte mit unsicheren/ändernden Anforderungen (z. B. Software, Produktdesign, agile Branchen). Ideal für iterative Umsetzung, regelmäßiges Feedback und flexible Anpassung.",Für welche Projekte eignet sich Scrum besonders?
04.05.01 Projektdesign,Nenne die Scrum-Werte! ,"Mut (für Neues und nicht perfekt zu sein), 
Fokus (auf die gemeinsamen Ziele und Aufgaben), 
Offenheit (für neue Informationen und Erfahrungen), 
Respekt (anderen und sich selbst gegenüber), 
Commitment (Selbstverpflichtung, freiwillig und selbstverantwortlich bei der Arbeit im Team)",Nenne die Scrum-Werte! 
04.05.01 Projektdesign,Nennen Sie drei mögliche Artefakte in Scrum.,"- Produkt Backlog
- Sprint Backlog
- Product Incremnent
",Nennen Sie drei mögliche Artefakte in Scrum.
04.05.01 Projektdesign,Was ist „agil“?,"flexibel, selbstorganisiert, iterativ mit zum Teil undefinierten Zielen

Alternativantwort:
Flexibilität, Anpassungsfähig und kontinuierliche Verbesserung.
",Was ist „agil“?
04.05.01 Projektdesign,Was sind Erfolgsfaktoren des agilen Projektmanagements bei dessen Anwendung. Nennen Sie drei!,"Drei Erfolgsfaktoren des agilen Projektmanagements:
Dediziertes, selbstorganisiertes Team – interdisziplinär, hoher Reifegrad, 100% Projektverfügbarkeit
Aktiv mitwirkender Auftraggeber – Vertrauen, iterative Reviews, kontinuierliches Feedback
Strikte Rollenklarheit – Product Owner, Scrum Master, Team mit klar abgegrenzten Verantwortlichkeiten
Alle drei Faktoren folgen dem empirischen Prozessmodell (Transparenz → Inspektion → Adaption) als agilem Grundprinzip.",Was sind Erfolgsfaktoren des agilen Projektmanagements bei dessen Anwendung. Nennen Sie drei!
04.05.01 Projektdesign,Was versteht man bei agilen Projekten unter Iteration?,"Iteration = Sich wiederholender Zeitraum gleichbleibender Länge (z. B. Sprint in Scrum), um schrittweise Projektziel zu entwickeln.",Was versteht man bei agilen Projekten unter Iteration?
04.05.01 Projektdesign,"Welche Aussage trifft auf scrum nicht zu?
a) Der aus der Softwareentwicklung stammt,
b) Mit dem vor allem Softwareentwicklung bearbeitet werden kann,  
c) Der in allen Arten von Projekten zum Erfolg führt, 
d) In dem das Team selbstorientiert arbeitet. ","c) Der in allen Arten von Projekten zum Erfolg führt, ","Welche Aussage trifft auf scrum nicht zu?
a) Der aus der Softwareentwicklung stammt,
b) Mit dem vor allem Softwareentwicklung bearbeitet werden kann,  
c) Der in allen Arten von Projekten zum Erfolg führt, 
d) In dem das Team selbstorientiert arbeitet. "
04.05.01 Projektdesign,Wer ist der Projektleiter in Scrum?,"
In Scrum gibt es keinen klassischen Projektleiter. Stattdessen werden die Aufgaben auf mehrere Rollen verteilt:
1. Product Owner: Verantwortlich für das Product-Backlog und die Priorisierung der Anforderungen.
2. Scrum Master: Unterstützt das Team, moderiert Prozesse und beseitigt Hindernisse.
3. Entwicklungsteam: Selbstorganisiert und verantwortlich für die Umsetzung der Aufgaben.
Die Verantwortung des Projektleiters wird also auf diese Rollen gleichermaßen aufgeteilt (laterale Hierarchie)!
",Wer ist der Projektleiter in Scrum?
04.05.01 Projektdesign,"Agile Projekte sind per Definition besonders kundenorientiert. Welche Rolle spielt der Kundenwert (Kundennutzen) bei der Steuerung eines Sprints? Markieren Sie die falsche Antwort.
a) Wenn sich Kundenbedürfnisse ändern, ändert sich auch der Kundenwert und der Backlog muss neu Priorisiert werden.
b) Der Kundenwert wird in Interviews ermittelt und soll sich während des Projekt nicht mehr ändern.
c) Die Priorisierung des Backlogs erfolgt laut Scrum durch den Product Owner, weil er am besten den Kundenwert kennt.
d) Der Kundenwert kann in Sprint Reviews validiert werden.

","b) Der Kundenwert wird in Interviews ermittelt und soll sich während des Projekt nicht mehr ändern.
","Agile Projekte sind per Definition besonders kundenorientiert. Welche Rolle spielt der Kundenwert (Kundennutzen) bei der Steuerung eines Sprints? Markieren Sie die falsche Antwort.
a) Wenn sich Kundenbedürfnisse ändern, ändert sich auch der Kundenwert und der Backlog muss neu Priorisiert werden.
b) Der Kundenwert wird in Interviews ermittelt und soll sich während des Projekt nicht mehr ändern.
c) Die Priorisierung des Backlogs erfolgt laut Scrum durch den Product Owner, weil er am besten den Kundenwert kennt.
d) Der Kundenwert kann in Sprint Reviews validiert werden.

"
04.05.01 Projektdesign,"Die Planung in agilen Projekten wird nicht zum Projektstart sondern (rollierend) zum Start jedes Sprints vorgenommen. Welche Aussagen gelten über die Ziele des Sprint Planning? Markieren Sie die falsche Antwort.
A) Nach dem Sprint Planning sind sich der Product Owner und das Team einig, was in dem Sprint erledigt werden soll.
B) Ziel des Sprint Planning ist, gemeinsam ein Sprint Backlog zu bilden.
C) Ziel des Sprint Planning ist, gemeinsam ein minimum viable product MVP zu definieren.
D) Ziel des Sprint Planning ist, die Anforderungen der relevanten Stakeholder zu ermitteln.
","D) Ziel des Sprint Planning ist, die Anforderungen der relevanten Stakeholder zu ermitteln.
Begründung: Schon von PO ermittelt und im Product backlog verortet!","Die Planung in agilen Projekten wird nicht zum Projektstart sondern (rollierend) zum Start jedes Sprints vorgenommen. Welche Aussagen gelten über die Ziele des Sprint Planning? Markieren Sie die falsche Antwort.
A) Nach dem Sprint Planning sind sich der Product Owner und das Team einig, was in dem Sprint erledigt werden soll.
B) Ziel des Sprint Planning ist, gemeinsam ein Sprint Backlog zu bilden.
C) Ziel des Sprint Planning ist, gemeinsam ein minimum viable product MVP zu definieren.
D) Ziel des Sprint Planning ist, die Anforderungen der relevanten Stakeholder zu ermitteln.
"
04.05.01 Projektdesign,"Erklären Sie das Vorgangsmodell SCRUM, nennen Sie Merkmale.","Scrum ist ein agiles Projektmanagement-Framework, das auf iterative Produktentwicklung in festen Zeitintervallen (Sprints) setzt und durch die Rollen Product Owner, Scrum Master und Entwicklungsteam, definierte Events (Sprint Planning, Daily Scrum, Review, Retrospektive) sowie Artefakte (Product Backlog, Sprint Backlog, Inkrement) gekennzeichnet ist. Zentrale Merkmale sind Selbstorganisation, Inspektion und Adaption, empirische Prozesssteuerung sowie kontinuierliche Verbesserung mit Fokus auf funktionsfähige Teilprodukte.

Iterative Vorgehensweise, Kundennähe, selbstbestimmte Arbeitsweise, Kommunikation, Flexibilität","Erklären Sie das Vorgangsmodell SCRUM, nennen Sie Merkmale."
04.05.01 Projektdesign,Für welche Projekte eignet sich Scrum besonders?,"Komplexe Projekte mit unsicheren/ändernden Anforderungen (z. B. Software, Produktdesign, agile Branchen). Ideal für iterative Umsetzung, regelmäßiges Feedback und flexible Anpassung.",Für welche Projekte eignet sich Scrum besonders?
04.05.01 Projektdesign,Nenne die Scrum-Werte! ,"Mut (für Neues und nicht perfekt zu sein), 
Fokus (auf die gemeinsamen Ziele und Aufgaben), 
Offenheit (für neue Informationen und Erfahrungen), 
Respekt (anderen und sich selbst gegenüber), 
Commitment (Selbstverpflichtung, freiwillig und selbstverantwortlich bei der Arbeit im Team)",Nenne die Scrum-Werte! 
04.05.01 Projektdesign,Nennen Sie drei mögliche Artefakte in Scrum.,"- Produkt Backlog
- Sprint Backlog
- Product Incremnent
",Nennen Sie drei mögliche Artefakte in Scrum.
04.05.01 Projektdesign,Was ist „agil“?,"flexibel, selbstorganisiert, iterativ mit zum Teil undefinierten Zielen

Alternativantwort:
Flexibilität, Anpassungsfähig und kontinuierliche Verbesserung.
",Was ist „agil“?
04.05.01 Projektdesign,Was sind Erfolgsfaktoren des agilen Projektmanagements bei dessen Anwendung. Nennen Sie drei!,"Drei Erfolgsfaktoren des agilen Projektmanagements:
Dediziertes, selbstorganisiertes Team – interdisziplinär, hoher Reifegrad, 100% Projektverfügbarkeit
Aktiv mitwirkender Auftraggeber – Vertrauen, iterative Reviews, kontinuierliches Feedback
Strikte Rollenklarheit – Product Owner, Scrum Master, Team mit klar abgegrenzten Verantwortlichkeiten
Alle drei Faktoren folgen dem empirischen Prozessmodell (Transparenz → Inspektion → Adaption) als agilem Grundprinzip.",Was sind Erfolgsfaktoren des agilen Projektmanagements bei dessen Anwendung. Nennen Sie drei!
04.05.01 Projektdesign,Was versteht man bei agilen Projekten unter Iteration?,"Iteration = Sich wiederholender Zeitraum gleichbleibender Länge (z. B. Sprint in Scrum), um schrittweise Projektziel zu entwickeln.",Was versteht man bei agilen Projekten unter Iteration?
04.05.01 Projektdesign,"Welche Aussage trifft auf scrum nicht zu?
a) Der aus der Softwareentwicklung stammt,
b) Mit dem vor allem Softwareentwicklung bearbeitet werden kann,  
c) Der in allen Arten von Projekten zum Erfolg führt, 
d) In dem das Team selbstorientiert arbeitet. ","c) Der in allen Arten von Projekten zum Erfolg führt, ","Welche Aussage trifft auf scrum nicht zu?
a) Der aus der Softwareentwicklung stammt,
b) Mit dem vor allem Softwareentwicklung bearbeitet werden kann,  
c) Der in allen Arten von Projekten zum Erfolg führt, 
d) In dem das Team selbstorientiert arbeitet. "
04.05.01 Projektdesign,Wer ist der Projektleiter in Scrum?,"
In Scrum gibt es keinen klassischen Projektleiter. Stattdessen werden die Aufgaben auf mehrere Rollen verteilt:
1. Product Owner: Verantwortlich für das Product-Backlog und die Priorisierung der Anforderungen.
2. Scrum Master: Unterstützt das Team, moderiert Prozesse und beseitigt Hindernisse.
3. Entwicklungsteam: Selbstorganisiert und verantwortlich für die Umsetzung der Aufgaben.
Die Verantwortung des Projektleiters wird also auf diese Rollen gleichermaßen aufgeteilt (laterale Hierarchie)!
",Wer ist der Projektleiter in Scrum?
04.05.01 Projektdesign,"Agile Projekte sind per Definition besonders kundenorientiert. Welche Rolle spielt der Kundenwert (Kundennutzen) bei der Steuerung eines Sprints? Markieren Sie die falsche Antwort.
a) Wenn sich Kundenbedürfnisse ändern, ändert sich auch der Kundenwert und der Backlog muss neu Priorisiert werden.
b) Der Kundenwert wird in Interviews ermittelt und soll sich während des Projekt nicht mehr ändern.
c) Die Priorisierung des Backlogs erfolgt laut Scrum durch den Product Owner, weil er am besten den Kundenwert kennt.
d) Der Kundenwert kann in Sprint Reviews validiert werden.

","b) Der Kundenwert wird in Interviews ermittelt und soll sich während des Projekt nicht mehr ändern.
","Agile Projekte sind per Definition besonders kundenorientiert. Welche Rolle spielt der Kundenwert (Kundennutzen) bei der Steuerung eines Sprints? Markieren Sie die falsche Antwort.
a) Wenn sich Kundenbedürfnisse ändern, ändert sich auch der Kundenwert und der Backlog muss neu Priorisiert werden.
b) Der Kundenwert wird in Interviews ermittelt und soll sich während des Projekt nicht mehr ändern.
c) Die Priorisierung des Backlogs erfolgt laut Scrum durch den Product Owner, weil er am besten den Kundenwert kennt.
d) Der Kundenwert kann in Sprint Reviews validiert werden.

"
04.05.01 Projektdesign,"Die Planung in agilen Projekten wird nicht zum Projektstart sondern (rollierend) zum Start jedes Sprints vorgenommen. Welche Aussagen gelten über die Ziele des Sprint Planning? Markieren Sie die falsche Antwort.
A) Nach dem Sprint Planning sind sich der Product Owner und das Team einig, was in dem Sprint erledigt werden soll.
B) Ziel des Sprint Planning ist, gemeinsam ein Sprint Backlog zu bilden.
C) Ziel des Sprint Planning ist, gemeinsam ein minimum viable product MVP zu definieren.
D) Ziel des Sprint Planning ist, die Anforderungen der relevanten Stakeholder zu ermitteln.
","D) Ziel des Sprint Planning ist, die Anforderungen der relevanten Stakeholder zu ermitteln.
Begründung: Schon von PO ermittelt und im Product backlog verortet!","Die Planung in agilen Projekten wird nicht zum Projektstart sondern (rollierend) zum Start jedes Sprints vorgenommen. Welche Aussagen gelten über die Ziele des Sprint Planning? Markieren Sie die falsche Antwort.
A) Nach dem Sprint Planning sind sich der Product Owner und das Team einig, was in dem Sprint erledigt werden soll.
B) Ziel des Sprint Planning ist, gemeinsam ein Sprint Backlog zu bilden.
C) Ziel des Sprint Planning ist, gemeinsam ein minimum viable product MVP zu definieren.
D) Ziel des Sprint Planning ist, die Anforderungen der relevanten Stakeholder zu ermitteln.
"
04.05.01 Projektdesign,"Erklären Sie das Vorgangsmodell SCRUM, nennen Sie Merkmale.","Scrum ist ein agiles Projektmanagement-Framework, das auf iterative Produktentwicklung in festen Zeitintervallen (Sprints) setzt und durch die Rollen Product Owner, Scrum Master und Entwicklungsteam, definierte Events (Sprint Planning, Daily Scrum, Review, Retrospektive) sowie Artefakte (Product Backlog, Sprint Backlog, Inkrement) gekennzeichnet ist. Zentrale Merkmale sind Selbstorganisation, Inspektion und Adaption, empirische Prozesssteuerung sowie kontinuierliche Verbesserung mit Fokus auf funktionsfähige Teilprodukte.

Iterative Vorgehensweise, Kundennähe, selbstbestimmte Arbeitsweise, Kommunikation, Flexibilität","Erklären Sie das Vorgangsmodell SCRUM, nennen Sie Merkmale."
04.05.01 Projektdesign,Für welche Projekte eignet sich Scrum besonders?,"Komplexe Projekte mit unsicheren/ändernden Anforderungen (z. B. Software, Produktdesign, agile Branchen). Ideal für iterative Umsetzung, regelmäßiges Feedback und flexible Anpassung.",Für welche Projekte eignet sich Scrum besonders?
04.05.01 Projektdesign,Nenne die Scrum-Werte! ,"Mut (für Neues und nicht perfekt zu sein), 
Fokus (auf die gemeinsamen Ziele und Aufgaben), 
Offenheit (für neue Informationen und Erfahrungen), 
Respekt (anderen und sich selbst gegenüber), 
Commitment (Selbstverpflichtung, freiwillig und selbstverantwortlich bei der Arbeit im Team)",Nenne die Scrum-Werte! 
04.05.01 Projektdesign,Nennen Sie drei mögliche Artefakte in Scrum.,"- Produkt Backlog
- Sprint Backlog
- Product Incremnent
",Nennen Sie drei mögliche Artefakte in Scrum.
04.05.01 Projektdesign,Was ist „agil“?,"flexibel, selbstorganisiert, iterativ mit zum Teil undefinierten Zielen

Alternativantwort:
Flexibilität, Anpassungsfähig und kontinuierliche Verbesserung.
",Was ist „agil“?
04.05.01 Projektdesign,Was sind Erfolgsfaktoren des agilen Projektmanagements bei dessen Anwendung. Nennen Sie drei!,"Drei Erfolgsfaktoren des agilen Projektmanagements:
Dediziertes, selbstorganisiertes Team – interdisziplinär, hoher Reifegrad, 100% Projektverfügbarkeit
Aktiv mitwirkender Auftraggeber – Vertrauen, iterative Reviews, kontinuierliches Feedback
Strikte Rollenklarheit – Product Owner, Scrum Master, Team mit klar abgegrenzten Verantwortlichkeiten
Alle drei Faktoren folgen dem empirischen Prozessmodell (Transparenz → Inspektion → Adaption) als agilem Grundprinzip.",Was sind Erfolgsfaktoren des agilen Projektmanagements bei dessen Anwendung. Nennen Sie drei!
04.05.01 Projektdesign,Was versteht man bei agilen Projekten unter Iteration?,"Iteration = Sich wiederholender Zeitraum gleichbleibender Länge (z. B. Sprint in Scrum), um schrittweise Projektziel zu entwickeln.",Was versteht man bei agilen Projekten unter Iteration?
04.05.01 Projektdesign,"Welche Aussage trifft auf scrum nicht zu?
a) Der aus der Softwareentwicklung stammt,
b) Mit dem vor allem Softwareentwicklung bearbeitet werden kann,  
c) Der in allen Arten von Projekten zum Erfolg führt, 
d) In dem das Team selbstorientiert arbeitet. ","c) Der in allen Arten von Projekten zum Erfolg führt, ","Welche Aussage trifft auf scrum nicht zu?
a) Der aus der Softwareentwicklung stammt,
b) Mit dem vor allem Softwareentwicklung bearbeitet werden kann,  
c) Der in allen Arten von Projekten zum Erfolg führt, 
d) In dem das Team selbstorientiert arbeitet. "
04.05.01 Projektdesign,Wer ist der Projektleiter in Scrum?,"
In Scrum gibt es keinen klassischen Projektleiter. Stattdessen werden die Aufgaben auf mehrere Rollen verteilt:
1. Product Owner: Verantwortlich für das Product-Backlog und die Priorisierung der Anforderungen.
2. Scrum Master: Unterstützt das Team, moderiert Prozesse und beseitigt Hindernisse.
3. Entwicklungsteam: Selbstorganisiert und verantwortlich für die Umsetzung der Aufgaben.
Die Verantwortung des Projektleiters wird also auf diese Rollen gleichermaßen aufgeteilt (laterale Hierarchie)!
",Wer ist der Projektleiter in Scrum?
04.05.01 Projektdesign,"Agile Projekte sind per Definition besonders kundenorientiert. Welche Rolle spielt der Kundenwert (Kundennutzen) bei der Steuerung eines Sprints? Markieren Sie die falsche Antwort.
a) Wenn sich Kundenbedürfnisse ändern, ändert sich auch der Kundenwert und der Backlog muss neu Priorisiert werden.
b) Der Kundenwert wird in Interviews ermittelt und soll sich während des Projekt nicht mehr ändern.
c) Die Priorisierung des Backlogs erfolgt laut Scrum durch den Product Owner, weil er am besten den Kundenwert kennt.
d) Der Kundenwert kann in Sprint Reviews validiert werden.

","b) Der Kundenwert wird in Interviews ermittelt und soll sich während des Projekt nicht mehr ändern.
","Agile Projekte sind per Definition besonders kundenorientiert. Welche Rolle spielt der Kundenwert (Kundennutzen) bei der Steuerung eines Sprints? Markieren Sie die falsche Antwort.
a) Wenn sich Kundenbedürfnisse ändern, ändert sich auch der Kundenwert und der Backlog muss neu Priorisiert werden.
b) Der Kundenwert wird in Interviews ermittelt und soll sich während des Projekt nicht mehr ändern.
c) Die Priorisierung des Backlogs erfolgt laut Scrum durch den Product Owner, weil er am besten den Kundenwert kennt.
d) Der Kundenwert kann in Sprint Reviews validiert werden.

"
04.05.01 Projektdesign,"Die Planung in agilen Projekten wird nicht zum Projektstart sondern (rollierend) zum Start jedes Sprints vorgenommen. Welche Aussagen gelten über die Ziele des Sprint Planning? Markieren Sie die falsche Antwort.
A) Nach dem Sprint Planning sind sich der Product Owner und das Team einig, was in dem Sprint erledigt werden soll.
B) Ziel des Sprint Planning ist, gemeinsam ein Sprint Backlog zu bilden.
C) Ziel des Sprint Planning ist, gemeinsam ein minimum viable product MVP zu definieren.
D) Ziel des Sprint Planning ist, die Anforderungen der relevanten Stakeholder zu ermitteln.
","D) Ziel des Sprint Planning ist, die Anforderungen der relevanten Stakeholder zu ermitteln.
Begründung: Schon von PO ermittelt und im Product backlog verortet!","Die Planung in agilen Projekten wird nicht zum Projektstart sondern (rollierend) zum Start jedes Sprints vorgenommen. Welche Aussagen gelten über die Ziele des Sprint Planning? Markieren Sie die falsche Antwort.
A) Nach dem Sprint Planning sind sich der Product Owner und das Team einig, was in dem Sprint erledigt werden soll.
B) Ziel des Sprint Planning ist, gemeinsam ein Sprint Backlog zu bilden.
C) Ziel des Sprint Planning ist, gemeinsam ein minimum viable product MVP zu definieren.
D) Ziel des Sprint Planning ist, die Anforderungen der relevanten Stakeholder zu ermitteln.
"
04.05.01 Projektdesign,"Erklären Sie das Vorgangsmodell SCRUM, nennen Sie Merkmale.","Scrum ist ein agiles Projektmanagement-Framework, das auf iterative Produktentwicklung in festen Zeitintervallen (Sprints) setzt und durch die Rollen Product Owner, Scrum Master und Entwicklungsteam, definierte Events (Sprint Planning, Daily Scrum, Review, Retrospektive) sowie Artefakte (Product Backlog, Sprint Backlog, Inkrement) gekennzeichnet ist. Zentrale Merkmale sind Selbstorganisation, Inspektion und Adaption, empirische Prozesssteuerung sowie kontinuierliche Verbesserung mit Fokus auf funktionsfähige Teilprodukte.

Iterative Vorgehensweise, Kundennähe, selbstbestimmte Arbeitsweise, Kommunikation, Flexibilität","Erklären Sie das Vorgangsmodell SCRUM, nennen Sie Merkmale."
04.05.01 Projektdesign,Für welche Projekte eignet sich Scrum besonders?,"Komplexe Projekte mit unsicheren/ändernden Anforderungen (z. B. Software, Produktdesign, agile Branchen). Ideal für iterative Umsetzung, regelmäßiges Feedback und flexible Anpassung.",Für welche Projekte eignet sich Scrum besonders?
04.05.01 Projektdesign,Nenne die Scrum-Werte! ,"Mut (für Neues und nicht perfekt zu sein), 
Fokus (auf die gemeinsamen Ziele und Aufgaben), 
Offenheit (für neue Informationen und Erfahrungen), 
Respekt (anderen und sich selbst gegenüber), 
Commitment (Selbstverpflichtung, freiwillig und selbstverantwortlich bei der Arbeit im Team)",Nenne die Scrum-Werte! 
04.05.01 Projektdesign,Nennen Sie drei mögliche Artefakte in Scrum.,"- Produkt Backlog
- Sprint Backlog
- Product Incremnent
",Nennen Sie drei mögliche Artefakte in Scrum.
04.05.01 Projektdesign,Was ist „agil“?,"flexibel, selbstorganisiert, iterativ mit zum Teil undefinierten Zielen

Alternativantwort:
Flexibilität, Anpassungsfähig und kontinuierliche Verbesserung.
",Was ist „agil“?
04.05.01 Projektdesign,Was sind Erfolgsfaktoren des agilen Projektmanagements bei dessen Anwendung. Nennen Sie drei!,"Drei Erfolgsfaktoren des agilen Projektmanagements:
Dediziertes, selbstorganisiertes Team – interdisziplinär, hoher Reifegrad, 100% Projektverfügbarkeit
Aktiv mitwirkender Auftraggeber – Vertrauen, iterative Reviews, kontinuierliches Feedback
Strikte Rollenklarheit – Product Owner, Scrum Master, Team mit klar abgegrenzten Verantwortlichkeiten
Alle drei Faktoren folgen dem empirischen Prozessmodell (Transparenz → Inspektion → Adaption) als agilem Grundprinzip.",Was sind Erfolgsfaktoren des agilen Projektmanagements bei dessen Anwendung. Nennen Sie drei!
04.05.01 Projektdesign,Was versteht man bei agilen Projekten unter Iteration?,"Iteration = Sich wiederholender Zeitraum gleichbleibender Länge (z. B. Sprint in Scrum), um schrittweise Projektziel zu entwickeln.",Was versteht man bei agilen Projekten unter Iteration?
04.05.01 Projektdesign,"Welche Aussage trifft auf scrum nicht zu?
a) Der aus der Softwareentwicklung stammt,
b) Mit dem vor allem Softwareentwicklung bearbeitet werden kann,  
c) Der in allen Arten von Projekten zum Erfolg führt, 
d) In dem das Team selbstorientiert arbeitet. ","c) Der in allen Arten von Projekten zum Erfolg führt, ","Welche Aussage trifft auf scrum nicht zu?
a) Der aus der Softwareentwicklung stammt,
b) Mit dem vor allem Softwareentwicklung bearbeitet werden kann,  
c) Der in allen Arten von Projekten zum Erfolg führt, 
d) In dem das Team selbstorientiert arbeitet. "
04.05.01 Projektdesign,Wer ist der Projektleiter in Scrum?,"
In Scrum gibt es keinen klassischen Projektleiter. Stattdessen werden die Aufgaben auf mehrere Rollen verteilt:
1. Product Owner: Verantwortlich für das Product-Backlog und die Priorisierung der Anforderungen.
2. Scrum Master: Unterstützt das Team, moderiert Prozesse und beseitigt Hindernisse.
3. Entwicklungsteam: Selbstorganisiert und verantwortlich für die Umsetzung der Aufgaben.
Die Verantwortung des Projektleiters wird also auf diese Rollen gleichermaßen aufgeteilt (laterale Hierarchie)!
",Wer ist der Projektleiter in Scrum?
04.05.02 Anforderungen und Ziele,"Für die Formulierung der Anforderungen gibt es in Scrum feste Vorgaben. Welche Aussagen gelten für die Formulierung der Anforderungen an das Produkt / Projekt? Markieren Sie die falsche Antwort.  
Problemtext
a) die Anforderungen werden im Produkt Backlog in Form von Epics und Userstorys definiert. 
b) eine User Story hat das Format Als (Rolle) möchte ich (Ziel/ Wunsch/Funktion) um (Nutzen). 
c) Eine Userstory sollte in einem Sprint fertiggestellt werden. 
d) Epics sind länger dauernde User Stories",a) die Anforderungen werden im Produkt Backlog in Form von Epics und Userstorys definiert. ,"Warum  eigentlich auch a) falsch eigentlich auch  ist: Scrum ist ein Rahmenwerk und keine Methodik mit festen Vorschriften für Techniken. Der Scrum Guide definiert lediglich Product-Backlog-Einträge (Product Backlog Items), schreibt aber nicht vor, dass diese zwingend als „User Stories“ oder „Epics“ formuliert sein müssen,. Zwar sind User Stories eine gängige und nützliche Praxis innerhalb von Scrum,, sie sind aber keine feste, unveränderliche Vorgabe des Rahmenwerks selbst. Der Scrum Guide 2020 hat vorschreibende Sprache bezüglich der Attribute von Backlog-Einträgen sogar explizit entfernt, um weniger präskriptiv zu sein"
04.05.02 Anforderungen und Ziele,"Bei welcher Zielkategorie werden Ziele eingliedert, bei denen zu prüfen ist, ob der Aufwand gerechtfertigt ist? Beschreiben Sie alle Zielkategorien.","Kann-Ziele: können ggf. gestrichen werden (aufgrund Ziel-Priorisierung und Budget-Abgleich; Kosten-Nutzen abgleichen)
Muss-Ziele: müssen erreicht werden, da sonst das Projektziel gefährdet ist
Soll-Ziele: Abstriche in der Zielerreichung möglich, z.B. 70% erreicht
Nicht - Ziele wollen wir nicht erfüllen , nicht nötig","Bei welcher Zielkategorie werden Ziele eingliedert, bei denen zu prüfen ist, ob der Aufwand gerechtfertigt ist? Beschreiben Sie alle Zielkategorien."
04.05.02 Anforderungen und Ziele,"Für die Formulierung der Anforderungen gibt es in Scrum feste Vorgaben. Welche Aussagen gelten für die Formulierung der Anforderungen an das Produkt / Projekt? Markieren Sie die falsche Antwort.  

a) die Anforderungen werden im Produkt Backlog in Form von Epics und Userstorys definiert. 
b) eine User Story hat das Format Als (Rolle) möchte ich (Ziel/ Wunsch/Funktion) um (Nutzen). 
c) Eine Userstory sollte in einem Sprint fertiggestellt werden. 
d) Epics sind länger dauernde User Stories",a) die Anforderungen werden im Produkt Backlog in Form von Epics und Userstorys definiert. ,"Für die Formulierung der Anforderungen gibt es in Scrum feste Vorgaben. Welche Aussagen gelten für die Formulierung der Anforderungen an das Produkt / Projekt? Markieren Sie die falsche Antwort.  

a) die Anforderungen werden im Produkt Backlog in Form von Epics und Userstorys definiert. 
b) eine User Story hat das Format Als (Rolle) möchte ich (Ziel/ Wunsch/Funktion) um (Nutzen). 
c) Eine Userstory sollte in einem Sprint fertiggestellt werden. 
d) Epics sind länger dauernde User Stories"
04.05.02 Anforderungen und Ziele,In Nordafrika soll eine Solaranlage gebaut werden. Nennen Sie drei Anforderungen an die Mitarbeiter!,"Die Mitarbeiter müssen gewillt sein, im Ausland zu arbeiten. Die Mitarbeiter müssen alle Schutzimpfungen für das entsprechende Land vorweisen können. Da sie vor Ort mit einheimischen Arbeitskräften zusammenarbeiten müssen, sind Kenntnisse der englischen Sprache zwingend erforderlich, Kenntnisse der Landessprache erwünscht.",In Nordafrika soll eine Solaranlage gebaut werden. Nennen Sie drei Anforderungen an die Mitarbeiter!
04.05.02 Anforderungen und Ziele,Landstraße zwischen Dorf A und Stadt B wird gebaut. Nennen Sie Leistungsziele!,"Es wird eine 7km lange, 6 m breite Asphaltfahrbahn mit beidseitigen Banketten von jeweils 1 m bis zum 31.08.2026 gebaut.
Entlang der gesamten Strecke werden mindestens drei ausgewiesene Ausweichbuchten mit Beschilderung errichtet, die das Begegnen von Lkw ermöglichen.
Es werden zwei Brückenbauwerke mit jeweils mindestens 50 Jahren rechnerischer Nutzungsdauer und der Lastklasse nach aktueller Norm erstellt.",Landstraße zwischen Dorf A und Stadt B wird gebaut. Nennen Sie Leistungsziele!
04.05.02 Anforderungen und Ziele,Nennen Sie ein Leistungsziel für das Projekt „Hundehütte für Hund Struppi bauen“! ,"Bis 31.05.2026 ist eine isolierte Hundehütte mit Innenmaßen von mindestens 1,0 m Länge, 0,7 m Breite und 0,8 m Höhe fertiggestellt.
Wände, Boden und Dach werden mit einer mindestens 30mm starken Dämmung ausgeführt und außen mit wetterfest lasiertem Holz verkleidet.",Nennen Sie ein Leistungsziel für das Projekt „Hundehütte für Hund Struppi bauen“! 
04.05.02 Anforderungen und Ziele,Nennen Sie für das Projekt „Renovierung der Wohnung“ 4 Arbeitspakete!,"1.Streichen
2.Verlegen des Bodens
3.Montage neuer Möbel
4.Reinigung und Abnahme",Nennen Sie für das Projekt „Renovierung der Wohnung“ 4 Arbeitspakete!
04.05.02 Anforderungen und Ziele,"Warum sollte der Projektsteckbrief auf eine Seite passen?
a) Ist ein Überblick über das Projekt für das TOP-Mgmt
b) Projekte sind immer einfach
c) Details versteht keiner außer den Fachexperten
d) Nachhaltig, da papiersparend",a) Ist ein Überblick über das Projekt für das TOP-Mgmt (One Pager),"Warum sollte der Projektsteckbrief auf eine Seite passen?
a) Ist ein Überblick über das Projekt für das TOP-Mgmt
b) Projekte sind immer einfach
c) Details versteht keiner außer den Fachexperten
d) Nachhaltig, da papiersparend"
04.05.02 Anforderungen und Ziele,Was bedeutet die SMART*Formel bei der Zieldefinition und geben Sie ein Beispiel für ein SMART*Ziel.,"Spezifisch 
Messbar
Akzeptiert
Realistisch
Terminiert
SMART hilft dabei, Ziele zu konkretisieren, um Missverständnisse und Abweichungen von den Vorstellungen des Kunden zu vermeiden
Bsp.: 
Beschleunigung des DMS (Dokumentationsmanagement-Systems) um 20 Prozent bis 4. Quartal 2025 beschleunigen.
Wir steigern unsere Markenbekanntheit im 3. Quartal 2025 um 5 % im Vergleich zum 3. Quartal 2024.
/Absolvierung einer Fortbildung zur Projektmanagerin (spezifisch) mit Zertifikat (messbar) innerhalb der nächsten 4 Wochen (Timeline), in dem ich täglich 7 Stunden (realistisch) am Unterricht teilnehme (akzeptiert, erreichbar)
",Was bedeutet die SMART*Formel bei der Zieldefinition und geben Sie ein Beispiel für ein SMART*Ziel.
04.05.02 Anforderungen und Ziele,Was ist das: Projektfreigabe?,"Mit der Unterschrift unter einen Projektantrag gibt der Auftraggeber am Ende der Definitionsphase das Projekt frei  (genehmigt er...) zur weiteren Bearbeitung.
Formelle Genehmigung und offizielle Beauftragung des Projektes durch den Lenkungsausschuss  Seite 185 - Dittmann",Was ist das: Projektfreigabe?
04.05.02 Anforderungen und Ziele,Was versteht man unter Scope Creep?,"Scope Creep bezeichnet die schleichende, unkontrollierte Erweiterung des Projektumfangs durch zusätzliche Anforderungen ohne Anpassung von Zeit, Budget oder Ressourcen.",Was versteht man unter Scope Creep?
04.05.02 Anforderungen und Ziele,Was wird unter einer Projektfreigabe verstanden? ,"Eine Projektfreigabe ist die formale Genehmigung zur Freisetzung von Projektressourcen und zum Start der Projektdurchführung. Sie markiert den Übergang von der Planungsphase zur Ausführungsphase und setzt voraus, dass Ziele, Budget, Risiken und Stakeholder-Anforderungen geklärt sind.",Was wird unter einer Projektfreigabe verstanden? 
04.05.02 Anforderungen und Ziele,"Welche Funktionen erfüllen Ziele im Projektmanagement? Markieren Sie die falsche Antwort.
A) Preisfunktion
B) Kontrollfunktion
C) Selektionsfunktion
D) Orientierungsfunktion",A)Preisfunktion,"Welche Funktionen erfüllen Ziele im Projektmanagement? Markieren Sie die falsche Antwort.
A) Preisfunktion
B) Kontrollfunktion
C) Selektionsfunktion
D) Orientierungsfunktion"
04.05.02 Anforderungen und Ziele,"Welche Zielkategorien gibt es?
a) Muss - Soll - Kann - Nicht 
b) Must-have  nice-too-have
c) Alles muss
d)  Flexible Ziele ",a) Muss - Soll - Kann - Nicht ,"Welche Zielkategorien gibt es?
a) Muss - Soll - Kann - Nicht 
b) Must-have  nice-too-have
c) Alles muss
d)  Flexible Ziele "
04.05.02 Anforderungen und Ziele,"Weshalb ist es sinnvoll, auch Nichtziele anzugeben?","Um den Leistungsumfang des Projektes klar abzugrenzen und zum Projektstart eine bessere Planungsbasis zu haben.
Nicht-Ziele (Out of Scope)
","Weshalb ist es sinnvoll, auch Nichtziele anzugeben?"
04.05.02 Anforderungen und Ziele,Wie können Sie unerwünschte Steigerungen / Erhöhungen des Leistungsumfangs (scope creep) vermeiden? Nennen Sie einen methodischen Ansatz ,"Um unerwünschte Steigerungen des Leistungsumfangs (Scope Creep) zu vermeiden, ist ein methodischer Ansatz das Change Management. Dabei werden alle Änderungen am Projektumfang systematisch dokumentiert, bewertet und erst nach Zustimmung aller relevanten Stakeholder umgesetzt. So bleibt der Projektumfang kontrolliert, Ressourcen und Zeitpläne stabil",Wie können Sie unerwünschte Steigerungen / Erhöhungen des Leistungsumfangs (scope creep) vermeiden? Nennen Sie einen methodischen Ansatz 
04.05.02 Anforderungen und Ziele,Ziele sollen SMART definiert werden. Was bedeutet das Akronym SMART? (deutsch oder englisch). Geben Sie ein Beispiel für ein SMART beschriebenes Ziel.,"Spezifisch
Messbar
Akzeptiert
Realistisch
Terminiert
Bsp.: 
Beschleunigung des DMS (Dokumentationsmanagement-Systems) um 20 Prozent bis 4. Quartal 2025 beschleunigen.
Wir steigern unsere Markenbekanntheit im 3. Quartal 2025 um 5 % im Vergleich zum 3. Quartal 2024.
",Ziele sollen SMART definiert werden. Was bedeutet das Akronym SMART? (deutsch oder englisch). Geben Sie ein Beispiel für ein SMART beschriebenes Ziel.
04.05.02 Anforderungen und Ziele,Zwischen A*Heim und B*Dorf soll eine Landesstraße neu gebaut werden. Definieren Sie zwei (2) Ergebnisziele.,"Zu festgelgten Kosten gem. Kostenplanung
Zu festgelegter Zeit gem. Terminplan
/
Bis Projektende sinkt die durchschnittliche Fahrzeit zwischen Dorf A und Dorf B im Vergleich zur Ausgangssituation um mindestens 40 %.
Spätestens 6 Monate nach Verkehrsfreigabe nutzen mindestens 70 % der Pendler zwischen A und B regelmäßig die neue Straße.",Zwischen A*Heim und B*Dorf soll eine Landesstraße neu gebaut werden. Definieren Sie zwei (2) Ergebnisziele.
04.05.02 Anforderungen und Ziele,"Für die Formulierung der Anforderungen gibt es in Scrum feste Vorgaben. Welche Aussagen gelten für die Formulierung der Anforderungen an das Produkt / Projekt? Markieren Sie die falsche Antwort.  
Problemtext
a) die Anforderungen werden im Produkt Backlog in Form von Epics und Userstorys definiert. 
b) eine User Story hat das Format Als (Rolle) möchte ich (Ziel/ Wunsch/Funktion) um (Nutzen). 
c) Eine Userstory sollte in einem Sprint fertiggestellt werden. 
d) Epics sind länger dauernde User Stories",a) die Anforderungen werden im Produkt Backlog in Form von Epics und Userstorys definiert. ,"Für die Formulierung der Anforderungen gibt es in Scrum feste Vorgaben. Welche Aussagen gelten für die Formulierung der Anforderungen an das Produkt / Projekt? Markieren Sie die falsche Antwort.  
Problemtext
a) die Anforderungen werden im Produkt Backlog in Form von Epics und Userstorys definiert. 
b) eine User Story hat das Format Als (Rolle) möchte ich (Ziel/ Wunsch/Funktion) um (Nutzen). 
c) Eine Userstory sollte in einem Sprint fertiggestellt werden. 
d) Epics sind länger dauernde User Stories"
04.05.02 Anforderungen und Ziele,"Für die Formulierung der Anforderungen gibt es in Scrum feste Vorgaben. Welche Aussagen gelten für die Formulierung der Anforderungen an das Produkt / Projekt? Markieren Sie die falsche Antwort.  
Problemtext
a) die Anforderungen werden im Produkt Backlog in Form von Epics und Userstorys definiert. 
b) eine User Story hat das Format Als (Rolle) möchte ich (Ziel/ Wunsch/Funktion) um (Nutzen). 
c) Eine Userstory sollte in einem Sprint fertiggestellt werden. 
d) Epics sind länger dauernde User Stories",a) die Anforderungen werden im Produkt Backlog in Form von Epics und Userstorys definiert. ,"Für die Formulierung der Anforderungen gibt es in Scrum feste Vorgaben. Welche Aussagen gelten für die Formulierung der Anforderungen an das Produkt / Projekt? Markieren Sie die falsche Antwort.  
Problemtext
a) die Anforderungen werden im Produkt Backlog in Form von Epics und Userstorys definiert. 
b) eine User Story hat das Format Als (Rolle) möchte ich (Ziel/ Wunsch/Funktion) um (Nutzen). 
c) Eine Userstory sollte in einem Sprint fertiggestellt werden. 
d) Epics sind länger dauernde User Stories"
04.05.02 Anforderungen und Ziele,"Für die Formulierung der Anforderungen gibt es in Scrum feste Vorgaben. Welche Aussagen gelten für die Formulierung der Anforderungen an das Produkt / Projekt? Markieren Sie die falsche Antwort.  
Problemtext
a) die Anforderungen werden im Produkt Backlog in Form von Epics und Userstorys definiert. 
b) eine User Story hat das Format Als (Rolle) möchte ich (Ziel/ Wunsch/Funktion) um (Nutzen). 
c) Eine Userstory sollte in einem Sprint fertiggestellt werden. 
d) Epics sind länger dauernde User Stories",a) die Anforderungen werden im Produkt Backlog in Form von Epics und Userstorys definiert. ,"Für die Formulierung der Anforderungen gibt es in Scrum feste Vorgaben. Welche Aussagen gelten für die Formulierung der Anforderungen an das Produkt / Projekt? Markieren Sie die falsche Antwort.  
Problemtext
a) die Anforderungen werden im Produkt Backlog in Form von Epics und Userstorys definiert. 
b) eine User Story hat das Format Als (Rolle) möchte ich (Ziel/ Wunsch/Funktion) um (Nutzen). 
c) Eine Userstory sollte in einem Sprint fertiggestellt werden. 
d) Epics sind länger dauernde User Stories"
04.05.02 Anforderungen und Ziele,"Für die Formulierung der Anforderungen gibt es in Scrum feste Vorgaben. Welche Aussagen gelten für die Formulierung der Anforderungen an das Produkt / Projekt? Markieren Sie die falsche Antwort.  
Problemtext
a) die Anforderungen werden im Produkt Backlog in Form von Epics und Userstorys definiert. 
b) eine User Story hat das Format Als (Rolle) möchte ich (Ziel/ Wunsch/Funktion) um (Nutzen). 
c) Eine Userstory sollte in einem Sprint fertiggestellt werden. 
d) Epics sind länger dauernde User Stories",a) die Anforderungen werden im Produkt Backlog in Form von Epics und Userstorys definiert. ,"Für die Formulierung der Anforderungen gibt es in Scrum feste Vorgaben. Welche Aussagen gelten für die Formulierung der Anforderungen an das Produkt / Projekt? Markieren Sie die falsche Antwort.  
Problemtext
a) die Anforderungen werden im Produkt Backlog in Form von Epics und Userstorys definiert. 
b) eine User Story hat das Format Als (Rolle) möchte ich (Ziel/ Wunsch/Funktion) um (Nutzen). 
c) Eine Userstory sollte in einem Sprint fertiggestellt werden. 
d) Epics sind länger dauernde User Stories"
04.05.02 Anforderungen und Ziele,"Für die Formulierung der Anforderungen gibt es in Scrum feste Vorgaben. Welche Aussagen gelten für die Formulierung der Anforderungen an das Produkt / Projekt? Markieren Sie die falsche Antwort.  
Problemtext
a) die Anforderungen werden im Produkt Backlog in Form von Epics und Userstorys definiert. 
b) eine User Story hat das Format Als (Rolle) möchte ich (Ziel/ Wunsch/Funktion) um (Nutzen). 
c) Eine Userstory sollte in einem Sprint fertiggestellt werden. 
d) Epics sind länger dauernde User Stories",a) die Anforderungen werden im Produkt Backlog in Form von Epics und Userstorys definiert. ,"Für die Formulierung der Anforderungen gibt es in Scrum feste Vorgaben. Welche Aussagen gelten für die Formulierung der Anforderungen an das Produkt / Projekt? Markieren Sie die falsche Antwort.  
Problemtext
a) die Anforderungen werden im Produkt Backlog in Form von Epics und Userstorys definiert. 
b) eine User Story hat das Format Als (Rolle) möchte ich (Ziel/ Wunsch/Funktion) um (Nutzen). 
c) Eine Userstory sollte in einem Sprint fertiggestellt werden. 
d) Epics sind länger dauernde User Stories"
04.05.02 Anforderungen und Ziele,"Für die Formulierung der Anforderungen gibt es in Scrum feste Vorgaben. Welche Aussagen gelten für die Formulierung der Anforderungen an das Produkt / Projekt? Markieren Sie die falsche Antwort.  
Problemtext
a) die Anforderungen werden im Produkt Backlog in Form von Epics und Userstorys definiert. 
b) eine User Story hat das Format Als (Rolle) möchte ich (Ziel/ Wunsch/Funktion) um (Nutzen). 
c) Eine Userstory sollte in einem Sprint fertiggestellt werden. 
d) Epics sind länger dauernde User Stories",a) die Anforderungen werden im Produkt Backlog in Form von Epics und Userstorys definiert. ,"Für die Formulierung der Anforderungen gibt es in Scrum feste Vorgaben. Welche Aussagen gelten für die Formulierung der Anforderungen an das Produkt / Projekt? Markieren Sie die falsche Antwort.  
Problemtext
a) die Anforderungen werden im Produkt Backlog in Form von Epics und Userstorys definiert. 
b) eine User Story hat das Format Als (Rolle) möchte ich (Ziel/ Wunsch/Funktion) um (Nutzen). 
c) Eine Userstory sollte in einem Sprint fertiggestellt werden. 
d) Epics sind länger dauernde User Stories"
04.05.02 Anforderungen und Ziele,"Für die Formulierung der Anforderungen gibt es in Scrum feste Vorgaben. Welche Aussagen gelten für die Formulierung der Anforderungen an das Produkt / Projekt? Markieren Sie die falsche Antwort.  
Problemtext
a) die Anforderungen werden im Produkt Backlog in Form von Epics und Userstorys definiert. 
b) eine User Story hat das Format Als (Rolle) möchte ich (Ziel/ Wunsch/Funktion) um (Nutzen). 
c) Eine Userstory sollte in einem Sprint fertiggestellt werden. 
d) Epics sind länger dauernde User Stories",a) die Anforderungen werden im Produkt Backlog in Form von Epics und Userstorys definiert. ,"Für die Formulierung der Anforderungen gibt es in Scrum feste Vorgaben. Welche Aussagen gelten für die Formulierung der Anforderungen an das Produkt / Projekt? Markieren Sie die falsche Antwort.  
Problemtext
a) die Anforderungen werden im Produkt Backlog in Form von Epics und Userstorys definiert. 
b) eine User Story hat das Format Als (Rolle) möchte ich (Ziel/ Wunsch/Funktion) um (Nutzen). 
c) Eine Userstory sollte in einem Sprint fertiggestellt werden. 
d) Epics sind länger dauernde User Stories"
04.05.02 Anforderungen und Ziele,"Für die Formulierung der Anforderungen gibt es in Scrum feste Vorgaben. Welche Aussagen gelten für die Formulierung der Anforderungen an das Produkt / Projekt? Markieren Sie die falsche Antwort.  
Problemtext
a) die Anforderungen werden im Produkt Backlog in Form von Epics und Userstorys definiert. 
b) eine User Story hat das Format Als (Rolle) möchte ich (Ziel/ Wunsch/Funktion) um (Nutzen). 
c) Eine Userstory sollte in einem Sprint fertiggestellt werden. 
d) Epics sind länger dauernde User Stories",a) die Anforderungen werden im Produkt Backlog in Form von Epics und Userstorys definiert. ,"Für die Formulierung der Anforderungen gibt es in Scrum feste Vorgaben. Welche Aussagen gelten für die Formulierung der Anforderungen an das Produkt / Projekt? Markieren Sie die falsche Antwort.  
Problemtext
a) die Anforderungen werden im Produkt Backlog in Form von Epics und Userstorys definiert. 
b) eine User Story hat das Format Als (Rolle) möchte ich (Ziel/ Wunsch/Funktion) um (Nutzen). 
c) Eine Userstory sollte in einem Sprint fertiggestellt werden. 
d) Epics sind länger dauernde User Stories"
04.05.02 Anforderungen und Ziele,"Für die Formulierung der Anforderungen gibt es in Scrum feste Vorgaben. Welche Aussagen gelten für die Formulierung der Anforderungen an das Produkt / Projekt? Markieren Sie die falsche Antwort.  
Problemtext
a) die Anforderungen werden im Produkt Backlog in Form von Epics und Userstorys definiert. 
b) eine User Story hat das Format Als (Rolle) möchte ich (Ziel/ Wunsch/Funktion) um (Nutzen). 
c) Eine Userstory sollte in einem Sprint fertiggestellt werden. 
d) Epics sind länger dauernde User Stories",a) die Anforderungen werden im Produkt Backlog in Form von Epics und Userstorys definiert. ,"Für die Formulierung der Anforderungen gibt es in Scrum feste Vorgaben. Welche Aussagen gelten für die Formulierung der Anforderungen an das Produkt / Projekt? Markieren Sie die falsche Antwort.  
Problemtext
a) die Anforderungen werden im Produkt Backlog in Form von Epics und Userstorys definiert. 
b) eine User Story hat das Format Als (Rolle) möchte ich (Ziel/ Wunsch/Funktion) um (Nutzen). 
c) Eine Userstory sollte in einem Sprint fertiggestellt werden. 
d) Epics sind länger dauernde User Stories"
04.05.02 Anforderungen und Ziele,"Für die Formulierung der Anforderungen gibt es in Scrum feste Vorgaben. Welche Aussagen gelten für die Formulierung der Anforderungen an das Produkt / Projekt? Markieren Sie die falsche Antwort.  
Problemtext
a) die Anforderungen werden im Produkt Backlog in Form von Epics und Userstorys definiert. 
b) eine User Story hat das Format Als (Rolle) möchte ich (Ziel/ Wunsch/Funktion) um (Nutzen). 
c) Eine Userstory sollte in einem Sprint fertiggestellt werden. 
d) Epics sind länger dauernde User Stories",a) die Anforderungen werden im Produkt Backlog in Form von Epics und Userstorys definiert. ,"Für die Formulierung der Anforderungen gibt es in Scrum feste Vorgaben. Welche Aussagen gelten für die Formulierung der Anforderungen an das Produkt / Projekt? Markieren Sie die falsche Antwort.  
Problemtext
a) die Anforderungen werden im Produkt Backlog in Form von Epics und Userstorys definiert. 
b) eine User Story hat das Format Als (Rolle) möchte ich (Ziel/ Wunsch/Funktion) um (Nutzen). 
c) Eine Userstory sollte in einem Sprint fertiggestellt werden. 
d) Epics sind länger dauernde User Stories"
04.05.02 Anforderungen und Ziele,"Für die Formulierung der Anforderungen gibt es in Scrum feste Vorgaben. Welche Aussagen gelten für die Formulierung der Anforderungen an das Produkt / Projekt? Markieren Sie die falsche Antwort.  
Problemtext
a) die Anforderungen werden im Produkt Backlog in Form von Epics und Userstorys definiert. 
b) eine User Story hat das Format Als (Rolle) möchte ich (Ziel/ Wunsch/Funktion) um (Nutzen). 
c) Eine Userstory sollte in einem Sprint fertiggestellt werden. 
d) Epics sind länger dauernde User Stories",a) die Anforderungen werden im Produkt Backlog in Form von Epics und Userstorys definiert. ,"Für die Formulierung der Anforderungen gibt es in Scrum feste Vorgaben. Welche Aussagen gelten für die Formulierung der Anforderungen an das Produkt / Projekt? Markieren Sie die falsche Antwort.  
Problemtext
a) die Anforderungen werden im Produkt Backlog in Form von Epics und Userstorys definiert. 
b) eine User Story hat das Format Als (Rolle) möchte ich (Ziel/ Wunsch/Funktion) um (Nutzen). 
c) Eine Userstory sollte in einem Sprint fertiggestellt werden. 
d) Epics sind länger dauernde User Stories"
04.05.02 Anforderungen und Ziele,"Für die Formulierung der Anforderungen gibt es in Scrum feste Vorgaben. Welche Aussagen gelten für die Formulierung der Anforderungen an das Produkt / Projekt? Markieren Sie die falsche Antwort.  
Problemtext
a) die Anforderungen werden im Produkt Backlog in Form von Epics und Userstorys definiert. 
b) eine User Story hat das Format Als (Rolle) möchte ich (Ziel/ Wunsch/Funktion) um (Nutzen). 
c) Eine Userstory sollte in einem Sprint fertiggestellt werden. 
d) Epics sind länger dauernde User Stories",a) die Anforderungen werden im Produkt Backlog in Form von Epics und Userstorys definiert. ,"Für die Formulierung der Anforderungen gibt es in Scrum feste Vorgaben. Welche Aussagen gelten für die Formulierung der Anforderungen an das Produkt / Projekt? Markieren Sie die falsche Antwort.  
Problemtext
a) die Anforderungen werden im Produkt Backlog in Form von Epics und Userstorys definiert. 
b) eine User Story hat das Format Als (Rolle) möchte ich (Ziel/ Wunsch/Funktion) um (Nutzen). 
c) Eine Userstory sollte in einem Sprint fertiggestellt werden. 
d) Epics sind länger dauernde User Stories"
04.05.02 Anforderungen und Ziele,"Für die Formulierung der Anforderungen gibt es in Scrum feste Vorgaben. Welche Aussagen gelten für die Formulierung der Anforderungen an das Produkt / Projekt? Markieren Sie die falsche Antwort.  
Problemtext
a) die Anforderungen werden im Produkt Backlog in Form von Epics und Userstorys definiert. 
b) eine User Story hat das Format Als (Rolle) möchte ich (Ziel/ Wunsch/Funktion) um (Nutzen). 
c) Eine Userstory sollte in einem Sprint fertiggestellt werden. 
d) Epics sind länger dauernde User Stories",a) die Anforderungen werden im Produkt Backlog in Form von Epics und Userstorys definiert. ,"Für die Formulierung der Anforderungen gibt es in Scrum feste Vorgaben. Welche Aussagen gelten für die Formulierung der Anforderungen an das Produkt / Projekt? Markieren Sie die falsche Antwort.  
Problemtext
a) die Anforderungen werden im Produkt Backlog in Form von Epics und Userstorys definiert. 
b) eine User Story hat das Format Als (Rolle) möchte ich (Ziel/ Wunsch/Funktion) um (Nutzen). 
c) Eine Userstory sollte in einem Sprint fertiggestellt werden. 
d) Epics sind länger dauernde User Stories"
04.05.02 Anforderungen und Ziele,"Für die Formulierung der Anforderungen gibt es in Scrum feste Vorgaben. Welche Aussagen gelten für die Formulierung der Anforderungen an das Produkt / Projekt? Markieren Sie die falsche Antwort.  
Problemtext
a) die Anforderungen werden im Produkt Backlog in Form von Epics und Userstorys definiert. 
b) eine User Story hat das Format Als (Rolle) möchte ich (Ziel/ Wunsch/Funktion) um (Nutzen). 
c) Eine Userstory sollte in einem Sprint fertiggestellt werden. 
d) Epics sind länger dauernde User Stories",a) die Anforderungen werden im Produkt Backlog in Form von Epics und Userstorys definiert. ,"Für die Formulierung der Anforderungen gibt es in Scrum feste Vorgaben. Welche Aussagen gelten für die Formulierung der Anforderungen an das Produkt / Projekt? Markieren Sie die falsche Antwort.  
Problemtext
a) die Anforderungen werden im Produkt Backlog in Form von Epics und Userstorys definiert. 
b) eine User Story hat das Format Als (Rolle) möchte ich (Ziel/ Wunsch/Funktion) um (Nutzen). 
c) Eine Userstory sollte in einem Sprint fertiggestellt werden. 
d) Epics sind länger dauernde User Stories"
04.05.02 Anforderungen und Ziele,"Für die Formulierung der Anforderungen gibt es in Scrum feste Vorgaben. Welche Aussagen gelten für die Formulierung der Anforderungen an das Produkt / Projekt? Markieren Sie die falsche Antwort.  
Problemtext
a) die Anforderungen werden im Produkt Backlog in Form von Epics und Userstorys definiert. 
b) eine User Story hat das Format Als (Rolle) möchte ich (Ziel/ Wunsch/Funktion) um (Nutzen). 
c) Eine Userstory sollte in einem Sprint fertiggestellt werden. 
d) Epics sind länger dauernde User Stories",a) die Anforderungen werden im Produkt Backlog in Form von Epics und Userstorys definiert. ,"Für die Formulierung der Anforderungen gibt es in Scrum feste Vorgaben. Welche Aussagen gelten für die Formulierung der Anforderungen an das Produkt / Projekt? Markieren Sie die falsche Antwort.  
Problemtext
a) die Anforderungen werden im Produkt Backlog in Form von Epics und Userstorys definiert. 
b) eine User Story hat das Format Als (Rolle) möchte ich (Ziel/ Wunsch/Funktion) um (Nutzen). 
c) Eine Userstory sollte in einem Sprint fertiggestellt werden. 
d) Epics sind länger dauernde User Stories"
04.05.02 Anforderungen und Ziele,"Für die Formulierung der Anforderungen gibt es in Scrum feste Vorgaben. Welche Aussagen gelten für die Formulierung der Anforderungen an das Produkt / Projekt? Markieren Sie die falsche Antwort.  
Problemtext
a) die Anforderungen werden im Produkt Backlog in Form von Epics und Userstorys definiert. 
b) eine User Story hat das Format Als (Rolle) möchte ich (Ziel/ Wunsch/Funktion) um (Nutzen). 
c) Eine Userstory sollte in einem Sprint fertiggestellt werden. 
d) Epics sind länger dauernde User Stories",a) die Anforderungen werden im Produkt Backlog in Form von Epics und Userstorys definiert. ,"Für die Formulierung der Anforderungen gibt es in Scrum feste Vorgaben. Welche Aussagen gelten für die Formulierung der Anforderungen an das Produkt / Projekt? Markieren Sie die falsche Antwort.  
Problemtext
a) die Anforderungen werden im Produkt Backlog in Form von Epics und Userstorys definiert. 
b) eine User Story hat das Format Als (Rolle) möchte ich (Ziel/ Wunsch/Funktion) um (Nutzen). 
c) Eine Userstory sollte in einem Sprint fertiggestellt werden. 
d) Epics sind länger dauernde User Stories"
04.05.02 Anforderungen und Ziele,"Für die Formulierung der Anforderungen gibt es in Scrum feste Vorgaben. Welche Aussagen gelten für die Formulierung der Anforderungen an das Produkt / Projekt? Markieren Sie die falsche Antwort.  
Problemtext
a) die Anforderungen werden im Produkt Backlog in Form von Epics und Userstorys definiert. 
b) eine User Story hat das Format Als (Rolle) möchte ich (Ziel/ Wunsch/Funktion) um (Nutzen). 
c) Eine Userstory sollte in einem Sprint fertiggestellt werden. 
d) Epics sind länger dauernde User Stories",a) die Anforderungen werden im Produkt Backlog in Form von Epics und Userstorys definiert. ,"Für die Formulierung der Anforderungen gibt es in Scrum feste Vorgaben. Welche Aussagen gelten für die Formulierung der Anforderungen an das Produkt / Projekt? Markieren Sie die falsche Antwort.  
Problemtext
a) die Anforderungen werden im Produkt Backlog in Form von Epics und Userstorys definiert. 
b) eine User Story hat das Format Als (Rolle) möchte ich (Ziel/ Wunsch/Funktion) um (Nutzen). 
c) Eine Userstory sollte in einem Sprint fertiggestellt werden. 
d) Epics sind länger dauernde User Stories"
04.05.02 Anforderungen und Ziele,"Für die Formulierung der Anforderungen gibt es in Scrum feste Vorgaben. Welche Aussagen gelten für die Formulierung der Anforderungen an das Produkt / Projekt? Markieren Sie die falsche Antwort.  
Problemtext
a) die Anforderungen werden im Produkt Backlog in Form von Epics und Userstorys definiert. 
b) eine User Story hat das Format Als (Rolle) möchte ich (Ziel/ Wunsch/Funktion) um (Nutzen). 
c) Eine Userstory sollte in einem Sprint fertiggestellt werden. 
d) Epics sind länger dauernde User Stories",a) die Anforderungen werden im Produkt Backlog in Form von Epics und Userstorys definiert. ,"Für die Formulierung der Anforderungen gibt es in Scrum feste Vorgaben. Welche Aussagen gelten für die Formulierung der Anforderungen an das Produkt / Projekt? Markieren Sie die falsche Antwort.  
Problemtext
a) die Anforderungen werden im Produkt Backlog in Form von Epics und Userstorys definiert. 
b) eine User Story hat das Format Als (Rolle) möchte ich (Ziel/ Wunsch/Funktion) um (Nutzen). 
c) Eine Userstory sollte in einem Sprint fertiggestellt werden. 
d) Epics sind länger dauernde User Stories"
04.05.02 Anforderungen und Ziele,"Für die Formulierung der Anforderungen gibt es in Scrum feste Vorgaben. Welche Aussagen gelten für die Formulierung der Anforderungen an das Produkt / Projekt? Markieren Sie die falsche Antwort.  
Problemtext
a) die Anforderungen werden im Produkt Backlog in Form von Epics und Userstorys definiert. 
b) eine User Story hat das Format Als (Rolle) möchte ich (Ziel/ Wunsch/Funktion) um (Nutzen). 
c) Eine Userstory sollte in einem Sprint fertiggestellt werden. 
d) Epics sind länger dauernde User Stories",a) die Anforderungen werden im Produkt Backlog in Form von Epics und Userstorys definiert. ,"Für die Formulierung der Anforderungen gibt es in Scrum feste Vorgaben. Welche Aussagen gelten für die Formulierung der Anforderungen an das Produkt / Projekt? Markieren Sie die falsche Antwort.  
Problemtext
a) die Anforderungen werden im Produkt Backlog in Form von Epics und Userstorys definiert. 
b) eine User Story hat das Format Als (Rolle) möchte ich (Ziel/ Wunsch/Funktion) um (Nutzen). 
c) Eine Userstory sollte in einem Sprint fertiggestellt werden. 
d) Epics sind länger dauernde User Stories"
04.05.02 Anforderungen und Ziele,"Für die Formulierung der Anforderungen gibt es in Scrum feste Vorgaben. Welche Aussagen gelten für die Formulierung der Anforderungen an das Produkt / Projekt? Markieren Sie die falsche Antwort.  
Problemtext
a) die Anforderungen werden im Produkt Backlog in Form von Epics und Userstorys definiert. 
b) eine User Story hat das Format Als (Rolle) möchte ich (Ziel/ Wunsch/Funktion) um (Nutzen). 
c) Eine Userstory sollte in einem Sprint fertiggestellt werden. 
d) Epics sind länger dauernde User Stories",a) die Anforderungen werden im Produkt Backlog in Form von Epics und Userstorys definiert. ,"Für die Formulierung der Anforderungen gibt es in Scrum feste Vorgaben. Welche Aussagen gelten für die Formulierung der Anforderungen an das Produkt / Projekt? Markieren Sie die falsche Antwort.  
Problemtext
a) die Anforderungen werden im Produkt Backlog in Form von Epics und Userstorys definiert. 
b) eine User Story hat das Format Als (Rolle) möchte ich (Ziel/ Wunsch/Funktion) um (Nutzen). 
c) Eine Userstory sollte in einem Sprint fertiggestellt werden. 
d) Epics sind länger dauernde User Stories"
04.05.02 Anforderungen und Ziele,"Für die Formulierung der Anforderungen gibt es in Scrum feste Vorgaben. Welche Aussagen gelten für die Formulierung der Anforderungen an das Produkt / Projekt? Markieren Sie die falsche Antwort.  
Problemtext
a) die Anforderungen werden im Produkt Backlog in Form von Epics und Userstorys definiert. 
b) eine User Story hat das Format Als (Rolle) möchte ich (Ziel/ Wunsch/Funktion) um (Nutzen). 
c) Eine Userstory sollte in einem Sprint fertiggestellt werden. 
d) Epics sind länger dauernde User Stories",a) die Anforderungen werden im Produkt Backlog in Form von Epics und Userstorys definiert. ,"Für die Formulierung der Anforderungen gibt es in Scrum feste Vorgaben. Welche Aussagen gelten für die Formulierung der Anforderungen an das Produkt / Projekt? Markieren Sie die falsche Antwort.  
Problemtext
a) die Anforderungen werden im Produkt Backlog in Form von Epics und Userstorys definiert. 
b) eine User Story hat das Format Als (Rolle) möchte ich (Ziel/ Wunsch/Funktion) um (Nutzen). 
c) Eine Userstory sollte in einem Sprint fertiggestellt werden. 
d) Epics sind länger dauernde User Stories"
04.05.02 Anforderungen und Ziele,"Für die Formulierung der Anforderungen gibt es in Scrum feste Vorgaben. Welche Aussagen gelten für die Formulierung der Anforderungen an das Produkt / Projekt? Markieren Sie die falsche Antwort.  
Problemtext
a) die Anforderungen werden im Produkt Backlog in Form von Epics und Userstorys definiert. 
b) eine User Story hat das Format Als (Rolle) möchte ich (Ziel/ Wunsch/Funktion) um (Nutzen). 
c) Eine Userstory sollte in einem Sprint fertiggestellt werden. 
d) Epics sind länger dauernde User Stories",a) die Anforderungen werden im Produkt Backlog in Form von Epics und Userstorys definiert. ,"Für die Formulierung der Anforderungen gibt es in Scrum feste Vorgaben. Welche Aussagen gelten für die Formulierung der Anforderungen an das Produkt / Projekt? Markieren Sie die falsche Antwort.  
Problemtext
a) die Anforderungen werden im Produkt Backlog in Form von Epics und Userstorys definiert. 
b) eine User Story hat das Format Als (Rolle) möchte ich (Ziel/ Wunsch/Funktion) um (Nutzen). 
c) Eine Userstory sollte in einem Sprint fertiggestellt werden. 
d) Epics sind länger dauernde User Stories"
04.05.03 Leistungsumfang und Lieferobjekte,Darf in einem Projekt nur eine Gliederungart im PSP verwendet werden? Begründen sie ihre Antwort  ,"Nein. Der PSP kann mehrere Gliederungsarten kombinieren (z. B. Phasen + Funktionen + Organisationseinheiten). Das ermöglicht bessere Übersichtlichkeit und klare Verantwortlichkeiten, besonders bei komplexen Projekten.
Es gibt jedoch eine wichtige Regel:
Innerhalb einer einzelnen Gliederungsebene darf keine Vermischung stattfinden",Darf in einem Projekt nur eine Gliederungart im PSP verwendet werden? Begründen sie ihre Antwort  
04.05.03 Leistungsumfang und Lieferobjekte,"Definieren Sie den Begriff ""Konfiguration"" im Projektmanagement.","Konfiguration = definierter Zustand aller Projektelemente zu einem Zeitpunkt
/ Ausprägung, Merkmale und Struktur eines Produkts (Lieferobjektes), wie sie im Anforderungsprofil festgelegt, in den zugehörigen Dokumenten und Spezifikationen beschrieben und im Produkt verwirklicht sind.","Definieren Sie den Begriff ""Konfiguration"" im Projektmanagement."
04.05.03 Leistungsumfang und Lieferobjekte,Erklären Sie den Begriff „User Story“.,"""User Story"" ist eine Kundenanforderung in Form einer Anwendererzählung aus Sicht des Anwenders: Wer /Was/Warum
",Erklären Sie den Begriff „User Story“.
04.05.03 Leistungsumfang und Lieferobjekte,"Für Release Planung werden oft Story Maps verwendet. Welche Aussagen gelten über eine Story Map? Markieren Sie die Antwort, die am wenigsten zutrifft.
a) Eine Story Map strukturiert die Menge der User Stories nach Features, alternativ auch Themes genannt.
b) Die Story Map wird zur Strukturierung und Dokumentation der User Stories für die Stakeholder verwendet.
c) Eine Story Map strukturiert vom Abstraktem (Epic) zum Konkreten (User Story).
d) Die drei Ebenen der Story Map repräsentieren unterschiedliche Zeitskalen der Umsetzung und ergeben so eine Roadmap.",D) Die drei Ebenen der Story Map repräsentieren unterschiedliche Zeitskalen der Umsetzung und ergeben so eine Roadmap.,"Für Release Planung werden oft Story Maps verwendet. Welche Aussagen gelten über eine Story Map? Markieren Sie die Antwort, die am wenigsten zutrifft.
a) Eine Story Map strukturiert die Menge der User Stories nach Features, alternativ auch Themes genannt.
b) Die Story Map wird zur Strukturierung und Dokumentation der User Stories für die Stakeholder verwendet.
c) Eine Story Map strukturiert vom Abstraktem (Epic) zum Konkreten (User Story).
d) Die drei Ebenen der Story Map repräsentieren unterschiedliche Zeitskalen der Umsetzung und ergeben so eine Roadmap."
04.05.03 Leistungsumfang und Lieferobjekte,Geben Sie drei (3) Strukturelemente eines PSP an. Erläutern Sie den Zusammenhang zwischen diesen Strukturelementen.,"1. Wurzelelement
2. Teil/ Aufgaben/Teilprojekte
3. Arbeitspakete
Die Darstellung erfolgt hierarchisch und unterteilt das Projekt in immer kleinere Elemente
",Geben Sie drei (3) Strukturelemente eines PSP an. Erläutern Sie den Zusammenhang zwischen diesen Strukturelementen.
04.05.03 Leistungsumfang und Lieferobjekte,"Ihr Unternehmen stellt Sitzmöbel her. Sie sind Teammitglied im Projekt ""Kubik50"". Erstellen Sie mind. zwei (2) mögliche Konfigurationen für die Entwicklung eines Pilotproduktes mit der Vorgabe eines Würfels 50 cm x 50 cm x 50 cm als Sitzmöbel.","a) 1. Holzsitzfläche, 2. Würfel aus Hartschaum 3.Bezugsmaterial Leder,
b) Nachhaltiges und in Handarbeit hergestelltes Möbelstück z.B. aus einem Stück Holz","Ihr Unternehmen stellt Sitzmöbel her. Sie sind Teammitglied im Projekt ""Kubik50"". Erstellen Sie mind. zwei (2) mögliche Konfigurationen für die Entwicklung eines Pilotproduktes mit der Vorgabe eines Würfels 50 cm x 50 cm x 50 cm als Sitzmöbel."
04.05.03 Leistungsumfang und Lieferobjekte,"In Ihrem Unternehmen arbeiten Sie an dem Entwicklungs*Projekt ""Kaffeemaschine"" mit. Nennen Sie drei (3) Aspekte, die in dem Anforderungskatalog Projekt ""Kaffeemaschine"" stehen könnten.","einfach zu reinigen
Bohnen und Pulver
Lebensdauer > 5 Jahre
Timer
Energieffizienz Klasse A+++

Alternativantwort:
1. Funktionalität der Kaffeemaschine: Die Kaffeemaschine sollte verschiedene Kaffeesorten (z.B. Espresso, Cappuccino, Latte) automatisch zubereiten können. Sie sollte außerdem eine einstellbare Stärke, Temperatur und Tassengröße anbieten.
2. Benutzerfreundlichkeit und Design: Das Interface sollte intuitiv und leicht bedienbar sein, z.B. durch ein Touchscreen-Display oder durch einfache Knöpfe. Das Design sollte modern und kompakt sein, um in verschiedenen Küchen- und Büroeinrichtungen Platz zu finden.
3. Wartung und Reinigung: Die Kaffeemaschine sollte einfach zu reinigen und zu warten sein, idealerweise mit einem automatischen Reinigungsprogramm und leicht zugänglichen, abnehmbaren Teilen wie einem Wasserbehälter oder einem Auffangbehälter für Kaffeereste.

Alternative
1. Kapazität: die Kaffeemaschien soll 12 Tassen Kaffee pro Brühvoragng zubereiten können.  
2.Funktion: Die Maschine verfügt über eien Auswahl von 6 verschiedenen Kaffeezubereitungen. 
3.Energieeffizienz: Das Gerät soll eine Energieklasse von mindestens A++ erfüllen.
","In Ihrem Unternehmen arbeiten Sie an dem Entwicklungs*Projekt ""Kaffeemaschine"" mit. Nennen Sie drei (3) Aspekte, die in dem Anforderungskatalog Projekt ""Kaffeemaschine"" stehen könnten."
04.05.03 Leistungsumfang und Lieferobjekte,Ist im PSP die Aufteilung der Arbeitspakete möglich?,"Entlang Verantwortungsgrenzen/Inhaltsgrenzen, sonst - Nein, die kleinste Einheit im PSP sind Arbeitspakete, erst in der nächsten Detailstufe/Planungsphase ist die Aufteilung auf Vorgänge möglich.",Ist im PSP die Aufteilung der Arbeitspakete möglich?
04.05.03 Leistungsumfang und Lieferobjekte,Nennen sie 3 PSP Gliederungsarten. ,"Objektorientierte Gliederung: Die Strukturierung erfolgt nach einzelnen Produkten, Komponenten oder Objekten des Projekts.​

Funktionsorientierte Gliederung: Hier erfolgt die Gliederung nach Funktionen, Verrichtungen oder Aufgabenbereichen, wie z.B. Entwicklung, Fertigung oder Qualitätssicherung.​

Phasenorientierte Gliederung: Die Projektstruktur wird nach den zeitlichen Abläufen und Phasen des Projekts (wie Planung, Durchführung, Abschluss) organisiert.",Nennen sie 3 PSP Gliederungsarten. 
04.05.03 Leistungsumfang und Lieferobjekte,Nennen Sie die Elemente eines PSP,"Wurzelelement
Teil-/aufgaben/-projekte
Arbeitspakete
(Codierung)
",Nennen Sie die Elemente eines PSP
04.05.03 Leistungsumfang und Lieferobjekte,"Nennen Sie fünf (5) Inhalte, die in einem AP*Formular enthalten sein sollten. Beschreiben Sie zwei (2) Inhalte im Detail.","Dittmann 2026 Seite 307 :
1. Arbeitspaketbeschreibung
2. Verantwortlicher (AP-Verantwortlicher) 
3. Dauer (Start- und Enddatum) 
4. Ressourcenbedarf
5. Abnahmekriterien 
/ 1. Zielbeschreibung, 2. verantwortliche Person für das AP, 3. Ressourcenbedarf zur Bearbeitung, 4. Start und Ende, 5. Beziehungen zu anderen AP; Details: Zielbeschreibung: beschreibt präzise das angestrebte Ergebnis des AP; verantwortliche Person: gibt eindeutige Zuständigkeit an, wer die Verantwortung zur Zielerreichung für das AP trägt
Detailbeschreibung zweier Inhalte: 
1. Arbeitspaketbeschreibung: 
 - Hier wird klar definiert, welche Aufgaben und Ergebnisse das Arbeitspaket umfasst. Sie dient dazu, Missverständnisse zu vermeiden und die Erwartungshaltung zu klären. 
2. Abnahmekriterien: 
 - Diese legen fest, wie und wann das Arbeitspaket als abgeschlossen gilt. Sie sind messbar und gewährleisten, dass die gelieferten Ergebnisse den Anforderungen entsprechen.","Nennen Sie fünf (5) Inhalte, die in einem AP*Formular enthalten sein sollten. Beschreiben Sie zwei (2) Inhalte im Detail."
04.05.03 Leistungsumfang und Lieferobjekte,Was ist ein Backlog und welche Funktion hat dieses?,"Ein Backlog ist eine priorisierte und geordnete Liste aller noch umzusetzenden Anforderungen eines Produkts. 
Es dient der Transparenz, Priorisierung und Steuerung des agilen Projektmanagement. 
/
Liste der formulierten Anforderungen an das Projekt im agilen Vorgehensmodell scrum.
Eine ""To-do""-Liste aller Anforderungen und zu erledigenden Aufgaben eines Projekts
Es hilft bei der:
- Priorisierung von Aufgaben
- Erkennung von Aufgabenstatus und Projektfortschritt
- Planung von Aufgaben
- Nachverfolgbarkeit",Was ist ein Backlog und welche Funktion hat dieses?
04.05.03 Leistungsumfang und Lieferobjekte,Was ist eine User Story. Woher kommt der Begriff?,"Kundenanforderung in Form einer Anwendererzählung: Wer /Was/Warum
Begriff stammt aus dem agilen Projektmanagment.",Was ist eine User Story. Woher kommt der Begriff?
04.05.03 Leistungsumfang und Lieferobjekte,Was versteht man unter einem Lastenheft und wer erstellt das Pflichtenheft?,"Ein Lastenheft beschreibt die Anforderungen des Auftraggebers an ein Projekt und definiert den gewünschten Leistungsumfang.
Das Pflichtenheft wird vom Auftragnehmer erstellt und legt fest, wie die Anforderungen aus dem Lastenheft technisch umgesetzt werden sollen.",Was versteht man unter einem Lastenheft und wer erstellt das Pflichtenheft?
04.05.03 Leistungsumfang und Lieferobjekte,Was versteht man unter einem Minimum Viable Product (MVP)?,"Ein Minimum Viable Product (MVP) ist die erste funktionsfähige Version eines Produkts, die mit minimalem Aufwand erstellt wird, um Kundenfeedback zu sammeln und die Produktentwicklung zu verbessern oder voranzutreiben
/Kleinste, grade noch funktionsfähige Version eines Produktes.
/Ein Minimum Viable Product (MVP) ist die erste minimal funktionsfähige Version eines Produkts, die aus der Summe der dafür benötigten Inkremente entsteht",Was versteht man unter einem Minimum Viable Product (MVP)?
04.05.03 Leistungsumfang und Lieferobjekte,Was versteht man unter einer User Requirement Specification?,"Lastenheft
",Was versteht man unter einer User Requirement Specification?
04.05.03 Leistungsumfang und Lieferobjekte,"Welche Arten gibt es für die PSP*Codierung? Markieren Sie die falsche Antwort.
a) Mit Icons
b) Rein numerisch
c) Rein alphabetisch
d) Gemischt alpha*numerisch","a) Mit Icons
","Welche Arten gibt es für die PSP*Codierung? Markieren Sie die falsche Antwort.
a) Mit Icons
b) Rein numerisch
c) Rein alphabetisch
d) Gemischt alpha*numerisch"
04.05.03 Leistungsumfang und Lieferobjekte,Welche Aussagekraft hat eine Baseline im Projektmanagement ,"Die Baseline im Projektmanagement hat hohe Aussagekraft als Referenzstandard: Sie dokumentiert die geplanten Werte (Zeit, Kosten, Umfang, Qualität) zum Projektstart und dient als Maßstab zur Messung von Abweichungen (Soll-Ist-Vergleich) während der Projektdurchführung. Sie ermöglicht objektive Kontrolle und Steuerung des Projekts.
/
Die Basiskonfiguration oder »Baseline« eines Projektes bezeichnet die letzte abgenommene
Versionsbeschreibung der Lieferobjekte (Wertschöpfungsebene) und der
Projektplanung (Managementebene).",Welche Aussagekraft hat eine Baseline im Projektmanagement 
04.05.03 Leistungsumfang und Lieferobjekte,Welche Bedeutung haben Abnahmekriterien? Wann sollten Abnahmekriterien beschrieben werden?,"Abnahmekriterien definieren, wann ein Projekt oder Produkt akzeptiert wird, und sollten vor Projektbeginn/ o. so früh wie möglich beschrieben werden, um klare Erwartungen zu schaffen.",Welche Bedeutung haben Abnahmekriterien? Wann sollten Abnahmekriterien beschrieben werden?
04.05.03 Leistungsumfang und Lieferobjekte,Wer erstellt das Pflichtenheft?,"Das Pflichtenheft wird vom Auftragnehmer erstellt. Es beschreibt wie die Anforderungen des AG, die im Lastenheft beschrieben sind, umgesetzt werden sollen.",Wer erstellt das Pflichtenheft?
04.05.03 Leistungsumfang und Lieferobjekte,Wie lautet das Schema zur Formulierung von User*Stories?,"Als Nutzer möchte ich Aktion damit Ziel (WER/WAS/WARUM)

/
Als (Rolle = wer = Nutzer) möchte ich (Funktion = Ziel, was), um (Nutzen = warum).
",Wie lautet das Schema zur Formulierung von User*Stories?
04.05.04 Ablauf und Termine,"Um die notwendige Anzahl von Sprints beziehungsweise Iteration in Planen zu können, muss zunächst der Aufwand für die Implementierung der Funktionalität des Produktes geschätzt werden Was wird unter Planning Poker verstanden, markieren Sie die richtige Antwort. 
a)Planning Poker ist ein agiles Spiel um das Team motiviert zu halten. 
b)Mit Planing Poker wird die Anzahl der Iterationen festgelegt. 
c)Mit Planing Poker wird der relative Aufwand für einzelne User Stories geschätzt. ","Wahrscheinlich c) in Abhängigkeit, ob es noch weitere Antwortmöglichkeiten gibt",
04.05.04 Ablauf und Termine,"Beschreiben sie anhand eines Beispiels eine Analysemethode, mit der sich Terminabweichungen grafisch darstellen lassen .","Meilensteintrendanalyse (MTA)
Die MTA stellt Terminabweichungen grafisch dar. X-Achse: Berichtszeitpunkte, Y-Achse: Meilenstein-Erreichungstermine. Zu jedem Berichtstermin werden Prognosen für jeden Meilenstein eingetragen und verbunden.
Beispiel: Projekt mit 5 Meilensteinen. Bei monatlichen Statusberichten:
Anforderungen: 15.02. (bleibt konstant = horizontal = im Plan)
Design: 31.03. → 07.04. (leicht steigend = geringe Verzögerung)
Implementierung: 31.05. → 05.07. (stark steigend = kritisch, Gegensteuerung nötig)
Testing: 15.07. → 19.08. (steigend = abhängig von Implementierung)
Go-Live: 31.08. → 30.09. (erst stabil, dann steigend = gefährdet)
Interpretation: Horizontale Linien = im Plan. Steigende Linien = Verzögerungen. Kontinuierlich steigende Linien zeigen anhaltende Probleme.
Vorteil: Einfach, intuitiv, frühe Risikenerkennung.","Beschreiben sie anhand eines Beispiels eine Analysemethode, mit der sich Terminabweichungen grafisch darstellen lassen ."
04.05.04 Ablauf und Termine,Beschreiben Sie den Nutzen von drei (3) Fortschritts(grad)*Messmethoden.,"1. Statusschritt: ist am genausten, passend bei großen Arbeitspaketen
2. 0 - 100: einfach Anzuwenden, es gibt nur ""nicht begonnen"" = 0% oder ""abgeschlossen"" = 100%, wodurch Missverständnisse vermieden werden können; für kleine Aufgaben/ Arbeitspakete
3. 50 -50: einfach Anzuwenden, Nicht begonnen: 0%, Begonnen: 50%, Erledigt: 100 %; für kleine Aufgaben/ Arbeitspakete
",Beschreiben Sie den Nutzen von drei (3) Fortschritts(grad)*Messmethoden.
04.05.04 Ablauf und Termine,Für eine Sprint Retrospective steht nur 1 Stunde zur Verfügung. Ist das ausreichend?,"Das kommt auf die Länge des Sprints an, bei 4 Wochen Sprints geht man von 3 Stunden aus und würde bei kürzeren entsprechend die Retroskeptive auch verkürzen",Für eine Sprint Retrospective steht nur 1 Stunde zur Verfügung. Ist das ausreichend?
04.05.04 Ablauf und Termine,"Im Projekt übernehmen Sie das AP ""Renovierung Raum A"" geben Sie vier (4) Vorgänge an, um dieses AP zu unterteilen. Welche AOB besteht zwischen dem Arbeitspaketen Boden neu verlegen Und Wände verputzen. Begründen Sie Ihre Antwort ","Vorgänge (Beispielhafte Unterteilung):
1. Raum leerräumen und abkleben
2. Alten Bodenbelag entfernen
3. Wände verputzen
4. Boden neu verlegen
Anordnungsbeziehung (AOB): Zwischen „Wände verputzen“ (Vorgänger) und „Boden neu verlegen“ (Nachfolger) besteht eine Normalfolge (Ende-Anfang-Beziehung / Finish-to-Start),.
Begründung: Es handelt sich um eine technologische Abhängigkeit. Das Verputzen der Wände muss zwingend abgeschlossen sein, bevor der neue Boden verlegt werden kann. Andernfalls würde der neue Boden durch herabfallenden Putz, Feuchtigkeit oder Gerüste beschädigt und verschmutzt werden. Man arbeitet im Bauwesen typischerweise ""von oben nach unten""","Im Projekt übernehmen Sie das AP ""Renovierung Raum A"" geben Sie vier (4) Vorgänge an, um dieses AP zu unterteilen. Welche AOB besteht zwischen dem Arbeitspaketen Boden neu verlegen Und Wände verputzen. Begründen Sie Ihre Antwort "
04.05.04 Ablauf und Termine,Nenne mindestens 4 Inhalte eines Knotens (in einem Netzplan)!,"Vorgangs-Nr., Verantwortlicher, Dauer, Bezeichnung; FAZ, FEZ, SAZ, SEZ, GP, FP",Nenne mindestens 4 Inhalte eines Knotens (in einem Netzplan)!
04.05.04 Ablauf und Termine,"Nennen Sie vier (4) Felder, die in einem Vorgangs*Knoten vorhanden sind.","PSP (Projektstrukturplan)-Code
Vorgangsdauer
FAZ: Frühester Anfangszeitpunkt
FEZ: Frühester Endzeitpunkt
SAZ: Spätester Anfangszeitpunkt
SEZ: Spätester Endzeitpunkt
GP: Gesamtpuffer
FP: Freier Puffer
","Nennen Sie vier (4) Felder, die in einem Vorgangs*Knoten vorhanden sind."
04.05.04 Ablauf und Termine,"Stellen Sie vier (4) Felder dar, die in einem Vorgangsknoten vorhanden sind.","Vorgangsnummer
Vorgangsdauer (Dauer)
Frühester Anfangszeitpunkt (FAZ)
Spätester Endzeitpunkt (SEZ)

Nr. Verantwortlicher, Dauer, Vorgangsname, FAZ, FEZ, SAZ, SEZ Gesamtpuffer und freier Puffer","Stellen Sie vier (4) Felder dar, die in einem Vorgangsknoten vorhanden sind."
04.05.04 Ablauf und Termine,"Um die notwendige Anzahl von Sprints beziehungsweise Iteration  Planen zu können, muss zunächst der Aufwand für die Implementierung der Funktionalität des Produktes geschätzt werden. Was wird unter planning Poker verstanden, markieren Sie die richtige Antwort. 
a)Planning Poker ist ein agiles Spiel um das Team motiviert zu halten. 
b)Mit Planing Poker wird die Anzahl der Iterationen festgelegt. 
c)Mit Planing Poker wird der relative Aufwand für einzelne User Stories geschätzt. ","Wahrscheinlich c) Mit Planing Poker wird der relative Aufwand für einzelne User Stories geschätzt. in Abhängigkeit, ob es noch weitere Antwortmöglichkeiten gibt","Um die notwendige Anzahl von Sprints beziehungsweise Iteration  Planen zu können, muss zunächst der Aufwand für die Implementierung der Funktionalität des Produktes geschätzt werden. Was wird unter planning Poker verstanden, markieren Sie die richtige Antwort. 
a)Planning Poker ist ein agiles Spiel um das Team motiviert zu halten. 
b)Mit Planing Poker wird die Anzahl der Iterationen festgelegt. 
c)Mit Planing Poker wird der relative Aufwand für einzelne User Stories geschätzt. "
04.05.04 Ablauf und Termine,"Um die notwendige Anzahl von Sprints bzw. Iterationen planen zu können, muss zunächst der Aufwand für die Implementierung der Funktionalität des Produkts geschätzt werden. Welche Aussage zum Planning Poker ist nicht richtig?
A) Planning Poker ist eine Schätzmethode, in der alle Teammitglieder schätzen.
B) Die Schätzung erfolgt “geheim” mit Hilfe von Schätzkarten.
C) Das Ergebnis der Schätzung sind Story Points.
D) Die Story Points ergeben direkt den Aufwand in Stunden für die Bearbeitung einer User Story.","D) Die Story Points ergeben direkt den Aufwand in Stunden für die Bearbeitung einer User Story""","Um die notwendige Anzahl von Sprints bzw. Iterationen planen zu können, muss zunächst der Aufwand für die Implementierung der Funktionalität des Produkts geschätzt werden. Welche Aussage zum Planning Poker ist nicht richtig?
A) Planning Poker ist eine Schätzmethode, in der alle Teammitglieder schätzen.
B) Die Schätzung erfolgt “geheim” mit Hilfe von Schätzkarten.
C) Das Ergebnis der Schätzung sind Story Points.
D) Die Story Points ergeben direkt den Aufwand in Stunden für die Bearbeitung einer User Story."
04.05.04 Ablauf und Termine,Was gehört zur AOB dazu?,"A) Eine AOB (Anordnungsbeziehung) besteht aus 3 Elementen:
1.) Vorgänger – Vorangegangener Vorgang
2.) Nachfolger – Nachfolgender Vorgang
3.) Beziehungstyp – Art der Abhängigkeit
4.) Die Beziehungstypen sind: /
5.) Zeitabstand, Verzögerung
1. NF
2. AF
3. EF
4. SF

Eine Anordnungsbeziehung ist eine gerichtete Verknüpfung von zwei Planungselementen im Netzplan, die eine sachlogische und zeitliche Beziehung Vorgänger- Nachfolger zwischen diesen Elementen widerspiegelt. => Folgen: Normal-, Anfang-Anfang-, Ende-Ende- u Sprungfolge
/
Zu einer vollständigen Anordnungsbeziehung (AOB) gehören zwingend die beteiligten Ablaufelemente in Form von Vorgänger und Nachfolger, die exakte Art ihrer logischen Verknüpfung (wie beispielsweise die Normalfolge) sowie ein quantifizierbarer zeitlicher Abstand",Was gehört zur AOB dazu?
04.05.04 Ablauf und Termine,Was ist das Fast tracking? / Wie ist Fast Tracking definiert ,"Parallelisierung oder Überlappen der Vorgänge – vor Abschluss eines Vorganges wird bereits der nächste begonnen (ggf. Qualitätsverlust, wenn nicht vollständig getestet wurde, bevor der nächste Vorgang anfängt)
/
A) Fast tracking ist die Parallelisierung von Vorgängen. 
B) Vorgänge, die ursprünglich sequenziell geplant waren, werden parallel ausgeführt – um die Projektdauer zu verkürzen.",Was ist das Fast tracking? / Wie ist Fast Tracking definiert 
04.05.04 Ablauf und Termine,Was ist die Voraussetzung für den Abschluss eines Projekts?,"Die Voraussetzung für den Abschluss eines Projekts ist die Erfüllung der Projektziele wie sie vertraglich festgehalten sind, sowie die formale Abnahme der Ergebnisse durch den Auftraggeber. Alle offenen Punkte, wie Dokumentation, Übergaben und Restaktivitäten, müssen ebenfalls abgeschlossen sein.
/
Formelle Abnahme aller Deliverables durch den Auftraggeber; anschließende Durchführung der Abschlussanalyse, vollständige Dokumentation und ""systematische Sicherung des Erfahrungswissens"" /Lessons Learned",Was ist die Voraussetzung für den Abschluss eines Projekts?
04.05.04 Ablauf und Termine,Was ist ein Kanban Board? Wie wird es verwendet?,"Kanban-Board:
Visuelles Werkzeug zur Aufgabenorganisation mit Spalten (min: ""To Do"", ""In Progress"", ""Done"")
Aufgaben als Karten, die von links nach rechts durch die Spalten wandern
WIP-Limits begrenzen gleichzeitige Aufgaben pro Spalte, Stop starting, start finishing!
Verwendung:
Team zieht Aufgaben selbstständig (Pull-Prinzip)
Visualisiert Arbeitsfluss und identifiziert Engpässe
Fördert Transparenz, Effizienz und Selbstorganisation
Ermöglicht kontinuierliche Prozessverbesserung",Was ist ein Kanban Board? Wie wird es verwendet?
04.05.04 Ablauf und Termine,Was ist ein Meilenstein?,"Ein Meilenstein ist ein bedeutendes Ereignis oder Zwischenziel im Projektverlauf, das den Abschluss einer Phase oder eines wichtigen Arbeitspakets markiert und zur Kontrolle des Fortschritts dient (Fortschrittskontrolle).
Bsp.: Der Abschluss der Planungsphase oder die Fertigstellung eines Prototyps.",Was ist ein Meilenstein?
04.05.04 Ablauf und Termine,Was ist eine 3 Punktschätzung                                                                                                                   ,"Ermittelt Aufwände durch drei Werte: optimistisch, realistisch und pessimistisch. Aus diesen wird der individuell gewichtete Durchschnitt berechnet.",Was ist eine 3 Punktschätzung                                                                                                                   
04.05.04 Ablauf und Termine,Was ist eine Expertenschätzung?,"Methode, bei der erfahrene Fachleute (basierend auf ihrem Wissen und ihrer Erfahrung) z.B. Aufwände, Kosten oder Dauer eines Projekts abschätzen.",Was ist eine Expertenschätzung?
04.05.04 Ablauf und Termine,Was ist Timeboxing?,"Zeitmanagement-Technik, bei der Aufgaben in feste Zeitblöcke eingeteilt werden, die nicht überschritten werden, wenn die Zeit um ist geht es weiter zur nächsten Box. Steigert  Effizienz und Fokus ",Was ist Timeboxing?
04.05.04 Ablauf und Termine,Was sind die Strukturelemente des PSP?,"Wurzelelement/ Projekt, Teilprojekt/Teilaufgaben,  Arbeitspaket  ",Was sind die Strukturelemente des PSP?
04.05.04 Ablauf und Termine,Was sind Sprints? In welchem Vorgehensmodell werden sie verwendet?,"Sprints sind in Scrum zeitlich begrenzte Arbeitszyklen (meist 1–4 Wochen), in denen ein Team definierte Aufgaben oder Ziele bearbeitet. Sie enden mit einem lieferbaren Ergebnis, wie einem Produktinkrement. ",Was sind Sprints? In welchem Vorgehensmodell werden sie verwendet?
04.05.04 Ablauf und Termine,Was sind Time*Boxen?,"Timeboxen sind festgelegte Zeitfenster, in denen Aufgaben erledigt werden, steigern Effizienz und Fokus",Was sind Time*Boxen?
04.05.04 Ablauf und Termine,Was versteht man unter Crashing? / Was wird unter Crashing verstanden ?," „Verdichtung“ durch Verkürzen der Vorgänge z.B Mehrarbeit oder Einsatz weiterer Ressourcen.
Crashing bedeutet, Vorgänge zu verkürzen, z. B. durch mehr Ressourcen oder Mehrarbeit. Ziel ist die Verkürzung der Projektdauer.",Was versteht man unter Crashing? / Was wird unter Crashing verstanden ?
04.05.04 Ablauf und Termine,"Was wird in einem Sprint Planning nicht gemacht?
A) Festlegen des Sprints 
B) Vorstellung des Product Increments, 
C)Übernahme der User stories aus dem Product backlog, 
D) Planning poker",B)  Vorstellung des Product increments,"Was wird in einem Sprint Planning nicht gemacht?
A) Festlegen des Sprints 
B) Vorstellung des Product Increments, 
C)Übernahme der User stories aus dem Product backlog, 
D) Planning poker"
04.05.04 Ablauf und Termine,Was wird unter einer Einzelschätzung verstanden ,"Unter einer Einzelschätzung (auch Einzelbefragung) versteht man eine Methode der Expertenbefragung, bei der exakt ein einzelner (Fachexperte) einen konkreten Schätzwert für eine Projektaufgabe abgibt, was zwar eine sehr schnelle Ermittlung ermöglicht, jedoch das Risiko birgt, dass individuelle Fehlannahmen mangels einer Zweitkontrolle durch andere Fachleute unentdeckt bleiben
/
(auch Ein-Punkt-Schätzung) versteht man ein Verfahren, bei dem für eine Aufgabe oder einen Parameter (z. B. Aufwand, Dauer oder Kosten) genau ein einziger Wert als Schätzung abgegeben wird",Was wird unter einer Einzelschätzung verstanden 
04.05.04 Ablauf und Termine,Was zeigt Ihnen der kritische Pfad an?,"Der kritische Pfad zeigt die längste Abfolge abhängiger Vorgänge im Projekt (minimal notwendige Zeit für Projekt) , deren Verzögerung die gesamte Projektdauer beeinflusst. - er gibt die mindest Projektdauer an

Vorgänge ohne Puffer, beschreibt mindest Projektdauer und ist die längste Vorgangskette",Was zeigt Ihnen der kritische Pfad an?
04.05.04 Ablauf und Termine,Welche Anordnungsbeziehungen (AOB) gibt es? Geben Sie für eine AOB ein Beispiel.,"1.Ende-Anfang (EA/FS/Normalfolge): Vorgänger muss enden, bevor Nachfolger beginnen kann.
2.Anfang-Anfang (AA/SS/Anfangsfolge): Nachfolger kann beginnen, wenn Vorgänger gestartet ist.
3.Ende-Ende (EE/FF/Endfolge): Nachfolger kann erst enden, wenn Vorgänger abgeschlossen ist.
4.Anfang-Ende (AE/SF/Sprungfolge): Nachfolger kann erst enden, wenn Vorgänger begonnen hat.
Der Dachdecker kann das Dach erst decken, wenn der Zimmermann den Dachstuhl fertiggestellt hat.",Welche Anordnungsbeziehungen (AOB) gibt es? Geben Sie für eine AOB ein Beispiel.
04.05.04 Ablauf und Termine,Welche beiden Pufferarten gibt es?,"Freier Puffer
Gesamtpuffer",Welche beiden Pufferarten gibt es?
04.05.04 Ablauf und Termine,Wie können Sie die Projektdauer verkürzen? Nennen Sie zwei Möglichkeiten.,"1.crashing: zusätzliche Ressourcen einsetzen, um kritische Aktivitäten zu beschleunigen. 
2. Fast tracking: Aktivitäten, die normalerweise nacheinander ausgeführt werden, parallelisieren.",Wie können Sie die Projektdauer verkürzen? Nennen Sie zwei Möglichkeiten.
04.05.04 Ablauf und Termine,"Wie könnte ein Phasenplan für folgendes Projekt aussehen: Organisation einer Party, Zeitraum 6 Wochen?","Initialisierung (Woche 1): Zielsetzung, Budget klären, Gästeliste grob.
Konzeption/Planung (Woche 2-3): Location buchen, Catering festlegen, Einladungen versenden.
Vorbereitung/Realisierung (Woche 4-5): Einkäufe tätigen, Deko vorbereiten, Detailabsprachen.
Durchführung (Woche 6): Aufbau, Party-Tag, Abbau
Abschluss (Woche 6/Ende): Nachbereitung, Abrechnung, Lessons Learned","Wie könnte ein Phasenplan für folgendes Projekt aussehen: Organisation einer Party, Zeitraum 6 Wochen?"
04.05.04 Ablauf und Termine,Wozu dienen jeweils Phasen und Sprint? ,"Während Projektphasen der grundlegenden Strukturierung eines Vorhabens in sachlich und inhaltlich voneinander abgegrenzte zeitliche Etappen dienen, fungieren Sprints im agilen Projektmanagement als streng limitierte Arbeitszyklen (Timeboxes), innerhalb derer fokussiert ein fertiges und nutzbares Produktinkrement erzeugt wird
",Wozu dienen jeweils Phasen und Sprint? 
04.05.04 Ablauf und Termine,"Um die notwendige Anzahl von Sprints beziehungsweise Iteration in Planen zu können, muss zunächst der Aufwand für die Implementierung der Funktionalität des Produktes geschätzt werden Was wird unter Planning Poker verstanden, markieren Sie die richtige Antwort. 
a)Planning Poker ist ein agiles Spiel um das Team motiviert zu halten. 
b)Mit Planing Poker wird die Anzahl der Iterationen festgelegt. 
c)Mit Planing Poker wird der relative Aufwand für einzelne User Stories geschätzt. ","Wahrscheinlich c) in Abhängigkeit, ob es noch weitere Antwortmöglichkeiten gibt","Um die notwendige Anzahl von Sprints beziehungsweise Iteration in Planen zu können, muss zunächst der Aufwand für die Implementierung der Funktionalität des Produktes geschätzt werden Was wird unter Planning Poker verstanden, markieren Sie die richtige Antwort. 
a)Planning Poker ist ein agiles Spiel um das Team motiviert zu halten. 
b)Mit Planing Poker wird die Anzahl der Iterationen festgelegt. 
c)Mit Planing Poker wird der relative Aufwand für einzelne User Stories geschätzt. "
04.05.04 Ablauf und Termine,"Um die notwendige Anzahl von Sprints beziehungsweise Iteration in Planen zu können, muss zunächst der Aufwand für die Implementierung der Funktionalität des Produktes geschätzt werden Was wird unter Planning Poker verstanden, markieren Sie die richtige Antwort. 
a)Planning Poker ist ein agiles Spiel um das Team motiviert zu halten. 
b)Mit Planing Poker wird die Anzahl der Iterationen festgelegt. 
c)Mit Planing Poker wird der relative Aufwand für einzelne User Stories geschätzt. ","Wahrscheinlich c) in Abhängigkeit, ob es noch weitere Antwortmöglichkeiten gibt","Um die notwendige Anzahl von Sprints beziehungsweise Iteration in Planen zu können, muss zunächst der Aufwand für die Implementierung der Funktionalität des Produktes geschätzt werden Was wird unter Planning Poker verstanden, markieren Sie die richtige Antwort. 
a)Planning Poker ist ein agiles Spiel um das Team motiviert zu halten. 
b)Mit Planing Poker wird die Anzahl der Iterationen festgelegt. 
c)Mit Planing Poker wird der relative Aufwand für einzelne User Stories geschätzt. "
04.05.04 Ablauf und Termine,"Um die notwendige Anzahl von Sprints beziehungsweise Iteration in Planen zu können, muss zunächst der Aufwand für die Implementierung der Funktionalität des Produktes geschätzt werden Was wird unter Planning Poker verstanden, markieren Sie die richtige Antwort. 
a)Planning Poker ist ein agiles Spiel um das Team motiviert zu halten. 
b)Mit Planing Poker wird die Anzahl der Iterationen festgelegt. 
c)Mit Planing Poker wird der relative Aufwand für einzelne User Stories geschätzt. ","Wahrscheinlich c) in Abhängigkeit, ob es noch weitere Antwortmöglichkeiten gibt","Um die notwendige Anzahl von Sprints beziehungsweise Iteration in Planen zu können, muss zunächst der Aufwand für die Implementierung der Funktionalität des Produktes geschätzt werden Was wird unter Planning Poker verstanden, markieren Sie die richtige Antwort. 
a)Planning Poker ist ein agiles Spiel um das Team motiviert zu halten. 
b)Mit Planing Poker wird die Anzahl der Iterationen festgelegt. 
c)Mit Planing Poker wird der relative Aufwand für einzelne User Stories geschätzt. "
04.05.04 Ablauf und Termine,"Um die notwendige Anzahl von Sprints beziehungsweise Iteration in Planen zu können, muss zunächst der Aufwand für die Implementierung der Funktionalität des Produktes geschätzt werden Was wird unter Planning Poker verstanden, markieren Sie die richtige Antwort. 
a)Planning Poker ist ein agiles Spiel um das Team motiviert zu halten. 
b)Mit Planing Poker wird die Anzahl der Iterationen festgelegt. 
c)Mit Planing Poker wird der relative Aufwand für einzelne User Stories geschätzt. ","Wahrscheinlich c) in Abhängigkeit, ob es noch weitere Antwortmöglichkeiten gibt","Um die notwendige Anzahl von Sprints beziehungsweise Iteration in Planen zu können, muss zunächst der Aufwand für die Implementierung der Funktionalität des Produktes geschätzt werden Was wird unter Planning Poker verstanden, markieren Sie die richtige Antwort. 
a)Planning Poker ist ein agiles Spiel um das Team motiviert zu halten. 
b)Mit Planing Poker wird die Anzahl der Iterationen festgelegt. 
c)Mit Planing Poker wird der relative Aufwand für einzelne User Stories geschätzt. "
04.05.04 Ablauf und Termine,"Um die notwendige Anzahl von Sprints beziehungsweise Iteration in Planen zu können, muss zunächst der Aufwand für die Implementierung der Funktionalität des Produktes geschätzt werden Was wird unter Planning Poker verstanden, markieren Sie die richtige Antwort. 
a)Planning Poker ist ein agiles Spiel um das Team motiviert zu halten. 
b)Mit Planing Poker wird die Anzahl der Iterationen festgelegt. 
c)Mit Planing Poker wird der relative Aufwand für einzelne User Stories geschätzt. ","Wahrscheinlich c) in Abhängigkeit, ob es noch weitere Antwortmöglichkeiten gibt","Um die notwendige Anzahl von Sprints beziehungsweise Iteration in Planen zu können, muss zunächst der Aufwand für die Implementierung der Funktionalität des Produktes geschätzt werden Was wird unter Planning Poker verstanden, markieren Sie die richtige Antwort. 
a)Planning Poker ist ein agiles Spiel um das Team motiviert zu halten. 
b)Mit Planing Poker wird die Anzahl der Iterationen festgelegt. 
c)Mit Planing Poker wird der relative Aufwand für einzelne User Stories geschätzt. "
04.05.04 Ablauf und Termine,"Um die notwendige Anzahl von Sprints beziehungsweise Iteration in Planen zu können, muss zunächst der Aufwand für die Implementierung der Funktionalität des Produktes geschätzt werden Was wird unter Planning Poker verstanden, markieren Sie die richtige Antwort. 
a)Planning Poker ist ein agiles Spiel um das Team motiviert zu halten. 
b)Mit Planing Poker wird die Anzahl der Iterationen festgelegt. 
c)Mit Planing Poker wird der relative Aufwand für einzelne User Stories geschätzt. ","Wahrscheinlich c) in Abhängigkeit, ob es noch weitere Antwortmöglichkeiten gibt","Um die notwendige Anzahl von Sprints beziehungsweise Iteration in Planen zu können, muss zunächst der Aufwand für die Implementierung der Funktionalität des Produktes geschätzt werden Was wird unter Planning Poker verstanden, markieren Sie die richtige Antwort. 
a)Planning Poker ist ein agiles Spiel um das Team motiviert zu halten. 
b)Mit Planing Poker wird die Anzahl der Iterationen festgelegt. 
c)Mit Planing Poker wird der relative Aufwand für einzelne User Stories geschätzt. "
04.05.04 Ablauf und Termine,"Um die notwendige Anzahl von Sprints beziehungsweise Iteration in Planen zu können, muss zunächst der Aufwand für die Implementierung der Funktionalität des Produktes geschätzt werden Was wird unter Planning Poker verstanden, markieren Sie die richtige Antwort. 
a)Planning Poker ist ein agiles Spiel um das Team motiviert zu halten. 
b)Mit Planing Poker wird die Anzahl der Iterationen festgelegt. 
c)Mit Planing Poker wird der relative Aufwand für einzelne User Stories geschätzt. ","Wahrscheinlich c) in Abhängigkeit, ob es noch weitere Antwortmöglichkeiten gibt","Um die notwendige Anzahl von Sprints beziehungsweise Iteration in Planen zu können, muss zunächst der Aufwand für die Implementierung der Funktionalität des Produktes geschätzt werden Was wird unter Planning Poker verstanden, markieren Sie die richtige Antwort. 
a)Planning Poker ist ein agiles Spiel um das Team motiviert zu halten. 
b)Mit Planing Poker wird die Anzahl der Iterationen festgelegt. 
c)Mit Planing Poker wird der relative Aufwand für einzelne User Stories geschätzt. "
04.05.04 Ablauf und Termine,"Um die notwendige Anzahl von Sprints beziehungsweise Iteration in Planen zu können, muss zunächst der Aufwand für die Implementierung der Funktionalität des Produktes geschätzt werden Was wird unter Planning Poker verstanden, markieren Sie die richtige Antwort. 
a)Planning Poker ist ein agiles Spiel um das Team motiviert zu halten. 
b)Mit Planing Poker wird die Anzahl der Iterationen festgelegt. 
c)Mit Planing Poker wird der relative Aufwand für einzelne User Stories geschätzt. ","Wahrscheinlich c) in Abhängigkeit, ob es noch weitere Antwortmöglichkeiten gibt","Um die notwendige Anzahl von Sprints beziehungsweise Iteration in Planen zu können, muss zunächst der Aufwand für die Implementierung der Funktionalität des Produktes geschätzt werden Was wird unter Planning Poker verstanden, markieren Sie die richtige Antwort. 
a)Planning Poker ist ein agiles Spiel um das Team motiviert zu halten. 
b)Mit Planing Poker wird die Anzahl der Iterationen festgelegt. 
c)Mit Planing Poker wird der relative Aufwand für einzelne User Stories geschätzt. "
04.05.04 Ablauf und Termine,"Um die notwendige Anzahl von Sprints beziehungsweise Iteration in Planen zu können, muss zunächst der Aufwand für die Implementierung der Funktionalität des Produktes geschätzt werden Was wird unter Planning Poker verstanden, markieren Sie die richtige Antwort. 
a)Planning Poker ist ein agiles Spiel um das Team motiviert zu halten. 
b)Mit Planing Poker wird die Anzahl der Iterationen festgelegt. 
c)Mit Planing Poker wird der relative Aufwand für einzelne User Stories geschätzt. ","Wahrscheinlich c) in Abhängigkeit, ob es noch weitere Antwortmöglichkeiten gibt","Um die notwendige Anzahl von Sprints beziehungsweise Iteration in Planen zu können, muss zunächst der Aufwand für die Implementierung der Funktionalität des Produktes geschätzt werden Was wird unter Planning Poker verstanden, markieren Sie die richtige Antwort. 
a)Planning Poker ist ein agiles Spiel um das Team motiviert zu halten. 
b)Mit Planing Poker wird die Anzahl der Iterationen festgelegt. 
c)Mit Planing Poker wird der relative Aufwand für einzelne User Stories geschätzt. "
04.05.04 Ablauf und Termine,"Um die notwendige Anzahl von Sprints beziehungsweise Iteration in Planen zu können, muss zunächst der Aufwand für die Implementierung der Funktionalität des Produktes geschätzt werden Was wird unter Planning Poker verstanden, markieren Sie die richtige Antwort. 
a)Planning Poker ist ein agiles Spiel um das Team motiviert zu halten. 
b)Mit Planing Poker wird die Anzahl der Iterationen festgelegt. 
c)Mit Planing Poker wird der relative Aufwand für einzelne User Stories geschätzt. ","Wahrscheinlich c) in Abhängigkeit, ob es noch weitere Antwortmöglichkeiten gibt","Um die notwendige Anzahl von Sprints beziehungsweise Iteration in Planen zu können, muss zunächst der Aufwand für die Implementierung der Funktionalität des Produktes geschätzt werden Was wird unter Planning Poker verstanden, markieren Sie die richtige Antwort. 
a)Planning Poker ist ein agiles Spiel um das Team motiviert zu halten. 
b)Mit Planing Poker wird die Anzahl der Iterationen festgelegt. 
c)Mit Planing Poker wird der relative Aufwand für einzelne User Stories geschätzt. "
04.05.04 Ablauf und Termine,"Um die notwendige Anzahl von Sprints beziehungsweise Iteration in Planen zu können, muss zunächst der Aufwand für die Implementierung der Funktionalität des Produktes geschätzt werden Was wird unter Planning Poker verstanden, markieren Sie die richtige Antwort. 
a)Planning Poker ist ein agiles Spiel um das Team motiviert zu halten. 
b)Mit Planing Poker wird die Anzahl der Iterationen festgelegt. 
c)Mit Planing Poker wird der relative Aufwand für einzelne User Stories geschätzt. ","Wahrscheinlich c) in Abhängigkeit, ob es noch weitere Antwortmöglichkeiten gibt","Um die notwendige Anzahl von Sprints beziehungsweise Iteration in Planen zu können, muss zunächst der Aufwand für die Implementierung der Funktionalität des Produktes geschätzt werden Was wird unter Planning Poker verstanden, markieren Sie die richtige Antwort. 
a)Planning Poker ist ein agiles Spiel um das Team motiviert zu halten. 
b)Mit Planing Poker wird die Anzahl der Iterationen festgelegt. 
c)Mit Planing Poker wird der relative Aufwand für einzelne User Stories geschätzt. "
04.05.04 Ablauf und Termine,"Um die notwendige Anzahl von Sprints beziehungsweise Iteration in Planen zu können, muss zunächst der Aufwand für die Implementierung der Funktionalität des Produktes geschätzt werden Was wird unter Planning Poker verstanden, markieren Sie die richtige Antwort. 
a)Planning Poker ist ein agiles Spiel um das Team motiviert zu halten. 
b)Mit Planing Poker wird die Anzahl der Iterationen festgelegt. 
c)Mit Planing Poker wird der relative Aufwand für einzelne User Stories geschätzt. ","Wahrscheinlich c) in Abhängigkeit, ob es noch weitere Antwortmöglichkeiten gibt","Um die notwendige Anzahl von Sprints beziehungsweise Iteration in Planen zu können, muss zunächst der Aufwand für die Implementierung der Funktionalität des Produktes geschätzt werden Was wird unter Planning Poker verstanden, markieren Sie die richtige Antwort. 
a)Planning Poker ist ein agiles Spiel um das Team motiviert zu halten. 
b)Mit Planing Poker wird die Anzahl der Iterationen festgelegt. 
c)Mit Planing Poker wird der relative Aufwand für einzelne User Stories geschätzt. "
04.05.04 Ablauf und Termine,"Um die notwendige Anzahl von Sprints beziehungsweise Iteration in Planen zu können, muss zunächst der Aufwand für die Implementierung der Funktionalität des Produktes geschätzt werden Was wird unter Planning Poker verstanden, markieren Sie die richtige Antwort. 
a)Planning Poker ist ein agiles Spiel um das Team motiviert zu halten. 
b)Mit Planing Poker wird die Anzahl der Iterationen festgelegt. 
c)Mit Planing Poker wird der relative Aufwand für einzelne User Stories geschätzt. ","Wahrscheinlich c) in Abhängigkeit, ob es noch weitere Antwortmöglichkeiten gibt","Um die notwendige Anzahl von Sprints beziehungsweise Iteration in Planen zu können, muss zunächst der Aufwand für die Implementierung der Funktionalität des Produktes geschätzt werden Was wird unter Planning Poker verstanden, markieren Sie die richtige Antwort. 
a)Planning Poker ist ein agiles Spiel um das Team motiviert zu halten. 
b)Mit Planing Poker wird die Anzahl der Iterationen festgelegt. 
c)Mit Planing Poker wird der relative Aufwand für einzelne User Stories geschätzt. "
04.05.04 Ablauf und Termine,"Um die notwendige Anzahl von Sprints beziehungsweise Iteration in Planen zu können, muss zunächst der Aufwand für die Implementierung der Funktionalität des Produktes geschätzt werden Was wird unter Planning Poker verstanden, markieren Sie die richtige Antwort. 
a)Planning Poker ist ein agiles Spiel um das Team motiviert zu halten. 
b)Mit Planing Poker wird die Anzahl der Iterationen festgelegt. 
c)Mit Planing Poker wird der relative Aufwand für einzelne User Stories geschätzt. ","Wahrscheinlich c) in Abhängigkeit, ob es noch weitere Antwortmöglichkeiten gibt","Um die notwendige Anzahl von Sprints beziehungsweise Iteration in Planen zu können, muss zunächst der Aufwand für die Implementierung der Funktionalität des Produktes geschätzt werden Was wird unter Planning Poker verstanden, markieren Sie die richtige Antwort. 
a)Planning Poker ist ein agiles Spiel um das Team motiviert zu halten. 
b)Mit Planing Poker wird die Anzahl der Iterationen festgelegt. 
c)Mit Planing Poker wird der relative Aufwand für einzelne User Stories geschätzt. "
04.05.04 Ablauf und Termine,"Um die notwendige Anzahl von Sprints beziehungsweise Iteration in Planen zu können, muss zunächst der Aufwand für die Implementierung der Funktionalität des Produktes geschätzt werden Was wird unter Planning Poker verstanden, markieren Sie die richtige Antwort. 
a)Planning Poker ist ein agiles Spiel um das Team motiviert zu halten. 
b)Mit Planing Poker wird die Anzahl der Iterationen festgelegt. 
c)Mit Planing Poker wird der relative Aufwand für einzelne User Stories geschätzt. ","Wahrscheinlich c) in Abhängigkeit, ob es noch weitere Antwortmöglichkeiten gibt","Um die notwendige Anzahl von Sprints beziehungsweise Iteration in Planen zu können, muss zunächst der Aufwand für die Implementierung der Funktionalität des Produktes geschätzt werden Was wird unter Planning Poker verstanden, markieren Sie die richtige Antwort. 
a)Planning Poker ist ein agiles Spiel um das Team motiviert zu halten. 
b)Mit Planing Poker wird die Anzahl der Iterationen festgelegt. 
c)Mit Planing Poker wird der relative Aufwand für einzelne User Stories geschätzt. "
04.05.04 Ablauf und Termine,"Um die notwendige Anzahl von Sprints beziehungsweise Iteration in Planen zu können, muss zunächst der Aufwand für die Implementierung der Funktionalität des Produktes geschätzt werden Was wird unter Planning Poker verstanden, markieren Sie die richtige Antwort. 
a)Planning Poker ist ein agiles Spiel um das Team motiviert zu halten. 
b)Mit Planing Poker wird die Anzahl der Iterationen festgelegt. 
c)Mit Planing Poker wird der relative Aufwand für einzelne User Stories geschätzt. ","Wahrscheinlich c) in Abhängigkeit, ob es noch weitere Antwortmöglichkeiten gibt","Um die notwendige Anzahl von Sprints beziehungsweise Iteration in Planen zu können, muss zunächst der Aufwand für die Implementierung der Funktionalität des Produktes geschätzt werden Was wird unter Planning Poker verstanden, markieren Sie die richtige Antwort. 
a)Planning Poker ist ein agiles Spiel um das Team motiviert zu halten. 
b)Mit Planing Poker wird die Anzahl der Iterationen festgelegt. 
c)Mit Planing Poker wird der relative Aufwand für einzelne User Stories geschätzt. "
04.05.04 Ablauf und Termine,"Um die notwendige Anzahl von Sprints beziehungsweise Iteration in Planen zu können, muss zunächst der Aufwand für die Implementierung der Funktionalität des Produktes geschätzt werden Was wird unter Planning Poker verstanden, markieren Sie die richtige Antwort. 
a)Planning Poker ist ein agiles Spiel um das Team motiviert zu halten. 
b)Mit Planing Poker wird die Anzahl der Iterationen festgelegt. 
c)Mit Planing Poker wird der relative Aufwand für einzelne User Stories geschätzt. ","Wahrscheinlich c) in Abhängigkeit, ob es noch weitere Antwortmöglichkeiten gibt","Um die notwendige Anzahl von Sprints beziehungsweise Iteration in Planen zu können, muss zunächst der Aufwand für die Implementierung der Funktionalität des Produktes geschätzt werden Was wird unter Planning Poker verstanden, markieren Sie die richtige Antwort. 
a)Planning Poker ist ein agiles Spiel um das Team motiviert zu halten. 
b)Mit Planing Poker wird die Anzahl der Iterationen festgelegt. 
c)Mit Planing Poker wird der relative Aufwand für einzelne User Stories geschätzt. "
04.05.04 Ablauf und Termine,"Um die notwendige Anzahl von Sprints beziehungsweise Iteration in Planen zu können, muss zunächst der Aufwand für die Implementierung der Funktionalität des Produktes geschätzt werden Was wird unter Planning Poker verstanden, markieren Sie die richtige Antwort. 
a)Planning Poker ist ein agiles Spiel um das Team motiviert zu halten. 
b)Mit Planing Poker wird die Anzahl der Iterationen festgelegt. 
c)Mit Planing Poker wird der relative Aufwand für einzelne User Stories geschätzt. ","Wahrscheinlich c) in Abhängigkeit, ob es noch weitere Antwortmöglichkeiten gibt","Um die notwendige Anzahl von Sprints beziehungsweise Iteration in Planen zu können, muss zunächst der Aufwand für die Implementierung der Funktionalität des Produktes geschätzt werden Was wird unter Planning Poker verstanden, markieren Sie die richtige Antwort. 
a)Planning Poker ist ein agiles Spiel um das Team motiviert zu halten. 
b)Mit Planing Poker wird die Anzahl der Iterationen festgelegt. 
c)Mit Planing Poker wird der relative Aufwand für einzelne User Stories geschätzt. "
04.05.04 Ablauf und Termine,"Um die notwendige Anzahl von Sprints beziehungsweise Iteration in Planen zu können, muss zunächst der Aufwand für die Implementierung der Funktionalität des Produktes geschätzt werden Was wird unter Planning Poker verstanden, markieren Sie die richtige Antwort. 
a)Planning Poker ist ein agiles Spiel um das Team motiviert zu halten. 
b)Mit Planing Poker wird die Anzahl der Iterationen festgelegt. 
c)Mit Planing Poker wird der relative Aufwand für einzelne User Stories geschätzt. ","Wahrscheinlich c) in Abhängigkeit, ob es noch weitere Antwortmöglichkeiten gibt","Um die notwendige Anzahl von Sprints beziehungsweise Iteration in Planen zu können, muss zunächst der Aufwand für die Implementierung der Funktionalität des Produktes geschätzt werden Was wird unter Planning Poker verstanden, markieren Sie die richtige Antwort. 
a)Planning Poker ist ein agiles Spiel um das Team motiviert zu halten. 
b)Mit Planing Poker wird die Anzahl der Iterationen festgelegt. 
c)Mit Planing Poker wird der relative Aufwand für einzelne User Stories geschätzt. "
04.05.04 Ablauf und Termine,"Um die notwendige Anzahl von Sprints beziehungsweise Iteration in Planen zu können, muss zunächst der Aufwand für die Implementierung der Funktionalität des Produktes geschätzt werden Was wird unter Planning Poker verstanden, markieren Sie die richtige Antwort. 
a)Planning Poker ist ein agiles Spiel um das Team motiviert zu halten. 
b)Mit Planing Poker wird die Anzahl der Iterationen festgelegt. 
c)Mit Planing Poker wird der relative Aufwand für einzelne User Stories geschätzt. ","Wahrscheinlich c) in Abhängigkeit, ob es noch weitere Antwortmöglichkeiten gibt","Um die notwendige Anzahl von Sprints beziehungsweise Iteration in Planen zu können, muss zunächst der Aufwand für die Implementierung der Funktionalität des Produktes geschätzt werden Was wird unter Planning Poker verstanden, markieren Sie die richtige Antwort. 
a)Planning Poker ist ein agiles Spiel um das Team motiviert zu halten. 
b)Mit Planing Poker wird die Anzahl der Iterationen festgelegt. 
c)Mit Planing Poker wird der relative Aufwand für einzelne User Stories geschätzt. "
04.05.04 Ablauf und Termine,"Um die notwendige Anzahl von Sprints beziehungsweise Iteration in Planen zu können, muss zunächst der Aufwand für die Implementierung der Funktionalität des Produktes geschätzt werden Was wird unter Planning Poker verstanden, markieren Sie die richtige Antwort. 
a)Planning Poker ist ein agiles Spiel um das Team motiviert zu halten. 
b)Mit Planing Poker wird die Anzahl der Iterationen festgelegt. 
c)Mit Planing Poker wird der relative Aufwand für einzelne User Stories geschätzt. ","Wahrscheinlich c) in Abhängigkeit, ob es noch weitere Antwortmöglichkeiten gibt","Um die notwendige Anzahl von Sprints beziehungsweise Iteration in Planen zu können, muss zunächst der Aufwand für die Implementierung der Funktionalität des Produktes geschätzt werden Was wird unter Planning Poker verstanden, markieren Sie die richtige Antwort. 
a)Planning Poker ist ein agiles Spiel um das Team motiviert zu halten. 
b)Mit Planing Poker wird die Anzahl der Iterationen festgelegt. 
c)Mit Planing Poker wird der relative Aufwand für einzelne User Stories geschätzt. "
04.05.04 Ablauf und Termine,"Um die notwendige Anzahl von Sprints beziehungsweise Iteration in Planen zu können, muss zunächst der Aufwand für die Implementierung der Funktionalität des Produktes geschätzt werden Was wird unter Planning Poker verstanden, markieren Sie die richtige Antwort. 
a)Planning Poker ist ein agiles Spiel um das Team motiviert zu halten. 
b)Mit Planing Poker wird die Anzahl der Iterationen festgelegt. 
c)Mit Planing Poker wird der relative Aufwand für einzelne User Stories geschätzt. ","Wahrscheinlich c) in Abhängigkeit, ob es noch weitere Antwortmöglichkeiten gibt","Um die notwendige Anzahl von Sprints beziehungsweise Iteration in Planen zu können, muss zunächst der Aufwand für die Implementierung der Funktionalität des Produktes geschätzt werden Was wird unter Planning Poker verstanden, markieren Sie die richtige Antwort. 
a)Planning Poker ist ein agiles Spiel um das Team motiviert zu halten. 
b)Mit Planing Poker wird die Anzahl der Iterationen festgelegt. 
c)Mit Planing Poker wird der relative Aufwand für einzelne User Stories geschätzt. "
"04.05.05 Organisation, Information und Dokumentation","In agilen Projekten wird ein Scrum Team mit festen Rollen definiert. Welche organisatorischen Aussagen gelten für ein Scrum Team? Markieren Sie die falsche Antwort.
Problemstellung
A) In einem Scrum Team gibt es keine Teilteams oder Hierarchien
B) Ein Scrum Team hat fest definierte Rollen; Scrum Master, Product Owner und Entwickler
C) Das Scrum Team ist umsetzungsverantwortlich (responsible) für alle produktbezogenen Aktivitäten
D) Das Scrum Team sollte mindestens 10 Mitglieder haben, damit alle Rollen besetzt werden können"," d) Das scrum Team sollte mindestens 10 Mitglieder haben, damit alle Rollen besetzt werden können.",
"04.05.05 Organisation, Information und Dokumentation","In agilen Projekten wird ein Scrum Team mit festen Rollen definiert. Welche Rollen sollten in einem Scrum Team besetzt werden? Markieren Sie die falsche Antwort.
A) Projektleiter
B) Scrum Master
C) Product Owner
D) Entwickler
",A) Projektleiter,
"04.05.05 Organisation, Information und Dokumentation","In agilen Projekten wird in der Regel ein Scrumteam mit festen Rollen und Verantwortung definiert. Wofür ist ein Product Owner verantwortlich? Markieren Sie die falsche Antwort 
a)Ergebnisverantwortung für die Maximierung des Wertes des Produkts der sich aus der Arbeit des Scrum Teams ergibt 
b) Das Produkt-Ziel zu entwickeln und explizit zu kommunizieren 
c) Die Reihenfolge der Product-Backlogeinträge festzulegen 
d) Sprint Reviews mit dem Kunden durchzuführen ",d) Sprint Reviews mit dem Kunden durchzuführen - macht das Team gemeinsam,
"04.05.05 Organisation, Information und Dokumentation","In agilen Projekten wird ein Scrum Team mit festen Rollen definiert. Welche organisatorischen Aussagen gelten für ein Scrum Team? Markieren Sie die falsche Antwort.
Problemstellung
A) In einem Scrum Team gibt es keine Teilteams oder Hierarchien
B) Ein Scrum Team hat fest definierte Rollen; Scrum Master, Product Owner und Entwickler
C) Das Scrum Team ist umsetzungsverantwortlich (responsible) für alle produktbezogenen Aktivitäten
D) Das Scrum Team sollte mindestens 10 Mitglieder haben, damit alle Rollen besetzt werden können"," d) Das scrum Team sollte mindestens 10 Mitglieder haben, damit alle Rollen besetzt werden können.","In agilen Projekten wird ein Scrum Team mit festen Rollen definiert. Welche organisatorischen Aussagen gelten für ein Scrum Team? Markieren Sie die falsche Antwort.
Problemstellung
A) In einem Scrum Team gibt es keine Teilteams oder Hierarchien
B) Ein Scrum Team hat fest definierte Rollen; Scrum Master, Product Owner und Entwickler
C) Das Scrum Team ist umsetzungsverantwortlich (responsible) für alle produktbezogenen Aktivitäten
D) Das Scrum Team sollte mindestens 10 Mitglieder haben, damit alle Rollen besetzt werden können"
"04.05.05 Organisation, Information und Dokumentation","In agilen Projekten wird ein Scrum Team mit festen Rollen definiert. Welche Rollen sollten in einem Scrum Team besetzt werden? Markieren Sie die falsche Antwort.
A) Projektleiter
B) Scrum Master
C) Product Owner
D) Entwickler
",A) Projektleiter,"In agilen Projekten wird ein Scrum Team mit festen Rollen definiert. Welche Rollen sollten in einem Scrum Team besetzt werden? Markieren Sie die falsche Antwort.
A) Projektleiter
B) Scrum Master
C) Product Owner
D) Entwickler
"
"04.05.05 Organisation, Information und Dokumentation","In agilen Projekten wird in der Regel ein Scrumteam mit festen Rollen und Verantwortung definiert. Wofür ist ein Product Owner verantwortlich? Markieren Sie die falsche Antwort 
a)Ergebnisverantwortung für die Maximierung des Wertes des Produkts der sich aus der Arbeit des Scrum Teams ergibt 
b) Das Produkt-Ziel zu entwickeln und explizit zu kommunizieren 
c) Die Reihenfolge der Product-Backlogeinträge festzulegen 
d) Sprint Reviews mit dem Kunden durchzuführen ",d) Sprint Reviews mit dem Kunden durchzuführen - macht das Team gemeinsam,"In agilen Projekten wird in der Regel ein Scrumteam mit festen Rollen und Verantwortung definiert. Wofür ist ein Product Owner verantwortlich? Markieren Sie die falsche Antwort 
a)Ergebnisverantwortung für die Maximierung des Wertes des Produkts der sich aus der Arbeit des Scrum Teams ergibt 
b) Das Produkt-Ziel zu entwickeln und explizit zu kommunizieren 
c) Die Reihenfolge der Product-Backlogeinträge festzulegen 
d) Sprint Reviews mit dem Kunden durchzuführen "
"04.05.05 Organisation, Information und Dokumentation","In agilen Projekten wird ein Scrum Team mit festen Rollen definiert. Welche organisatorischen Aussagen gelten für ein Scrum Team? Markieren Sie die falsche Antwort.
Problemstellung
A) In einem Scrum Team gibt es keine Teilteams oder Hierarchien
B) Ein Scrum Team hat fest definierte Rollen; Scrum Master, Product Owner und Entwickler
C) Das Scrum Team ist umsetzungsverantwortlich (responsible) für alle produktbezogenen Aktivitäten
D) Das Scrum Team sollte mindestens 10 Mitglieder haben, damit alle Rollen besetzt werden können"," d) Das scrum Team sollte mindestens 10 Mitglieder haben, damit alle Rollen besetzt werden können.","In agilen Projekten wird ein Scrum Team mit festen Rollen definiert. Welche organisatorischen Aussagen gelten für ein Scrum Team? Markieren Sie die falsche Antwort.
Problemstellung
A) In einem Scrum Team gibt es keine Teilteams oder Hierarchien
B) Ein Scrum Team hat fest definierte Rollen; Scrum Master, Product Owner und Entwickler
C) Das Scrum Team ist umsetzungsverantwortlich (responsible) für alle produktbezogenen Aktivitäten
D) Das Scrum Team sollte mindestens 10 Mitglieder haben, damit alle Rollen besetzt werden können"
"04.05.05 Organisation, Information und Dokumentation","In agilen Projekten wird ein Scrum Team mit festen Rollen definiert. Welche Rollen sollten in einem Scrum Team besetzt werden? Markieren Sie die falsche Antwort.
A) Projektleiter
B) Scrum Master
C) Product Owner
D) Entwickler
",A) Projektleiter,"In agilen Projekten wird ein Scrum Team mit festen Rollen definiert. Welche Rollen sollten in einem Scrum Team besetzt werden? Markieren Sie die falsche Antwort.
A) Projektleiter
B) Scrum Master
C) Product Owner
D) Entwickler
"
"04.05.05 Organisation, Information und Dokumentation","In agilen Projekten wird in der Regel ein Scrumteam mit festen Rollen und Verantwortung definiert. Wofür ist ein Product Owner verantwortlich? Markieren Sie die falsche Antwort 
a)Ergebnisverantwortung für die Maximierung des Wertes des Produkts der sich aus der Arbeit des Scrum Teams ergibt 
b) Das Produkt-Ziel zu entwickeln und explizit zu kommunizieren 
c) Die Reihenfolge der Product-Backlogeinträge festzulegen 
d) Sprint Reviews mit dem Kunden durchzuführen ",d) Sprint Reviews mit dem Kunden durchzuführen - macht das Team gemeinsam,"In agilen Projekten wird in der Regel ein Scrumteam mit festen Rollen und Verantwortung definiert. Wofür ist ein Product Owner verantwortlich? Markieren Sie die falsche Antwort 
a)Ergebnisverantwortung für die Maximierung des Wertes des Produkts der sich aus der Arbeit des Scrum Teams ergibt 
b) Das Produkt-Ziel zu entwickeln und explizit zu kommunizieren 
c) Die Reihenfolge der Product-Backlogeinträge festzulegen 
d) Sprint Reviews mit dem Kunden durchzuführen "
"04.05.05 Organisation, Information und Dokumentation","In agilen Projekten wird ein Scrum Team mit festen Rollen definiert. Welche organisatorischen Aussagen gelten für ein Scrum Team? Markieren Sie die falsche Antwort.
Problemstellung
A) In einem Scrum Team gibt es keine Teilteams oder Hierarchien
B) Ein Scrum Team hat fest definierte Rollen; Scrum Master, Product Owner und Entwickler
C) Das Scrum Team ist umsetzungsverantwortlich (responsible) für alle produktbezogenen Aktivitäten
D) Das Scrum Team sollte mindestens 10 Mitglieder haben, damit alle Rollen besetzt werden können"," d) Das scrum Team sollte mindestens 10 Mitglieder haben, damit alle Rollen besetzt werden können.","In agilen Projekten wird ein Scrum Team mit festen Rollen definiert. Welche organisatorischen Aussagen gelten für ein Scrum Team? Markieren Sie die falsche Antwort.
Problemstellung
A) In einem Scrum Team gibt es keine Teilteams oder Hierarchien
B) Ein Scrum Team hat fest definierte Rollen; Scrum Master, Product Owner und Entwickler
C) Das Scrum Team ist umsetzungsverantwortlich (responsible) für alle produktbezogenen Aktivitäten
D) Das Scrum Team sollte mindestens 10 Mitglieder haben, damit alle Rollen besetzt werden können"
"04.05.05 Organisation, Information und Dokumentation","In agilen Projekten wird ein Scrum Team mit festen Rollen definiert. Welche Rollen sollten in einem Scrum Team besetzt werden? Markieren Sie die falsche Antwort.
A) Projektleiter
B) Scrum Master
C) Product Owner
D) Entwickler
",A) Projektleiter,"In agilen Projekten wird ein Scrum Team mit festen Rollen definiert. Welche Rollen sollten in einem Scrum Team besetzt werden? Markieren Sie die falsche Antwort.
A) Projektleiter
B) Scrum Master
C) Product Owner
D) Entwickler
"
"04.05.05 Organisation, Information und Dokumentation","In agilen Projekten wird in der Regel ein Scrumteam mit festen Rollen und Verantwortung definiert. Wofür ist ein Product Owner verantwortlich? Markieren Sie die falsche Antwort 
a)Ergebnisverantwortung für die Maximierung des Wertes des Produkts der sich aus der Arbeit des Scrum Teams ergibt 
b) Das Produkt-Ziel zu entwickeln und explizit zu kommunizieren 
c) Die Reihenfolge der Product-Backlogeinträge festzulegen 
d) Sprint Reviews mit dem Kunden durchzuführen ",d) Sprint Reviews mit dem Kunden durchzuführen - macht das Team gemeinsam,"In agilen Projekten wird in der Regel ein Scrumteam mit festen Rollen und Verantwortung definiert. Wofür ist ein Product Owner verantwortlich? Markieren Sie die falsche Antwort 
a)Ergebnisverantwortung für die Maximierung des Wertes des Produkts der sich aus der Arbeit des Scrum Teams ergibt 
b) Das Produkt-Ziel zu entwickeln und explizit zu kommunizieren 
c) Die Reihenfolge der Product-Backlogeinträge festzulegen 
d) Sprint Reviews mit dem Kunden durchzuführen "
"04.05.05 Organisation, Information und Dokumentation","In agilen Projekten wird ein Scrum Team mit festen Rollen definiert. Welche organisatorischen Aussagen gelten für ein Scrum Team? Markieren Sie die falsche Antwort.
Problemstellung
A) In einem Scrum Team gibt es keine Teilteams oder Hierarchien
B) Ein Scrum Team hat fest definierte Rollen; Scrum Master, Product Owner und Entwickler
C) Das Scrum Team ist umsetzungsverantwortlich (responsible) für alle produktbezogenen Aktivitäten
D) Das Scrum Team sollte mindestens 10 Mitglieder haben, damit alle Rollen besetzt werden können"," d) Das scrum Team sollte mindestens 10 Mitglieder haben, damit alle Rollen besetzt werden können.","In agilen Projekten wird ein Scrum Team mit festen Rollen definiert. Welche organisatorischen Aussagen gelten für ein Scrum Team? Markieren Sie die falsche Antwort.
Problemstellung
A) In einem Scrum Team gibt es keine Teilteams oder Hierarchien
B) Ein Scrum Team hat fest definierte Rollen; Scrum Master, Product Owner und Entwickler
C) Das Scrum Team ist umsetzungsverantwortlich (responsible) für alle produktbezogenen Aktivitäten
D) Das Scrum Team sollte mindestens 10 Mitglieder haben, damit alle Rollen besetzt werden können"
"04.05.05 Organisation, Information und Dokumentation","In agilen Projekten wird ein Scrum Team mit festen Rollen definiert. Welche Rollen sollten in einem Scrum Team besetzt werden? Markieren Sie die falsche Antwort.
A) Projektleiter
B) Scrum Master
C) Product Owner
D) Entwickler
",A) Projektleiter,"In agilen Projekten wird ein Scrum Team mit festen Rollen definiert. Welche Rollen sollten in einem Scrum Team besetzt werden? Markieren Sie die falsche Antwort.
A) Projektleiter
B) Scrum Master
C) Product Owner
D) Entwickler
"
"04.05.05 Organisation, Information und Dokumentation","In agilen Projekten wird in der Regel ein Scrumteam mit festen Rollen und Verantwortung definiert. Wofür ist ein Product Owner verantwortlich? Markieren Sie die falsche Antwort 
a)Ergebnisverantwortung für die Maximierung des Wertes des Produkts der sich aus der Arbeit des Scrum Teams ergibt 
b) Das Produkt-Ziel zu entwickeln und explizit zu kommunizieren 
c) Die Reihenfolge der Product-Backlogeinträge festzulegen 
d) Sprint Reviews mit dem Kunden durchzuführen ",d) Sprint Reviews mit dem Kunden durchzuführen - macht das Team gemeinsam,"In agilen Projekten wird in der Regel ein Scrumteam mit festen Rollen und Verantwortung definiert. Wofür ist ein Product Owner verantwortlich? Markieren Sie die falsche Antwort 
a)Ergebnisverantwortung für die Maximierung des Wertes des Produkts der sich aus der Arbeit des Scrum Teams ergibt 
b) Das Produkt-Ziel zu entwickeln und explizit zu kommunizieren 
c) Die Reihenfolge der Product-Backlogeinträge festzulegen 
d) Sprint Reviews mit dem Kunden durchzuführen "
"04.05.05 Organisation, Information und Dokumentation","In agilen Projekten wird ein Scrum Team mit festen Rollen definiert. Welche organisatorischen Aussagen gelten für ein Scrum Team? Markieren Sie die falsche Antwort.
Problemstellung
A) In einem Scrum Team gibt es keine Teilteams oder Hierarchien
B) Ein Scrum Team hat fest definierte Rollen; Scrum Master, Product Owner und Entwickler
C) Das Scrum Team ist umsetzungsverantwortlich (responsible) für alle produktbezogenen Aktivitäten
D) Das Scrum Team sollte mindestens 10 Mitglieder haben, damit alle Rollen besetzt werden können"," d) Das scrum Team sollte mindestens 10 Mitglieder haben, damit alle Rollen besetzt werden können.","In agilen Projekten wird ein Scrum Team mit festen Rollen definiert. Welche organisatorischen Aussagen gelten für ein Scrum Team? Markieren Sie die falsche Antwort.
Problemstellung
A) In einem Scrum Team gibt es keine Teilteams oder Hierarchien
B) Ein Scrum Team hat fest definierte Rollen; Scrum Master, Product Owner und Entwickler
C) Das Scrum Team ist umsetzungsverantwortlich (responsible) für alle produktbezogenen Aktivitäten
D) Das Scrum Team sollte mindestens 10 Mitglieder haben, damit alle Rollen besetzt werden können"
"04.05.05 Organisation, Information und Dokumentation","In agilen Projekten wird ein Scrum Team mit festen Rollen definiert. Welche Rollen sollten in einem Scrum Team besetzt werden? Markieren Sie die falsche Antwort.
A) Projektleiter
B) Scrum Master
C) Product Owner
D) Entwickler
",A) Projektleiter,"In agilen Projekten wird ein Scrum Team mit festen Rollen definiert. Welche Rollen sollten in einem Scrum Team besetzt werden? Markieren Sie die falsche Antwort.
A) Projektleiter
B) Scrum Master
C) Product Owner
D) Entwickler
"
"04.05.05 Organisation, Information und Dokumentation","In agilen Projekten wird in der Regel ein Scrumteam mit festen Rollen und Verantwortung definiert. Wofür ist ein Product Owner verantwortlich? Markieren Sie die falsche Antwort 
a)Ergebnisverantwortung für die Maximierung des Wertes des Produkts der sich aus der Arbeit des Scrum Teams ergibt 
b) Das Produkt-Ziel zu entwickeln und explizit zu kommunizieren 
c) Die Reihenfolge der Product-Backlogeinträge festzulegen 
d) Sprint Reviews mit dem Kunden durchzuführen ",d) Sprint Reviews mit dem Kunden durchzuführen - macht das Team gemeinsam,"In agilen Projekten wird in der Regel ein Scrumteam mit festen Rollen und Verantwortung definiert. Wofür ist ein Product Owner verantwortlich? Markieren Sie die falsche Antwort 
a)Ergebnisverantwortung für die Maximierung des Wertes des Produkts der sich aus der Arbeit des Scrum Teams ergibt 
b) Das Produkt-Ziel zu entwickeln und explizit zu kommunizieren 
c) Die Reihenfolge der Product-Backlogeinträge festzulegen 
d) Sprint Reviews mit dem Kunden durchzuführen "
"04.05.05 Organisation, Information und Dokumentation","In agilen Projekten wird ein Scrum Team mit festen Rollen definiert. Welche organisatorischen Aussagen gelten für ein Scrum Team? Markieren Sie die falsche Antwort.
Problemstellung
A) In einem Scrum Team gibt es keine Teilteams oder Hierarchien
B) Ein Scrum Team hat fest definierte Rollen; Scrum Master, Product Owner und Entwickler
C) Das Scrum Team ist umsetzungsverantwortlich (responsible) für alle produktbezogenen Aktivitäten
D) Das Scrum Team sollte mindestens 10 Mitglieder haben, damit alle Rollen besetzt werden können"," d) Das scrum Team sollte mindestens 10 Mitglieder haben, damit alle Rollen besetzt werden können.","In agilen Projekten wird ein Scrum Team mit festen Rollen definiert. Welche organisatorischen Aussagen gelten für ein Scrum Team? Markieren Sie die falsche Antwort.
Problemstellung
A) In einem Scrum Team gibt es keine Teilteams oder Hierarchien
B) Ein Scrum Team hat fest definierte Rollen; Scrum Master, Product Owner und Entwickler
C) Das Scrum Team ist umsetzungsverantwortlich (responsible) für alle produktbezogenen Aktivitäten
D) Das Scrum Team sollte mindestens 10 Mitglieder haben, damit alle Rollen besetzt werden können"
"04.05.05 Organisation, Information und Dokumentation","In agilen Projekten wird ein Scrum Team mit festen Rollen definiert. Welche Rollen sollten in einem Scrum Team besetzt werden? Markieren Sie die falsche Antwort.
A) Projektleiter
B) Scrum Master
C) Product Owner
D) Entwickler
",A) Projektleiter,"In agilen Projekten wird ein Scrum Team mit festen Rollen definiert. Welche Rollen sollten in einem Scrum Team besetzt werden? Markieren Sie die falsche Antwort.
A) Projektleiter
B) Scrum Master
C) Product Owner
D) Entwickler
"
"04.05.05 Organisation, Information und Dokumentation","In agilen Projekten wird in der Regel ein Scrumteam mit festen Rollen und Verantwortung definiert. Wofür ist ein Product Owner verantwortlich? Markieren Sie die falsche Antwort 
a)Ergebnisverantwortung für die Maximierung des Wertes des Produkts der sich aus der Arbeit des Scrum Teams ergibt 
b) Das Produkt-Ziel zu entwickeln und explizit zu kommunizieren 
c) Die Reihenfolge der Product-Backlogeinträge festzulegen 
d) Sprint Reviews mit dem Kunden durchzuführen ",d) Sprint Reviews mit dem Kunden durchzuführen - macht das Team gemeinsam,"In agilen Projekten wird in der Regel ein Scrumteam mit festen Rollen und Verantwortung definiert. Wofür ist ein Product Owner verantwortlich? Markieren Sie die falsche Antwort 
a)Ergebnisverantwortung für die Maximierung des Wertes des Produkts der sich aus der Arbeit des Scrum Teams ergibt 
b) Das Produkt-Ziel zu entwickeln und explizit zu kommunizieren 
c) Die Reihenfolge der Product-Backlogeinträge festzulegen 
d) Sprint Reviews mit dem Kunden durchzuführen "
"04.05.05 Organisation, Information und Dokumentation","In agilen Projekten wird ein Scrum Team mit festen Rollen definiert. Welche organisatorischen Aussagen gelten für ein Scrum Team? Markieren Sie die falsche Antwort.
Problemstellung
A) In einem Scrum Team gibt es keine Teilteams oder Hierarchien
B) Ein Scrum Team hat fest definierte Rollen; Scrum Master, Product Owner und Entwickler
C) Das Scrum Team ist umsetzungsverantwortlich (responsible) für alle produktbezogenen Aktivitäten
D) Das Scrum Team sollte mindestens 10 Mitglieder haben, damit alle Rollen besetzt werden können"," d) Das scrum Team sollte mindestens 10 Mitglieder haben, damit alle Rollen besetzt werden können.","In agilen Projekten wird ein Scrum Team mit festen Rollen definiert. Welche organisatorischen Aussagen gelten für ein Scrum Team? Markieren Sie die falsche Antwort.
Problemstellung
A) In einem Scrum Team gibt es keine Teilteams oder Hierarchien
B) Ein Scrum Team hat fest definierte Rollen; Scrum Master, Product Owner und Entwickler
C) Das Scrum Team ist umsetzungsverantwortlich (responsible) für alle produktbezogenen Aktivitäten
D) Das Scrum Team sollte mindestens 10 Mitglieder haben, damit alle Rollen besetzt werden können"
"04.05.05 Organisation, Information und Dokumentation","In agilen Projekten wird ein Scrum Team mit festen Rollen definiert. Welche Rollen sollten in einem Scrum Team besetzt werden? Markieren Sie die falsche Antwort.
A) Projektleiter
B) Scrum Master
C) Product Owner
D) Entwickler
",A) Projektleiter,"In agilen Projekten wird ein Scrum Team mit festen Rollen definiert. Welche Rollen sollten in einem Scrum Team besetzt werden? Markieren Sie die falsche Antwort.
A) Projektleiter
B) Scrum Master
C) Product Owner
D) Entwickler
"
"04.05.05 Organisation, Information und Dokumentation","In agilen Projekten wird in der Regel ein Scrumteam mit festen Rollen und Verantwortung definiert. Wofür ist ein Product Owner verantwortlich? Markieren Sie die falsche Antwort 
a)Ergebnisverantwortung für die Maximierung des Wertes des Produkts der sich aus der Arbeit des Scrum Teams ergibt 
b) Das Produkt-Ziel zu entwickeln und explizit zu kommunizieren 
c) Die Reihenfolge der Product-Backlogeinträge festzulegen 
d) Sprint Reviews mit dem Kunden durchzuführen ",d) Sprint Reviews mit dem Kunden durchzuführen - macht das Team gemeinsam,"In agilen Projekten wird in der Regel ein Scrumteam mit festen Rollen und Verantwortung definiert. Wofür ist ein Product Owner verantwortlich? Markieren Sie die falsche Antwort 
a)Ergebnisverantwortung für die Maximierung des Wertes des Produkts der sich aus der Arbeit des Scrum Teams ergibt 
b) Das Produkt-Ziel zu entwickeln und explizit zu kommunizieren 
c) Die Reihenfolge der Product-Backlogeinträge festzulegen 
d) Sprint Reviews mit dem Kunden durchzuführen "
"04.05.05 Organisation, Information und Dokumentation","In agilen Projekten wird ein Scrum Team mit festen Rollen definiert. Welche organisatorischen Aussagen gelten für ein Scrum Team? Markieren Sie die falsche Antwort.
Problemstellung
A) In einem Scrum Team gibt es keine Teilteams oder Hierarchien
B) Ein Scrum Team hat fest definierte Rollen; Scrum Master, Product Owner und Entwickler
C) Das Scrum Team ist umsetzungsverantwortlich (responsible) für alle produktbezogenen Aktivitäten
D) Das Scrum Team sollte mindestens 10 Mitglieder haben, damit alle Rollen besetzt werden können"," d) Das scrum Team sollte mindestens 10 Mitglieder haben, damit alle Rollen besetzt werden können.","In agilen Projekten wird ein Scrum Team mit festen Rollen definiert. Welche organisatorischen Aussagen gelten für ein Scrum Team? Markieren Sie die falsche Antwort.
Problemstellung
A) In einem Scrum Team gibt es keine Teilteams oder Hierarchien
B) Ein Scrum Team hat fest definierte Rollen; Scrum Master, Product Owner und Entwickler
C) Das Scrum Team ist umsetzungsverantwortlich (responsible) für alle produktbezogenen Aktivitäten
D) Das Scrum Team sollte mindestens 10 Mitglieder haben, damit alle Rollen besetzt werden können"
"04.05.05 Organisation, Information und Dokumentation","In agilen Projekten wird ein Scrum Team mit festen Rollen definiert. Welche Rollen sollten in einem Scrum Team besetzt werden? Markieren Sie die falsche Antwort.
A) Projektleiter
B) Scrum Master
C) Product Owner
D) Entwickler
",A) Projektleiter,"In agilen Projekten wird ein Scrum Team mit festen Rollen definiert. Welche Rollen sollten in einem Scrum Team besetzt werden? Markieren Sie die falsche Antwort.
A) Projektleiter
B) Scrum Master
C) Product Owner
D) Entwickler
"
"04.05.05 Organisation, Information und Dokumentation","In agilen Projekten wird in der Regel ein Scrumteam mit festen Rollen und Verantwortung definiert. Wofür ist ein Product Owner verantwortlich? Markieren Sie die falsche Antwort 
a)Ergebnisverantwortung für die Maximierung des Wertes des Produkts der sich aus der Arbeit des Scrum Teams ergibt 
b) Das Produkt-Ziel zu entwickeln und explizit zu kommunizieren 
c) Die Reihenfolge der Product-Backlogeinträge festzulegen 
d) Sprint Reviews mit dem Kunden durchzuführen ",d) Sprint Reviews mit dem Kunden durchzuführen - macht das Team gemeinsam,"In agilen Projekten wird in der Regel ein Scrumteam mit festen Rollen und Verantwortung definiert. Wofür ist ein Product Owner verantwortlich? Markieren Sie die falsche Antwort 
a)Ergebnisverantwortung für die Maximierung des Wertes des Produkts der sich aus der Arbeit des Scrum Teams ergibt 
b) Das Produkt-Ziel zu entwickeln und explizit zu kommunizieren 
c) Die Reihenfolge der Product-Backlogeinträge festzulegen 
d) Sprint Reviews mit dem Kunden durchzuführen "
"04.05.05 Organisation, Information und Dokumentation","In agilen Projekten wird ein Scrum Team mit festen Rollen definiert. Welche organisatorischen Aussagen gelten für ein Scrum Team? Markieren Sie die falsche Antwort.
Problemstellung
A) In einem Scrum Team gibt es keine Teilteams oder Hierarchien
B) Ein Scrum Team hat fest definierte Rollen; Scrum Master, Product Owner und Entwickler
C) Das Scrum Team ist umsetzungsverantwortlich (responsible) für alle produktbezogenen Aktivitäten
D) Das Scrum Team sollte mindestens 10 Mitglieder haben, damit alle Rollen besetzt werden können"," d) Das scrum Team sollte mindestens 10 Mitglieder haben, damit alle Rollen besetzt werden können.","In agilen Projekten wird ein Scrum Team mit festen Rollen definiert. Welche organisatorischen Aussagen gelten für ein Scrum Team? Markieren Sie die falsche Antwort.
Problemstellung
A) In einem Scrum Team gibt es keine Teilteams oder Hierarchien
B) Ein Scrum Team hat fest definierte Rollen; Scrum Master, Product Owner und Entwickler
C) Das Scrum Team ist umsetzungsverantwortlich (responsible) für alle produktbezogenen Aktivitäten
D) Das Scrum Team sollte mindestens 10 Mitglieder haben, damit alle Rollen besetzt werden können"
"04.05.05 Organisation, Information und Dokumentation","In agilen Projekten wird ein Scrum Team mit festen Rollen definiert. Welche Rollen sollten in einem Scrum Team besetzt werden? Markieren Sie die falsche Antwort.
A) Projektleiter
B) Scrum Master
C) Product Owner
D) Entwickler
",A) Projektleiter,"In agilen Projekten wird ein Scrum Team mit festen Rollen definiert. Welche Rollen sollten in einem Scrum Team besetzt werden? Markieren Sie die falsche Antwort.
A) Projektleiter
B) Scrum Master
C) Product Owner
D) Entwickler
"
"04.05.05 Organisation, Information und Dokumentation","In agilen Projekten wird in der Regel ein Scrumteam mit festen Rollen und Verantwortung definiert. Wofür ist ein Product Owner verantwortlich? Markieren Sie die falsche Antwort 
a)Ergebnisverantwortung für die Maximierung des Wertes des Produkts der sich aus der Arbeit des Scrum Teams ergibt 
b) Das Produkt-Ziel zu entwickeln und explizit zu kommunizieren 
c) Die Reihenfolge der Product-Backlogeinträge festzulegen 
d) Sprint Reviews mit dem Kunden durchzuführen ",d) Sprint Reviews mit dem Kunden durchzuführen - macht das Team gemeinsam,"In agilen Projekten wird in der Regel ein Scrumteam mit festen Rollen und Verantwortung definiert. Wofür ist ein Product Owner verantwortlich? Markieren Sie die falsche Antwort 
a)Ergebnisverantwortung für die Maximierung des Wertes des Produkts der sich aus der Arbeit des Scrum Teams ergibt 
b) Das Produkt-Ziel zu entwickeln und explizit zu kommunizieren 
c) Die Reihenfolge der Product-Backlogeinträge festzulegen 
d) Sprint Reviews mit dem Kunden durchzuführen "
"04.05.05 Organisation, Information und Dokumentation","In agilen Projekten wird ein Scrum Team mit festen Rollen definiert. Welche organisatorischen Aussagen gelten für ein Scrum Team? Markieren Sie die falsche Antwort.
Problemstellung
A) In einem Scrum Team gibt es keine Teilteams oder Hierarchien
B) Ein Scrum Team hat fest definierte Rollen; Scrum Master, Product Owner und Entwickler
C) Das Scrum Team ist umsetzungsverantwortlich (responsible) für alle produktbezogenen Aktivitäten
D) Das Scrum Team sollte mindestens 10 Mitglieder haben, damit alle Rollen besetzt werden können"," d) Das scrum Team sollte mindestens 10 Mitglieder haben, damit alle Rollen besetzt werden können.","In agilen Projekten wird ein Scrum Team mit festen Rollen definiert. Welche organisatorischen Aussagen gelten für ein Scrum Team? Markieren Sie die falsche Antwort.
Problemstellung
A) In einem Scrum Team gibt es keine Teilteams oder Hierarchien
B) Ein Scrum Team hat fest definierte Rollen; Scrum Master, Product Owner und Entwickler
C) Das Scrum Team ist umsetzungsverantwortlich (responsible) für alle produktbezogenen Aktivitäten
D) Das Scrum Team sollte mindestens 10 Mitglieder haben, damit alle Rollen besetzt werden können"
"04.05.05 Organisation, Information und Dokumentation","In agilen Projekten wird ein Scrum Team mit festen Rollen definiert. Welche Rollen sollten in einem Scrum Team besetzt werden? Markieren Sie die falsche Antwort.
A) Projektleiter
B) Scrum Master
C) Product Owner
D) Entwickler
",A) Projektleiter,"In agilen Projekten wird ein Scrum Team mit festen Rollen definiert. Welche Rollen sollten in einem Scrum Team besetzt werden? Markieren Sie die falsche Antwort.
A) Projektleiter
B) Scrum Master
C) Product Owner
D) Entwickler
"
"04.05.05 Organisation, Information und Dokumentation","In agilen Projekten wird in der Regel ein Scrumteam mit festen Rollen und Verantwortung definiert. Wofür ist ein Product Owner verantwortlich? Markieren Sie die falsche Antwort 
a)Ergebnisverantwortung für die Maximierung des Wertes des Produkts der sich aus der Arbeit des Scrum Teams ergibt 
b) Das Produkt-Ziel zu entwickeln und explizit zu kommunizieren 
c) Die Reihenfolge der Product-Backlogeinträge festzulegen 
d) Sprint Reviews mit dem Kunden durchzuführen ",d) Sprint Reviews mit dem Kunden durchzuführen - macht das Team gemeinsam,"In agilen Projekten wird in der Regel ein Scrumteam mit festen Rollen und Verantwortung definiert. Wofür ist ein Product Owner verantwortlich? Markieren Sie die falsche Antwort 
a)Ergebnisverantwortung für die Maximierung des Wertes des Produkts der sich aus der Arbeit des Scrum Teams ergibt 
b) Das Produkt-Ziel zu entwickeln und explizit zu kommunizieren 
c) Die Reihenfolge der Product-Backlogeinträge festzulegen 
d) Sprint Reviews mit dem Kunden durchzuführen "
"04.05.05 Organisation, Information und Dokumentation","In agilen Projekten wird ein Scrum Team mit festen Rollen definiert. Welche organisatorischen Aussagen gelten für ein Scrum Team? Markieren Sie die falsche Antwort.
Problemstellung
A) In einem Scrum Team gibt es keine Teilteams oder Hierarchien
B) Ein Scrum Team hat fest definierte Rollen; Scrum Master, Product Owner und Entwickler
C) Das Scrum Team ist umsetzungsverantwortlich (responsible) für alle produktbezogenen Aktivitäten
D) Das Scrum Team sollte mindestens 10 Mitglieder haben, damit alle Rollen besetzt werden können"," d) Das scrum Team sollte mindestens 10 Mitglieder haben, damit alle Rollen besetzt werden können.","In agilen Projekten wird ein Scrum Team mit festen Rollen definiert. Welche organisatorischen Aussagen gelten für ein Scrum Team? Markieren Sie die falsche Antwort.
Problemstellung
A) In einem Scrum Team gibt es keine Teilteams oder Hierarchien
B) Ein Scrum Team hat fest definierte Rollen; Scrum Master, Product Owner und Entwickler
C) Das Scrum Team ist umsetzungsverantwortlich (responsible) für alle produktbezogenen Aktivitäten
D) Das Scrum Team sollte mindestens 10 Mitglieder haben, damit alle Rollen besetzt werden können"
"04.05.05 Organisation, Information und Dokumentation","In agilen Projekten wird ein Scrum Team mit festen Rollen definiert. Welche Rollen sollten in einem Scrum Team besetzt werden? Markieren Sie die falsche Antwort.
A) Projektleiter
B) Scrum Master
C) Product Owner
D) Entwickler
",A) Projektleiter,"In agilen Projekten wird ein Scrum Team mit festen Rollen definiert. Welche Rollen sollten in einem Scrum Team besetzt werden? Markieren Sie die falsche Antwort.
A) Projektleiter
B) Scrum Master
C) Product Owner
D) Entwickler
"
"04.05.05 Organisation, Information und Dokumentation","In agilen Projekten wird in der Regel ein Scrumteam mit festen Rollen und Verantwortung definiert. Wofür ist ein Product Owner verantwortlich? Markieren Sie die falsche Antwort 
a)Ergebnisverantwortung für die Maximierung des Wertes des Produkts der sich aus der Arbeit des Scrum Teams ergibt 
b) Das Produkt-Ziel zu entwickeln und explizit zu kommunizieren 
c) Die Reihenfolge der Product-Backlogeinträge festzulegen 
d) Sprint Reviews mit dem Kunden durchzuführen ",d) Sprint Reviews mit dem Kunden durchzuführen - macht das Team gemeinsam,"In agilen Projekten wird in der Regel ein Scrumteam mit festen Rollen und Verantwortung definiert. Wofür ist ein Product Owner verantwortlich? Markieren Sie die falsche Antwort 
a)Ergebnisverantwortung für die Maximierung des Wertes des Produkts der sich aus der Arbeit des Scrum Teams ergibt 
b) Das Produkt-Ziel zu entwickeln und explizit zu kommunizieren 
c) Die Reihenfolge der Product-Backlogeinträge festzulegen 
d) Sprint Reviews mit dem Kunden durchzuführen "
"04.05.05 Organisation, Information und Dokumentation","In agilen Projekten wird ein Scrum Team mit festen Rollen definiert. Welche organisatorischen Aussagen gelten für ein Scrum Team? Markieren Sie die falsche Antwort.
Problemstellung
A) In einem Scrum Team gibt es keine Teilteams oder Hierarchien
B) Ein Scrum Team hat fest definierte Rollen; Scrum Master, Product Owner und Entwickler
C) Das Scrum Team ist umsetzungsverantwortlich (responsible) für alle produktbezogenen Aktivitäten
D) Das Scrum Team sollte mindestens 10 Mitglieder haben, damit alle Rollen besetzt werden können"," d) Das scrum Team sollte mindestens 10 Mitglieder haben, damit alle Rollen besetzt werden können.","In agilen Projekten wird ein Scrum Team mit festen Rollen definiert. Welche organisatorischen Aussagen gelten für ein Scrum Team? Markieren Sie die falsche Antwort.
Problemstellung
A) In einem Scrum Team gibt es keine Teilteams oder Hierarchien
B) Ein Scrum Team hat fest definierte Rollen; Scrum Master, Product Owner und Entwickler
C) Das Scrum Team ist umsetzungsverantwortlich (responsible) für alle produktbezogenen Aktivitäten
D) Das Scrum Team sollte mindestens 10 Mitglieder haben, damit alle Rollen besetzt werden können"
"04.05.05 Organisation, Information und Dokumentation","In agilen Projekten wird ein Scrum Team mit festen Rollen definiert. Welche Rollen sollten in einem Scrum Team besetzt werden? Markieren Sie die falsche Antwort.
A) Projektleiter
B) Scrum Master
C) Product Owner
D) Entwickler
",A) Projektleiter,"In agilen Projekten wird ein Scrum Team mit festen Rollen definiert. Welche Rollen sollten in einem Scrum Team besetzt werden? Markieren Sie die falsche Antwort.
A) Projektleiter
B) Scrum Master
C) Product Owner
D) Entwickler
"
"04.05.05 Organisation, Information und Dokumentation","In agilen Projekten wird in der Regel ein Scrumteam mit festen Rollen und Verantwortung definiert. Wofür ist ein Product Owner verantwortlich? Markieren Sie die falsche Antwort 
a)Ergebnisverantwortung für die Maximierung des Wertes des Produkts der sich aus der Arbeit des Scrum Teams ergibt 
b) Das Produkt-Ziel zu entwickeln und explizit zu kommunizieren 
c) Die Reihenfolge der Product-Backlogeinträge festzulegen 
d) Sprint Reviews mit dem Kunden durchzuführen ",d) Sprint Reviews mit dem Kunden durchzuführen - macht das Team gemeinsam,"In agilen Projekten wird in der Regel ein Scrumteam mit festen Rollen und Verantwortung definiert. Wofür ist ein Product Owner verantwortlich? Markieren Sie die falsche Antwort 
a)Ergebnisverantwortung für die Maximierung des Wertes des Produkts der sich aus der Arbeit des Scrum Teams ergibt 
b) Das Produkt-Ziel zu entwickeln und explizit zu kommunizieren 
c) Die Reihenfolge der Product-Backlogeinträge festzulegen 
d) Sprint Reviews mit dem Kunden durchzuführen "
"04.05.05 Organisation, Information und Dokumentation","In agilen Projekten wird ein Scrum Team mit festen Rollen definiert. Welche organisatorischen Aussagen gelten für ein Scrum Team? Markieren Sie die falsche Antwort.
Problemstellung
A) In einem Scrum Team gibt es keine Teilteams oder Hierarchien
B) Ein Scrum Team hat fest definierte Rollen; Scrum Master, Product Owner und Entwickler
C) Das Scrum Team ist umsetzungsverantwortlich (responsible) für alle produktbezogenen Aktivitäten
D) Das Scrum Team sollte mindestens 10 Mitglieder haben, damit alle Rollen besetzt werden können"," d) Das scrum Team sollte mindestens 10 Mitglieder haben, damit alle Rollen besetzt werden können.","In agilen Projekten wird ein Scrum Team mit festen Rollen definiert. Welche organisatorischen Aussagen gelten für ein Scrum Team? Markieren Sie die falsche Antwort.
Problemstellung
A) In einem Scrum Team gibt es keine Teilteams oder Hierarchien
B) Ein Scrum Team hat fest definierte Rollen; Scrum Master, Product Owner und Entwickler
C) Das Scrum Team ist umsetzungsverantwortlich (responsible) für alle produktbezogenen Aktivitäten
D) Das Scrum Team sollte mindestens 10 Mitglieder haben, damit alle Rollen besetzt werden können"
"04.05.05 Organisation, Information und Dokumentation","In agilen Projekten wird ein Scrum Team mit festen Rollen definiert. Welche Rollen sollten in einem Scrum Team besetzt werden? Markieren Sie die falsche Antwort.
A) Projektleiter
B) Scrum Master
C) Product Owner
D) Entwickler
",A) Projektleiter,"In agilen Projekten wird ein Scrum Team mit festen Rollen definiert. Welche Rollen sollten in einem Scrum Team besetzt werden? Markieren Sie die falsche Antwort.
A) Projektleiter
B) Scrum Master
C) Product Owner
D) Entwickler
"
"04.05.05 Organisation, Information und Dokumentation","In agilen Projekten wird in der Regel ein Scrumteam mit festen Rollen und Verantwortung definiert. Wofür ist ein Product Owner verantwortlich? Markieren Sie die falsche Antwort 
a)Ergebnisverantwortung für die Maximierung des Wertes des Produkts der sich aus der Arbeit des Scrum Teams ergibt 
b) Das Produkt-Ziel zu entwickeln und explizit zu kommunizieren 
c) Die Reihenfolge der Product-Backlogeinträge festzulegen 
d) Sprint Reviews mit dem Kunden durchzuführen ",d) Sprint Reviews mit dem Kunden durchzuführen - macht das Team gemeinsam,"In agilen Projekten wird in der Regel ein Scrumteam mit festen Rollen und Verantwortung definiert. Wofür ist ein Product Owner verantwortlich? Markieren Sie die falsche Antwort 
a)Ergebnisverantwortung für die Maximierung des Wertes des Produkts der sich aus der Arbeit des Scrum Teams ergibt 
b) Das Produkt-Ziel zu entwickeln und explizit zu kommunizieren 
c) Die Reihenfolge der Product-Backlogeinträge festzulegen 
d) Sprint Reviews mit dem Kunden durchzuführen "
"04.05.05 Organisation, Information und Dokumentation","In agilen Projekten wird ein Scrum Team mit festen Rollen definiert. Welche organisatorischen Aussagen gelten für ein Scrum Team? Markieren Sie die falsche Antwort.
Problemstellung
A) In einem Scrum Team gibt es keine Teilteams oder Hierarchien
B) Ein Scrum Team hat fest definierte Rollen; Scrum Master, Product Owner und Entwickler
C) Das Scrum Team ist umsetzungsverantwortlich (responsible) für alle produktbezogenen Aktivitäten
D) Das Scrum Team sollte mindestens 10 Mitglieder haben, damit alle Rollen besetzt werden können"," d) Das scrum Team sollte mindestens 10 Mitglieder haben, damit alle Rollen besetzt werden können.","In agilen Projekten wird ein Scrum Team mit festen Rollen definiert. Welche organisatorischen Aussagen gelten für ein Scrum Team? Markieren Sie die falsche Antwort.
Problemstellung
A) In einem Scrum Team gibt es keine Teilteams oder Hierarchien
B) Ein Scrum Team hat fest definierte Rollen; Scrum Master, Product Owner und Entwickler
C) Das Scrum Team ist umsetzungsverantwortlich (responsible) für alle produktbezogenen Aktivitäten
D) Das Scrum Team sollte mindestens 10 Mitglieder haben, damit alle Rollen besetzt werden können"
"04.05.05 Organisation, Information und Dokumentation","In agilen Projekten wird ein Scrum Team mit festen Rollen definiert. Welche Rollen sollten in einem Scrum Team besetzt werden? Markieren Sie die falsche Antwort.
A) Projektleiter
B) Scrum Master
C) Product Owner
D) Entwickler
",A) Projektleiter,"In agilen Projekten wird ein Scrum Team mit festen Rollen definiert. Welche Rollen sollten in einem Scrum Team besetzt werden? Markieren Sie die falsche Antwort.
A) Projektleiter
B) Scrum Master
C) Product Owner
D) Entwickler
"
"04.05.05 Organisation, Information und Dokumentation","In agilen Projekten wird in der Regel ein Scrumteam mit festen Rollen und Verantwortung definiert. Wofür ist ein Product Owner verantwortlich? Markieren Sie die falsche Antwort 
a)Ergebnisverantwortung für die Maximierung des Wertes des Produkts der sich aus der Arbeit des Scrum Teams ergibt 
b) Das Produkt-Ziel zu entwickeln und explizit zu kommunizieren 
c) Die Reihenfolge der Product-Backlogeinträge festzulegen 
d) Sprint Reviews mit dem Kunden durchzuführen ",d) Sprint Reviews mit dem Kunden durchzuführen - macht das Team gemeinsam,"In agilen Projekten wird in der Regel ein Scrumteam mit festen Rollen und Verantwortung definiert. Wofür ist ein Product Owner verantwortlich? Markieren Sie die falsche Antwort 
a)Ergebnisverantwortung für die Maximierung des Wertes des Produkts der sich aus der Arbeit des Scrum Teams ergibt 
b) Das Produkt-Ziel zu entwickeln und explizit zu kommunizieren 
c) Die Reihenfolge der Product-Backlogeinträge festzulegen 
d) Sprint Reviews mit dem Kunden durchzuführen "
"04.05.05 Organisation, Information und Dokumentation","In agilen Projekten wird ein Scrum Team mit festen Rollen definiert. Welche organisatorischen Aussagen gelten für ein Scrum Team? Markieren Sie die falsche Antwort.
Problemstellung
A) In einem Scrum Team gibt es keine Teilteams oder Hierarchien
B) Ein Scrum Team hat fest definierte Rollen; Scrum Master, Product Owner und Entwickler
C) Das Scrum Team ist umsetzungsverantwortlich (responsible) für alle produktbezogenen Aktivitäten
D) Das Scrum Team sollte mindestens 10 Mitglieder haben, damit alle Rollen besetzt werden können"," d) Das scrum Team sollte mindestens 10 Mitglieder haben, damit alle Rollen besetzt werden können.","In agilen Projekten wird ein Scrum Team mit festen Rollen definiert. Welche organisatorischen Aussagen gelten für ein Scrum Team? Markieren Sie die falsche Antwort.
Problemstellung
A) In einem Scrum Team gibt es keine Teilteams oder Hierarchien
B) Ein Scrum Team hat fest definierte Rollen; Scrum Master, Product Owner und Entwickler
C) Das Scrum Team ist umsetzungsverantwortlich (responsible) für alle produktbezogenen Aktivitäten
D) Das Scrum Team sollte mindestens 10 Mitglieder haben, damit alle Rollen besetzt werden können"
"04.05.05 Organisation, Information und Dokumentation","In agilen Projekten wird ein Scrum Team mit festen Rollen definiert. Welche Rollen sollten in einem Scrum Team besetzt werden? Markieren Sie die falsche Antwort.
A) Projektleiter
B) Scrum Master
C) Product Owner
D) Entwickler
",A) Projektleiter,"In agilen Projekten wird ein Scrum Team mit festen Rollen definiert. Welche Rollen sollten in einem Scrum Team besetzt werden? Markieren Sie die falsche Antwort.
A) Projektleiter
B) Scrum Master
C) Product Owner
D) Entwickler
"
"04.05.05 Organisation, Information und Dokumentation","In agilen Projekten wird in der Regel ein Scrumteam mit festen Rollen und Verantwortung definiert. Wofür ist ein Product Owner verantwortlich? Markieren Sie die falsche Antwort 
a)Ergebnisverantwortung für die Maximierung des Wertes des Produkts der sich aus der Arbeit des Scrum Teams ergibt 
b) Das Produkt-Ziel zu entwickeln und explizit zu kommunizieren 
c) Die Reihenfolge der Product-Backlogeinträge festzulegen 
d) Sprint Reviews mit dem Kunden durchzuführen ",d) Sprint Reviews mit dem Kunden durchzuführen - macht das Team gemeinsam,"In agilen Projekten wird in der Regel ein Scrumteam mit festen Rollen und Verantwortung definiert. Wofür ist ein Product Owner verantwortlich? Markieren Sie die falsche Antwort 
a)Ergebnisverantwortung für die Maximierung des Wertes des Produkts der sich aus der Arbeit des Scrum Teams ergibt 
b) Das Produkt-Ziel zu entwickeln und explizit zu kommunizieren 
c) Die Reihenfolge der Product-Backlogeinträge festzulegen 
d) Sprint Reviews mit dem Kunden durchzuführen "
"04.05.05 Organisation, Information und Dokumentation","In agilen Projekten wird ein Scrum Team mit festen Rollen definiert. Welche organisatorischen Aussagen gelten für ein Scrum Team? Markieren Sie die falsche Antwort.
Problemstellung
A) In einem Scrum Team gibt es keine Teilteams oder Hierarchien
B) Ein Scrum Team hat fest definierte Rollen; Scrum Master, Product Owner und Entwickler
C) Das Scrum Team ist umsetzungsverantwortlich (responsible) für alle produktbezogenen Aktivitäten
D) Das Scrum Team sollte mindestens 10 Mitglieder haben, damit alle Rollen besetzt werden können"," d) Das scrum Team sollte mindestens 10 Mitglieder haben, damit alle Rollen besetzt werden können.","In agilen Projekten wird ein Scrum Team mit festen Rollen definiert. Welche organisatorischen Aussagen gelten für ein Scrum Team? Markieren Sie die falsche Antwort.
Problemstellung
A) In einem Scrum Team gibt es keine Teilteams oder Hierarchien
B) Ein Scrum Team hat fest definierte Rollen; Scrum Master, Product Owner und Entwickler
C) Das Scrum Team ist umsetzungsverantwortlich (responsible) für alle produktbezogenen Aktivitäten
D) Das Scrum Team sollte mindestens 10 Mitglieder haben, damit alle Rollen besetzt werden können"
"04.05.05 Organisation, Information und Dokumentation","In agilen Projekten wird ein Scrum Team mit festen Rollen definiert. Welche Rollen sollten in einem Scrum Team besetzt werden? Markieren Sie die falsche Antwort.
A) Projektleiter
B) Scrum Master
C) Product Owner
D) Entwickler
",A) Projektleiter,"In agilen Projekten wird ein Scrum Team mit festen Rollen definiert. Welche Rollen sollten in einem Scrum Team besetzt werden? Markieren Sie die falsche Antwort.
A) Projektleiter
B) Scrum Master
C) Product Owner
D) Entwickler
"
"04.05.05 Organisation, Information und Dokumentation","In agilen Projekten wird in der Regel ein Scrumteam mit festen Rollen und Verantwortung definiert. Wofür ist ein Product Owner verantwortlich? Markieren Sie die falsche Antwort 
a)Ergebnisverantwortung für die Maximierung des Wertes des Produkts der sich aus der Arbeit des Scrum Teams ergibt 
b) Das Produkt-Ziel zu entwickeln und explizit zu kommunizieren 
c) Die Reihenfolge der Product-Backlogeinträge festzulegen 
d) Sprint Reviews mit dem Kunden durchzuführen ",d) Sprint Reviews mit dem Kunden durchzuführen - macht das Team gemeinsam,"In agilen Projekten wird in der Regel ein Scrumteam mit festen Rollen und Verantwortung definiert. Wofür ist ein Product Owner verantwortlich? Markieren Sie die falsche Antwort 
a)Ergebnisverantwortung für die Maximierung des Wertes des Produkts der sich aus der Arbeit des Scrum Teams ergibt 
b) Das Produkt-Ziel zu entwickeln und explizit zu kommunizieren 
c) Die Reihenfolge der Product-Backlogeinträge festzulegen 
d) Sprint Reviews mit dem Kunden durchzuführen "
"04.05.05 Organisation, Information und Dokumentation","In agilen Projekten wird ein Scrum Team mit festen Rollen definiert. Welche organisatorischen Aussagen gelten für ein Scrum Team? Markieren Sie die falsche Antwort.
Problemstellung
A) In einem Scrum Team gibt es keine Teilteams oder Hierarchien
B) Ein Scrum Team hat fest definierte Rollen; Scrum Master, Product Owner und Entwickler
C) Das Scrum Team ist umsetzungsverantwortlich (responsible) für alle produktbezogenen Aktivitäten
D) Das Scrum Team sollte mindestens 10 Mitglieder haben, damit alle Rollen besetzt werden können"," d) Das scrum Team sollte mindestens 10 Mitglieder haben, damit alle Rollen besetzt werden können.","In agilen Projekten wird ein Scrum Team mit festen Rollen definiert. Welche organisatorischen Aussagen gelten für ein Scrum Team? Markieren Sie die falsche Antwort.
Problemstellung
A) In einem Scrum Team gibt es keine Teilteams oder Hierarchien
B) Ein Scrum Team hat fest definierte Rollen; Scrum Master, Product Owner und Entwickler
C) Das Scrum Team ist umsetzungsverantwortlich (responsible) für alle produktbezogenen Aktivitäten
D) Das Scrum Team sollte mindestens 10 Mitglieder haben, damit alle Rollen besetzt werden können"
"04.05.05 Organisation, Information und Dokumentation","In agilen Projekten wird ein Scrum Team mit festen Rollen definiert. Welche Rollen sollten in einem Scrum Team besetzt werden? Markieren Sie die falsche Antwort.
A) Projektleiter
B) Scrum Master
C) Product Owner
D) Entwickler
",A) Projektleiter,"In agilen Projekten wird ein Scrum Team mit festen Rollen definiert. Welche Rollen sollten in einem Scrum Team besetzt werden? Markieren Sie die falsche Antwort.
A) Projektleiter
B) Scrum Master
C) Product Owner
D) Entwickler
"
"04.05.05 Organisation, Information und Dokumentation","In agilen Projekten wird in der Regel ein Scrumteam mit festen Rollen und Verantwortung definiert. Wofür ist ein Product Owner verantwortlich? Markieren Sie die falsche Antwort 
a)Ergebnisverantwortung für die Maximierung des Wertes des Produkts der sich aus der Arbeit des Scrum Teams ergibt 
b) Das Produkt-Ziel zu entwickeln und explizit zu kommunizieren 
c) Die Reihenfolge der Product-Backlogeinträge festzulegen 
d) Sprint Reviews mit dem Kunden durchzuführen ",d) Sprint Reviews mit dem Kunden durchzuführen - macht das Team gemeinsam,"In agilen Projekten wird in der Regel ein Scrumteam mit festen Rollen und Verantwortung definiert. Wofür ist ein Product Owner verantwortlich? Markieren Sie die falsche Antwort 
a)Ergebnisverantwortung für die Maximierung des Wertes des Produkts der sich aus der Arbeit des Scrum Teams ergibt 
b) Das Produkt-Ziel zu entwickeln und explizit zu kommunizieren 
c) Die Reihenfolge der Product-Backlogeinträge festzulegen 
d) Sprint Reviews mit dem Kunden durchzuführen "
"04.05.05 Organisation, Information und Dokumentation","In agilen Projekten wird ein Scrum Team mit festen Rollen definiert. Welche organisatorischen Aussagen gelten für ein Scrum Team? Markieren Sie die falsche Antwort.
Problemstellung
A) In einem Scrum Team gibt es keine Teilteams oder Hierarchien
B) Ein Scrum Team hat fest definierte Rollen; Scrum Master, Product Owner und Entwickler
C) Das Scrum Team ist umsetzungsverantwortlich (responsible) für alle produktbezogenen Aktivitäten
D) Das Scrum Team sollte mindestens 10 Mitglieder haben, damit alle Rollen besetzt werden können"," d) Das scrum Team sollte mindestens 10 Mitglieder haben, damit alle Rollen besetzt werden können.","In agilen Projekten wird ein Scrum Team mit festen Rollen definiert. Welche organisatorischen Aussagen gelten für ein Scrum Team? Markieren Sie die falsche Antwort.
Problemstellung
A) In einem Scrum Team gibt es keine Teilteams oder Hierarchien
B) Ein Scrum Team hat fest definierte Rollen; Scrum Master, Product Owner und Entwickler
C) Das Scrum Team ist umsetzungsverantwortlich (responsible) für alle produktbezogenen Aktivitäten
D) Das Scrum Team sollte mindestens 10 Mitglieder haben, damit alle Rollen besetzt werden können"
"04.05.05 Organisation, Information und Dokumentation","In agilen Projekten wird ein Scrum Team mit festen Rollen definiert. Welche Rollen sollten in einem Scrum Team besetzt werden? Markieren Sie die falsche Antwort.
A) Projektleiter
B) Scrum Master
C) Product Owner
D) Entwickler
",A) Projektleiter,"In agilen Projekten wird ein Scrum Team mit festen Rollen definiert. Welche Rollen sollten in einem Scrum Team besetzt werden? Markieren Sie die falsche Antwort.
A) Projektleiter
B) Scrum Master
C) Product Owner
D) Entwickler
"
"04.05.05 Organisation, Information und Dokumentation","In agilen Projekten wird in der Regel ein Scrumteam mit festen Rollen und Verantwortung definiert. Wofür ist ein Product Owner verantwortlich? Markieren Sie die falsche Antwort 
a)Ergebnisverantwortung für die Maximierung des Wertes des Produkts der sich aus der Arbeit des Scrum Teams ergibt 
b) Das Produkt-Ziel zu entwickeln und explizit zu kommunizieren 
c) Die Reihenfolge der Product-Backlogeinträge festzulegen 
d) Sprint Reviews mit dem Kunden durchzuführen ",d) Sprint Reviews mit dem Kunden durchzuführen - macht das Team gemeinsam,"In agilen Projekten wird in der Regel ein Scrumteam mit festen Rollen und Verantwortung definiert. Wofür ist ein Product Owner verantwortlich? Markieren Sie die falsche Antwort 
a)Ergebnisverantwortung für die Maximierung des Wertes des Produkts der sich aus der Arbeit des Scrum Teams ergibt 
b) Das Produkt-Ziel zu entwickeln und explizit zu kommunizieren 
c) Die Reihenfolge der Product-Backlogeinträge festzulegen 
d) Sprint Reviews mit dem Kunden durchzuführen "
"04.05.05 Organisation, Information und Dokumentation","In agilen Projekten wird ein Scrum Team mit festen Rollen definiert. Welche organisatorischen Aussagen gelten für ein Scrum Team? Markieren Sie die falsche Antwort.
Problemstellung
A) In einem Scrum Team gibt es keine Teilteams oder Hierarchien
B) Ein Scrum Team hat fest definierte Rollen; Scrum Master, Product Owner und Entwickler
C) Das Scrum Team ist umsetzungsverantwortlich (responsible) für alle produktbezogenen Aktivitäten
D) Das Scrum Team sollte mindestens 10 Mitglieder haben, damit alle Rollen besetzt werden können"," d) Das scrum Team sollte mindestens 10 Mitglieder haben, damit alle Rollen besetzt werden können.","In agilen Projekten wird ein Scrum Team mit festen Rollen definiert. Welche organisatorischen Aussagen gelten für ein Scrum Team? Markieren Sie die falsche Antwort.
Problemstellung
A) In einem Scrum Team gibt es keine Teilteams oder Hierarchien
B) Ein Scrum Team hat fest definierte Rollen; Scrum Master, Product Owner und Entwickler
C) Das Scrum Team ist umsetzungsverantwortlich (responsible) für alle produktbezogenen Aktivitäten
D) Das Scrum Team sollte mindestens 10 Mitglieder haben, damit alle Rollen besetzt werden können"
"04.05.05 Organisation, Information und Dokumentation","In agilen Projekten wird ein Scrum Team mit festen Rollen definiert. Welche Rollen sollten in einem Scrum Team besetzt werden? Markieren Sie die falsche Antwort.
A) Projektleiter
B) Scrum Master
C) Product Owner
D) Entwickler
",A) Projektleiter,"In agilen Projekten wird ein Scrum Team mit festen Rollen definiert. Welche Rollen sollten in einem Scrum Team besetzt werden? Markieren Sie die falsche Antwort.
A) Projektleiter
B) Scrum Master
C) Product Owner
D) Entwickler
"
"04.05.05 Organisation, Information und Dokumentation","In agilen Projekten wird in der Regel ein Scrumteam mit festen Rollen und Verantwortung definiert. Wofür ist ein Product Owner verantwortlich? Markieren Sie die falsche Antwort 
a)Ergebnisverantwortung für die Maximierung des Wertes des Produkts der sich aus der Arbeit des Scrum Teams ergibt 
b) Das Produkt-Ziel zu entwickeln und explizit zu kommunizieren 
c) Die Reihenfolge der Product-Backlogeinträge festzulegen 
d) Sprint Reviews mit dem Kunden durchzuführen ",d) Sprint Reviews mit dem Kunden durchzuführen - macht das Team gemeinsam,"In agilen Projekten wird in der Regel ein Scrumteam mit festen Rollen und Verantwortung definiert. Wofür ist ein Product Owner verantwortlich? Markieren Sie die falsche Antwort 
a)Ergebnisverantwortung für die Maximierung des Wertes des Produkts der sich aus der Arbeit des Scrum Teams ergibt 
b) Das Produkt-Ziel zu entwickeln und explizit zu kommunizieren 
c) Die Reihenfolge der Product-Backlogeinträge festzulegen 
d) Sprint Reviews mit dem Kunden durchzuführen "
"04.05.05 Organisation, Information und Dokumentation","In agilen Projekten wird ein Scrum Team mit festen Rollen definiert. Welche organisatorischen Aussagen gelten für ein Scrum Team? Markieren Sie die falsche Antwort.
Problemstellung
A) In einem Scrum Team gibt es keine Teilteams oder Hierarchien
B) Ein Scrum Team hat fest definierte Rollen; Scrum Master, Product Owner und Entwickler
C) Das Scrum Team ist umsetzungsverantwortlich (responsible) für alle produktbezogenen Aktivitäten
D) Das Scrum Team sollte mindestens 10 Mitglieder haben, damit alle Rollen besetzt werden können"," d) Das scrum Team sollte mindestens 10 Mitglieder haben, damit alle Rollen besetzt werden können.","In agilen Projekten wird ein Scrum Team mit festen Rollen definiert. Welche organisatorischen Aussagen gelten für ein Scrum Team? Markieren Sie die falsche Antwort.
Problemstellung
A) In einem Scrum Team gibt es keine Teilteams oder Hierarchien
B) Ein Scrum Team hat fest definierte Rollen; Scrum Master, Product Owner und Entwickler
C) Das Scrum Team ist umsetzungsverantwortlich (responsible) für alle produktbezogenen Aktivitäten
D) Das Scrum Team sollte mindestens 10 Mitglieder haben, damit alle Rollen besetzt werden können"
"04.05.05 Organisation, Information und Dokumentation","In agilen Projekten wird ein Scrum Team mit festen Rollen definiert. Welche Rollen sollten in einem Scrum Team besetzt werden? Markieren Sie die falsche Antwort.
A) Projektleiter
B) Scrum Master
C) Product Owner
D) Entwickler
",A) Projektleiter,"In agilen Projekten wird ein Scrum Team mit festen Rollen definiert. Welche Rollen sollten in einem Scrum Team besetzt werden? Markieren Sie die falsche Antwort.
A) Projektleiter
B) Scrum Master
C) Product Owner
D) Entwickler
"
"04.05.05 Organisation, Information und Dokumentation","In agilen Projekten wird in der Regel ein Scrumteam mit festen Rollen und Verantwortung definiert. Wofür ist ein Product Owner verantwortlich? Markieren Sie die falsche Antwort 
a)Ergebnisverantwortung für die Maximierung des Wertes des Produkts der sich aus der Arbeit des Scrum Teams ergibt 
b) Das Produkt-Ziel zu entwickeln und explizit zu kommunizieren 
c) Die Reihenfolge der Product-Backlogeinträge festzulegen 
d) Sprint Reviews mit dem Kunden durchzuführen ",d) Sprint Reviews mit dem Kunden durchzuführen - macht das Team gemeinsam,"In agilen Projekten wird in der Regel ein Scrumteam mit festen Rollen und Verantwortung definiert. Wofür ist ein Product Owner verantwortlich? Markieren Sie die falsche Antwort 
a)Ergebnisverantwortung für die Maximierung des Wertes des Produkts der sich aus der Arbeit des Scrum Teams ergibt 
b) Das Produkt-Ziel zu entwickeln und explizit zu kommunizieren 
c) Die Reihenfolge der Product-Backlogeinträge festzulegen 
d) Sprint Reviews mit dem Kunden durchzuführen "
"04.05.05 Organisation, Information und Dokumentation","In agilen Projekten wird ein Scrum Team mit festen Rollen definiert. Welche organisatorischen Aussagen gelten für ein Scrum Team? Markieren Sie die falsche Antwort.
Problemstellung
A) In einem Scrum Team gibt es keine Teilteams oder Hierarchien
B) Ein Scrum Team hat fest definierte Rollen; Scrum Master, Product Owner und Entwickler
C) Das Scrum Team ist umsetzungsverantwortlich (responsible) für alle produktbezogenen Aktivitäten
D) Das Scrum Team sollte mindestens 10 Mitglieder haben, damit alle Rollen besetzt werden können"," d) Das scrum Team sollte mindestens 10 Mitglieder haben, damit alle Rollen besetzt werden können.","In agilen Projekten wird ein Scrum Team mit festen Rollen definiert. Welche organisatorischen Aussagen gelten für ein Scrum Team? Markieren Sie die falsche Antwort.
Problemstellung
A) In einem Scrum Team gibt es keine Teilteams oder Hierarchien
B) Ein Scrum Team hat fest definierte Rollen; Scrum Master, Product Owner und Entwickler
C) Das Scrum Team ist umsetzungsverantwortlich (responsible) für alle produktbezogenen Aktivitäten
D) Das Scrum Team sollte mindestens 10 Mitglieder haben, damit alle Rollen besetzt werden können"
"04.05.05 Organisation, Information und Dokumentation","In agilen Projekten wird ein Scrum Team mit festen Rollen definiert. Welche Rollen sollten in einem Scrum Team besetzt werden? Markieren Sie die falsche Antwort.
A) Projektleiter
B) Scrum Master
C) Product Owner
D) Entwickler
",A) Projektleiter,"In agilen Projekten wird ein Scrum Team mit festen Rollen definiert. Welche Rollen sollten in einem Scrum Team besetzt werden? Markieren Sie die falsche Antwort.
A) Projektleiter
B) Scrum Master
C) Product Owner
D) Entwickler
"
"04.05.05 Organisation, Information und Dokumentation","In agilen Projekten wird in der Regel ein Scrumteam mit festen Rollen und Verantwortung definiert. Wofür ist ein Product Owner verantwortlich? Markieren Sie die falsche Antwort 
a)Ergebnisverantwortung für die Maximierung des Wertes des Produkts der sich aus der Arbeit des Scrum Teams ergibt 
b) Das Produkt-Ziel zu entwickeln und explizit zu kommunizieren 
c) Die Reihenfolge der Product-Backlogeinträge festzulegen 
d) Sprint Reviews mit dem Kunden durchzuführen ",d) Sprint Reviews mit dem Kunden durchzuführen - macht das Team gemeinsam,"In agilen Projekten wird in der Regel ein Scrumteam mit festen Rollen und Verantwortung definiert. Wofür ist ein Product Owner verantwortlich? Markieren Sie die falsche Antwort 
a)Ergebnisverantwortung für die Maximierung des Wertes des Produkts der sich aus der Arbeit des Scrum Teams ergibt 
b) Das Produkt-Ziel zu entwickeln und explizit zu kommunizieren 
c) Die Reihenfolge der Product-Backlogeinträge festzulegen 
d) Sprint Reviews mit dem Kunden durchzuführen "
"04.05.05 Organisation, Information und Dokumentation","In agilen Projekten wird ein Scrum Team mit festen Rollen definiert. Welche organisatorischen Aussagen gelten für ein Scrum Team? Markieren Sie die falsche Antwort.
Problemstellung
A) In einem Scrum Team gibt es keine Teilteams oder Hierarchien
B) Ein Scrum Team hat fest definierte Rollen; Scrum Master, Product Owner und Entwickler
C) Das Scrum Team ist umsetzungsverantwortlich (responsible) für alle produktbezogenen Aktivitäten
D) Das Scrum Team sollte mindestens 10 Mitglieder haben, damit alle Rollen besetzt werden können"," d) Das scrum Team sollte mindestens 10 Mitglieder haben, damit alle Rollen besetzt werden können.","In agilen Projekten wird ein Scrum Team mit festen Rollen definiert. Welche organisatorischen Aussagen gelten für ein Scrum Team? Markieren Sie die falsche Antwort.
Problemstellung
A) In einem Scrum Team gibt es keine Teilteams oder Hierarchien
B) Ein Scrum Team hat fest definierte Rollen; Scrum Master, Product Owner und Entwickler
C) Das Scrum Team ist umsetzungsverantwortlich (responsible) für alle produktbezogenen Aktivitäten
D) Das Scrum Team sollte mindestens 10 Mitglieder haben, damit alle Rollen besetzt werden können"
"04.05.05 Organisation, Information und Dokumentation","In agilen Projekten wird ein Scrum Team mit festen Rollen definiert. Welche Rollen sollten in einem Scrum Team besetzt werden? Markieren Sie die falsche Antwort.
A) Projektleiter
B) Scrum Master
C) Product Owner
D) Entwickler
",A) Projektleiter,"In agilen Projekten wird ein Scrum Team mit festen Rollen definiert. Welche Rollen sollten in einem Scrum Team besetzt werden? Markieren Sie die falsche Antwort.
A) Projektleiter
B) Scrum Master
C) Product Owner
D) Entwickler
"
"04.05.05 Organisation, Information und Dokumentation","In agilen Projekten wird in der Regel ein Scrumteam mit festen Rollen und Verantwortung definiert. Wofür ist ein Product Owner verantwortlich? Markieren Sie die falsche Antwort 
a)Ergebnisverantwortung für die Maximierung des Wertes des Produkts der sich aus der Arbeit des Scrum Teams ergibt 
b) Das Produkt-Ziel zu entwickeln und explizit zu kommunizieren 
c) Die Reihenfolge der Product-Backlogeinträge festzulegen 
d) Sprint Reviews mit dem Kunden durchzuführen ",d) Sprint Reviews mit dem Kunden durchzuführen - macht das Team gemeinsam,"In agilen Projekten wird in der Regel ein Scrumteam mit festen Rollen und Verantwortung definiert. Wofür ist ein Product Owner verantwortlich? Markieren Sie die falsche Antwort 
a)Ergebnisverantwortung für die Maximierung des Wertes des Produkts der sich aus der Arbeit des Scrum Teams ergibt 
b) Das Produkt-Ziel zu entwickeln und explizit zu kommunizieren 
c) Die Reihenfolge der Product-Backlogeinträge festzulegen 
d) Sprint Reviews mit dem Kunden durchzuführen "
"04.05.05 Organisation, Information und Dokumentation",Definieren Sie für die Rolle Projektleiter eine Zeile der RACI-Matrix. Was bedeutet die Abkürzung RACI?,"siehe Dittmann 2026: Seite 254
RACI steht für Responsible (durchführungsverantwortlich), Accountable (rechenschaftspflichtig), Consulted (zu konsultieren) und Informed (zu informieren) und dient zur Zuweisung von Verantwortlichkeiten; eine typische RACI-Zeile für einen Projektleiter
Die Rolle des PL innerhalb der RACI Matrix:
• Erstellt/delegiert Business Case
• Erstellt/delegiert Projektauftrag (Pflichtenheft)
• Trägt Verantwortung für Beschreibung der APs
• Erstellt/delegiert/ und trägt Verantwortung für Projektstatusbericht
• Trägt Verantwortung für Abnahme des Projektergebnisses
Abkürzung: 
R - Responsible 
A - Accountable 
C - Consulted
I - Informed",
"04.05.05 Organisation, Information und Dokumentation",Erläutern Sie anhand eines Beispiels welche Dokumente in eine Dokumentenbedarfsmatrix aufgenommen werden sollten,"Siehe Dittmann 2026 : 264f Seite: Dokumentenbedarfsmatrix
Die Dokumentenbedarfsmatrix definiert alle notwendigen Projektdokumente und ihre Eigenschaften.

Spalten: Dokumentenart (z.B. Anforderungsspezifikation), Ersteller (z.B. Analyst), Empfänger (z.B. PL, Auftraggeber), Form (schriftlich/digital), Häufigkeit (einmalig/monatlich), Freigabe (durch PL/Sponsor), Ablage (Server/Archiv).

Beispiel IT-Projekt: Projekt-Charter wird vom Projektleiter erstellt, an Lenkungsausschuss verteilt, einmalig schriftlich, freigegeben durch Sponsor, abgelegt auf dem Projektserver. Anforderungsspezifikation vom Analyst, an PL und Team, digital, einmalig + bei Änderungen, freigegeben durch PL, in Dokumentenverwaltung. Wöchentliche Statusberichte vom PL, an Sponsor und Team, per Mail/PDF, jede Woche, freigegeben durch PL, auf Projektserver.

Ziele: Transparenz (alle wissen welche Dokumente anfallen), klare Verantwortung (wer macht was), effiziente Kommunikation, Vermeidung redundanter Dokumente, definierte Freigabeprozesse.","1. Die Dokumentenbedarfsmatrix (Das „Soll“)
Auch: Unterlagenbedarfsmatrix
Dieses Dokument steht am Anfang der Planung. Es ermittelt, welche Dokumente überhaupt erstellt werden müssen.
• Zweck: Bestimmung des Bedarfs. Hier wird systematisch ermittelt, für welches Projektobjekt (z. B. ein Bauteil) welche Art von Unterlage (z. B. Zeichnung, Prüfbericht) benötigt wird,.
• Struktur (Visualisierung): Es ist eine klassische Matrix.
    ◦ Zeilen: Projektobjekte (z. B. Bürogebäude, Fabrikhalle).
    ◦ Spalten: Dokumentenarten (z. B. Lageplan, Fundamentplan, Beleuchtungsplan).
    ◦ Kreuzungspunkt: Markierung, ob ein Dokument erforderlich ist,.
• Inhalt: Sie legt oft auch fest, wer das Dokument bis wann erstellt, wer es prüft und an wen es verteilt wird.
• Lern-Analogie: Das ist Ihre Einkaufsliste. Bevor Sie kochen, schreiben Sie auf, welche Zutaten (Dokumente) Sie für welches Gericht (Projektobjekt) benötigen.
2. Die Dokumentenmatrix (Das „Ist“)
Auch: Dokumentenübersichtsliste
Dieses Dokument ist ein „lebendes“ Werkzeug während der Durchführung. Es ist das zentrale Verzeichnis aller tatsächlich existierenden Dokumente.
• Zweck: Verwaltung und Statusüberwachung. Sie dient als Übersicht über die Vollständigkeit und den aktuellen Bearbeitungsstand (Status) aller Dokumente,. Sie ist das Instrument der Dokumentenlenkung.
• Struktur (Visualisierung): Eher eine Liste oder Tabelle, weniger eine Kreuzmatrix.
• Inhalt: Sie enthält spezifische Metadaten zu jeder Datei:
    ◦ Dateiname & Titel
    ◦ Aktuelle Version/Revision (z. B. v1.2)
    ◦ Aktueller Status (z. B. „in Arbeit“, „geprüft“, „freigegeben“)
    ◦ Verantwortlicher Autor
    ◦ Ablageort & Archivierungsdauer,.
• Lern-Analogie: Das ist Ihr Lagerbestandsverzeichnis. Hier steht genau, dass „Milch v1.0“ im Regal steht, dass sie „geprüft“ (haltbar) ist und wer sie dort abgestellt hat.

--------------------------------------------------------------------------------
Zusammenfassung der Unterschiede
Merkmal
Dokumentenbedarfsmatrix
Dokumentenmatrix
Phase
Planung (Initialisierung/Definition)
Durchführung & Steuerung (laufend)
Fragestellung
Was müssen wir erstellen?
Wie ist der Status dessen, was wir haben?
Fokus
Identifikation der notwendigen Dokumente für Projektobjekte.
Überwachung von Version, Status und Ablageort.
Form
Matrix (Objekte × Dokumentart).
Liste / Tabelle aller physischen Dateien.
Zusammenhang
Bildet die Grundlage für die Dokumentenmatrix.
Ist das Ergebnis der Umsetzung des Bedarfs.
Experten-Tipp für die Prüfung: Achten Sie auf das Wort „Bedarf“.
• Wenn gefragt wird, welche Unterlagen für ein Bauteil notwendig sind → Bedarfsmatrix.
• Wenn gefragt wird, wo die aktuelle Version oder der Freigabestatus steht → Dokumentenmatrix (ohne „Bedarf“)"
"04.05.05 Organisation, Information und Dokumentation","Erläutern Sie die Bedeutung eines Kommunikationsplans. Nennen Sie fünf (5) Spalten, die in einem Kommunikationsplan stehen (“W*Fragen” ausreichend).","Kommunikationsplan: Strukturiertes Dokument zur Sicherstellung effektiver Informationsverteilung an alle Stakeholder.
Fünf Spalten (W-Fragen):
Wer - Verantwortlicher
Wem - Empfänger /Adressat/ Stakeholder
Was - Inhalt/Art der Information
Wann - Zeitpunkt/Häufigkeit
Wie - Kommunikationskanal
","1. Die Bedeutung des Kommunikationsplans
Aus der Perspektive des Senior Dozenten (Strategische Relevanz)
Der Kommunikationsplan ist weit mehr als eine simple Terminliste; er ist das zentrale Steuerungsinstrument, um den Informationsfluss im Projekt zu regeln und sicherzustellen,. Seine Bedeutung lässt sich in drei Kernpunkten zusammenfassen:
• Schaffung von Transparenz und Klarheit: Er definiert verbindlich, wer wann welche Informationen erhält. Dadurch wird das „Grundrauschen“ zufälliger Kommunikation durch strukturierte Informationswege ersetzt,. Er verhindert Informationsdefizite ebenso wie Informationsüberflutung,.
• Erwartungsmanagement (Expectation Management): Dies ist der wohl kritischste psychologische Aspekt. Der Plan hilft, die Erwartungen der Stakeholder so zu steuern, dass diese genau wissen, was (und wann) das Projekt liefern wird. Dies verhindert Enttäuschungen, die durch falsche Annahmen entstehen könnten,.
• Sicherung der Verbindlichkeit: Da im Kommunikationsplan Verantwortlichkeiten (Wer berichtet?) festgelegt sind, wird Kommunikation von einer „Kann“- zu einer kontrollierbaren „Muss“-Aufgabe. Er ist oft Teil des übergeordneten Projektmanagementplans,.

--------------------------------------------------------------------------------
2. Die 5 W-Fragen (Spalten des Kommunikationsplans)
Aus der Perspektive des Visual Instructional Designers (Struktur & Aufbau)
Ein effektiver Kommunikationsplan wird meist als Matrix (Tabelle) dargestellt. Um ihn in der Praxis (und in der Prüfung) sicher anwenden zu können, orientieren Sie sich an den klassischen W-Fragen.
Die Quellen nennen verschiedene Varianten, aber die folgenden fünf Spalten bilden den unverzichtbaren Kernstandard,,,,:
1. WAS? (Inhalt / Informationsart)
    ◦ Beschreibung: Um welche Information handelt es sich? (z. B. Statusbericht, Protokoll, Entscheidungsvorlage, Risikoanalyse).
2. WER? (Verantwortlicher / Sender)
    ◦ Beschreibung: Wer ist dafür verantwortlich, dass die Information erstellt und versendet wird? (z. B. Projektleiter, Teilprojektleiter, PMO).
3. AN WEN? (Empfänger / Zielgruppe)
    ◦ Beschreibung: Wer muss die Information erhalten? Hierarchien und Stakeholder-Interessen bestimmen den Verteiler (z. B. Lenkungsausschuss, Projektteam, Kunde).
4. WANN / WIE OFT? (Zeitpunkt / Turnus)
    ◦ Beschreibung: In welchem Rhythmus oder zu welchem Termin fließt die Information? (z. B. jeden Montag, monatlich, quartalsweise oder ereignisbezogen „bei Bedarf“).
5. WIE / WOMIT? (Medium / Kanal / Form)
    ◦ Beschreibung: Über welchen Weg wird kommuniziert? (z. B. E-Mail, Meeting/Sitzung, Videokonferenz, Aushang, Intranet).
Zusatz-Tipp des Learning Scientists: Merken Sie sich die Logikkette: „Wer sagt was zu wem, wie und wann?“ Diese einfache Satzstruktur deckt alle Spalten der Matrix ab und macht das Konzept kognitiv leicht abrufbar."
"04.05.05 Organisation, Information und Dokumentation","Formulieren Sie für einen Statusbericht inhaltliche, organisatorische und kaufmännische Informationen zum Arbeitspaket “Elektroinstallation Bad” eines Hausbauprojektes.","Inhaltliche Informationen: 
- Der Rohbau ist abgeschlossen, die Elektroinstallationen im Bad sind zu 75 % fertiggestellt. 
- Aktueller Status: Verlegung der Kabel abgeschlossen, Steckdosen und Schalter werden montiert. 
- Verzögerung durch fehlendes Material, Lieferung für nächste Woche erwartet. 

Organisatorische Informationen: 
- Verantwortlich: Elektromeister Müller und Team. 
- Geplanter Fertigstellungstermin: 22.12.2024. 
- Nächste Schritte: Installation der Beleuchtung und Endabnahme. 

Kaufmännische Informationen: 
- Budget: 10.000 €. 
- Bereits verbraucht: 7.500 €. 
- Erwartete Mehrkosten durch Materialverzögerung: 500 €.","Bedeutung: Ein Kommunikationsplan sorgt dafür, dass alle relevanten Informationen zur richtigen Zeit an die richtigen Empfänger in geeigneter Form gelangen → zentral für Projekterfolg und Stakeholder-Management.
Typische Spalten (W Fragen):
1. Wer informiert?
2. Wen informieren?
3. Was wird kommuniziert?
4. Wann / wie oft (Frequenz)?
5. Wie (Medium) (Meeting, Mail, Bericht)?√"
"04.05.05 Organisation, Information und Dokumentation",Gebe ein Beispiel eines versionierten Dateinamens. Was ist der Zweck und Sinn einer Versionierung?,"Beispiel versionierter Dateiname: Projektbericht_V1.2.docx
Zweck :
Nachverfolgbarkeit von Änderungen
Konfliktvermeidung bei Zusammenarbeit
Wiederherstellungsmöglichkeit älterer Versionen
Dokumentation des Fortschritts
Klarheit über aktuelle Version","23042026-draft-Business_Case_DRotter-v01
Sinn einer Versionierung ist es den aktuellen Stand des Dokuments anhand der Datei Bezeichnung erkennen zu können, um eine schnelle Zuordnung vornehmen zu können."
"04.05.05 Organisation, Information und Dokumentation",Geben Sie ein Beispiel für die Sinnhaftigkeit der Implementierung einer Einfluss- (Stabs-)Projektorganisation," Die Weihnachtsfeier
Ein weiteres, sehr eingängiges Beispiel aus den Quellen für diese Organisationsform ist die Organisation einer betrieblichen Weihnachtsfeier,.
• Begründung: Es ist ein zeitlich kurzes Vorhaben mit geringer strategischer Bedeutung und geringem Risiko. Ein Projektleiter koordiniert (Ort, Essen, Einladungen), aber er hat keine Weisungsbefugnis gegenüber den Kollegen. Er kann niemanden zwingen, Servietten zu falten, sondern muss durch Überzeugung oder Bitten (Koordination) führen.

Definition: Projektleiter ist Stabsstelle ohne direkte Weisungsbefugnis. Koordiniert abteilungsübergreifend, Linienchefs treffen Entscheidungen.
Beispiel: Mittelständisches Unternehmen, Geschäftsprozess-Optimierung über 4 Fachbereiche, Mitarbeiter bleiben parallel in ihren Abteilungen.
Sinnhaftigkeit:
Linienstrukturen bleiben erhalten, keine Reorganisation
Ressourcenflexibilität: Mitarbeiter jederzeit zu 100% verfügbar/ oder  garnicht, da Teilnahme eher freiwillig
Geringe Umstellungskosten, schneller Start

Strategisches Signal durch PMO bei Geschäftsleitung

Wissenstransfer direkt in Abteilungen
Wann sinnvoll: Kleine bis mittlere, abteilungsübergreifende Projekte in Linienorganisationen ohne operative Umstrukturierung.
Risiko: PL hat wenig Weisungsbefugnis → braucht Rückhalt durch Geschäftsleitung.","Eine Einfluss-/Stabsprojektorganisation ist sinnvoll, wenn Beratung, Koordination und Analyse im Vordergrund stehen, nicht direkte Weisung.

1. Das Praxis-Beispiel: Geschäftsprozess-Optimierung im Mittelstand
Stellen Sie sich ein mittelständisches Unternehmen vor, das seine Geschäftsprozesse über vier Fachbereiche hinweg optimieren möchte (z. B. ""Optimierung des Durchlaufs von der Bestellung bis zum Versand""),.
Warum ist hier die Einfluss-Projektorganisation sinnvoll?
• Keine Reorganisation nötig: Die Mitarbeiter müssen nicht aus ihren Abteilungen herausgelöst werden. Sie bleiben physisch und disziplinarisch ihren Linienvorgesetzten unterstellt.
• Fachwissen bleibt vor Ort: Der Projektleiter fungiert hier als „Stabstelle“ (Berater/Koordinator). Er sammelt Daten aus den Abteilungen (Einkauf, Produktion, Vertrieb), analysiert diese und erarbeitet Vorschläge. Er muss nicht selbst entscheiden, sondern bereitet die Entscheidung für die Geschäftsführung oder die Abteilungsleiter vor,.
• Geringer Rüstaufwand: Da keine neuen Stellen geschaffen oder Räume bezogen werden müssen, ist diese Organisationsform sehr schnell und kostengünstig installiert („Schnelle Installation“).
2. Der „Lern-Anker“: Die Weihnachtsfeier
Ein weiteres, sehr eingängiges Beispiel aus den Quellen für diese Organisationsform ist die Organisation einer betrieblichen Weihnachtsfeier,.
• Begründung: Es ist ein zeitlich kurzes Vorhaben mit geringer strategischer Bedeutung und geringem Risiko. Ein Projektleiter koordiniert (Ort, Essen, Einladungen), aber er hat keine Weisungsbefugnis gegenüber den Kollegen. Er kann niemanden zwingen, Servietten zu falten, sondern muss durch Überzeugung oder Bitten (Koordination) führen.
3. Kriterien-Checkliste: Wann ist diese Form „sinnvoll“?
Damit Sie in der Prüfung oder Praxis sofort erkennen, wann diese Form gewählt werden sollte, haben wir die Kriterien aus den Quellen zusammengefasst. Die Einfluss-Projektorganisation ist das Mittel der Wahl, wenn folgende Parameter zutreffen,:
Kriterium
Ausprägung für Einfluss-Projektorganisation
Strategische Bedeutung
Gering,
Projektumfang
Gering (Kleinprojekte)
Risiko
Gering
Laufzeit
Kurz,
Ressourcenkonflikt
Mitarbeiter arbeiten nur zu einem kleinen Teil (z.B. 10-20%) für das Projekt und bleiben im Tagesgeschäft.
Befugnis-Bedarf
Der Projektleiter benötigt keine Weisungsbefugnis, da er als „Bittsteller“ oder Koordinator fungiert und Entscheidungen in der Linie getroffen werden,.
Experten-Fazit: Die Sinnhaftigkeit ergibt sich aus der Ökonomie der Mittel. Man „schießt nicht mit Kanonen auf Spatzen“. Wenn ein Projekt primär koordinativen Charakter hat und die Machtstrukturen des Unternehmens nicht antasten soll (um Widerstände zu vermeiden), ist die Einfluss-Projektorganisation ideal. Der Projektleiter muss hier jedoch über hohe soziale Kompetenz verfügen, da er ohne Macht führen muss („Führen ohne Macht“)"
"04.05.05 Organisation, Information und Dokumentation","Geben Sie ein Beispiel, wann der Einsatz einer Einfluss-(Stabs-)Projektorganisa-tion sinnvoll ist.","Es handelt sich um ein zeitlich kurzes Projekt mit wenig Komplexität, zum Beispiel die Organisation einer Weihnachtsfeier in einem mittelständischem Unternehmen.",
"04.05.05 Organisation, Information und Dokumentation","In agilen Projekten wird ein Scrum Team mit festen Rollen definiert. Welche organisatorischen Aussagen gelten für ein Scrum Team? Markieren Sie die falsche Antwort.
Problemstellung
A) In einem Scrum Team gibt es keine Teilteams oder Hierarchien
B) Ein Scrum Team hat fest definierte Rollen; Scrum Master, Product Owner und Entwickler
C) Das Scrum Team ist umsetzungsverantwortlich (responsible) für alle produktbezogenen Aktivitäten
D) Das Scrum Team sollte mindestens 10 Mitglieder haben, damit alle Rollen besetzt werden können","d) Das scrum Team sollte mindestens 10 Mitglieder haben, damit alle Rollen besetzt werden können.",
"04.05.05 Organisation, Information und Dokumentation","In agilen Projekten wird ein Scrum Team mit festen Rollen definiert. Welche Rollen sollten in einem Scrum Team besetzt werden? Markieren Sie die falsche Antwort.
A) Projektleiter
B) Scrum Master
C) Product Owner
D) Entwickler
",A) Projektleiter,
"04.05.05 Organisation, Information und Dokumentation","In agilen Projekten wird in der Regel ein Scrumteam mit festen Rollen und Verantwortung definiert. Wofür ist ein Product Owner verantwortlich? Markieren Sie die falsche Antwort 
a)Ergebnis Verantwortung für die Maximierung des Wertes des Produkts der sich aus der Arbeit des Scrumteams ergibt 
b) Das Produkt Ziel  zu entwickeln und explizit zu kommunizieren 
c) Die Reihenfolge der Product-Backlogeinträge festzulegen 
d) Sprint Reviews mit dem Kunden durchzuführen ",d) Sprint Reviews mit dem Kunden durchzuführen - macht das Team gemeinsam,
"04.05.05 Organisation, Information und Dokumentation",In welcher Norm finden Sie Angaben zur Dokumentationspflicht?,"Zum Beispiel in der ISO 9001 (Qualitätsmanagement).
ISO 9001:2015 / ISO 21500,
DIN 69901, PMBOK","ISO 21500 → beschreibt ebenfalls Prozesse inkl. Dokumentation
aber DIN 69901 ist die Standardantwort in Deutschland
Die internationale Norm ISO 21500 war der erste weltweit anerkannte Leitfaden für Projektmanagement, der Grundlagen und Prozesse definierte. Sie wurde inzwischen durch den erweiterten Standard ISO 21502:2020 (veröffentlicht als DIN ISO 21502) abgelöst
DIN ISO 10006:2020-10 Qualitätsmanagement - Leitfaden für Qualitätsmanagement in Projekten"
"04.05.05 Organisation, Information und Dokumentation","Nennen Sie 2 Berichte, die im Projekt auftauchen und nennen Sie 2 Spalten","Projektstatusbericht, Abschlussbericht, Erfahrungsbericht (Lessons learned), Abnahmeprotokolle; 2 Spalten: Planwert, aktueller Wert
/Statusbericht: Status Kosten, Termine, Leistung, Gesamt
Projektabschlussbericht: Projektnummer, Projektziel",
"04.05.05 Organisation, Information und Dokumentation","Nennen Sie 4 Rollen, Gremien oder Akteure in einem Projekt","1. Projektleiter (verantwortet Planung, Steuerung und Zielerreichung).  
2. Projektteam (führt operative Aufgaben aus).  
3. Auftraggeber/Projektsponsor (stellt Ressourcen bereit und trifft strategische Entscheidungen).  
4. Lenkungsausschuss (überwacht Fortschritt und entscheidet bei Konflikten).

Projektleiter (Koordinator)
Lenkungsausschuss (Gremium für Entscheidungen)
Entwicklungsteam (Umsetzer)
Sponsor/Auftraggeber (Besteller)",
"04.05.05 Organisation, Information und Dokumentation","Nennen Sie Dokumente,die in eine Dokumentenmatrix aufgenommen werden sollen bei der Entwicklung einer neuen Produktionsmaschine.","Produkt-Scope, den die Maschine bearbeiten soll; Spezifikation der Maschine, Bedienungs- und Wartungsanleitung, Prozessablauf, FMEA, eingesetzte Materialien",
"04.05.05 Organisation, Information und Dokumentation",Nennen Sie ein Beispiel für einen zeitorientierten Bericht.,"Statusbericht, oder Fortschrittsbericht, Projektstatusbericht,
Arbeitspaket Statusbericht, ",
"04.05.05 Organisation, Information und Dokumentation","Sie arbeiten im Projekt ""Integration neue Produktionsmaschine in Halle 1 mit, nennen sie beispielhaft 3 Informationsquellen","Projekthandbuch, PMO ,Projektlogbuch
Alternativ:
3 realistische Informationsquellen für das Maschinenprojekt:
✓ Technische Doku (vom Hersteller)
✓ Stakeholder-Input (Menschen die damit arbeiten)
✓ Infrastruktur-Daten (Bestandsinformationen)

Technische Dokumentation des Maschinenherstellers
Bedienungsanleitung, Installationshandbuch, technische Spezifikationen

Statusbericht, Meetingprotokoll, Pflichtenheft
Quelle: Herstellerdokumentation, Schnittstellen-Dokumentation
Stakeholder-Interviews & Anforderungen
Interviews mit Schichtleiter, Maschinenbedienern, Wartungstechnikern
Deren Erfahrungen, Anforderungen, Bedenken
Quelle: Direktes Gespräch, Anforderungsworkshops
Bestandsdaten & Infrastruktur-Informationen
Raumplan Halle 1, Stromversorgung, Anbindung bestehender Systeme
Verfügbare Platzbedarf, Umgebungsbedingungen, Sicherheitsvorschriften
Quelle: Facility Management, Betriebsleitung, Baupläne, Safety-Richtlinien

Stakeholderanlyse:
1. Mitarbeiter in der Produktion
2. Maschinenbauer
3. Management
4. Projektleitung
5. Technischer Support/Wartungsservice

Alternativantwort:
1. Mitarbeiter
2. Produktionsleiter
3. Projektmanager
4. Auftraggeber
5. Lenkungsausschuss, GL
6. Stakeholder: Maschinenhersteller, Anwohner
",
"04.05.05 Organisation, Information und Dokumentation",Sie arbeiten im Projekt X welches als Matrix Projektorganisation aufgesetzt wurde: Ein Mitarbeiter (MA) A ist mit 40% Zurdnung zum Projekt x angegeben. Bei 40 Arbeitsstunden pro Woche: Wie viel Stunden arbeitet der Mitarbeiter für das Projekt X,"40 Stunden×0,40 = 16 Stunden pro Woche",
"04.05.05 Organisation, Information und Dokumentation","Sie erstellen eine Berichtsbedarfsmatrix. Nennen sie zwei Berichte, die Sie im Projekt erstellen. Nennen sie Vier Spalten für diese Berichte.","Projektstatusbericht
Milestone Bericht
Phasenabschluss Bericht
Risikobericht
Spalten für die Berichtsbedarfsmatrix:
Berichtsname: Der Name des Berichts, z.B. ""Projektstatusbericht"" oder ""Risikoanalysebericht"".
Empfänger: Die Stakeholder oder Teammitglieder, die den Bericht erhalten sollen.
Häufigkeit: Wie oft der Bericht erstellt und verteilt wird, z.B. wöchentlich, monatlich.
Verantwortlicher: Die Person oder das Team, das für die Erstellung und Verteilung des Berichts verantwortlich ist.",
"04.05.05 Organisation, Information und Dokumentation","Sie erstellen eine Kommunikations-Berichtsmatrix. Beschreiben Sie zwei (2) Berichte, die Sie im Projekt erstellen. Nennen Sie vier Spalten für diese Berichte.","Statusbericht: Thema | Stand | Abweichung | Maßnahmen
Risikobericht: Risiko | Wahrscheinlichkeit | Auswirkung | Maßnahmen
Spalten der Matrix: Was , Wem, Wann, Wer","Sie erstellen eine Berichtsbedarfsmatrix. Nennen sie zwei Berichte, die Sie im Projekt erstellen. Nennen sie Vier Spalten für diese Berichte.
Für eine Berichtsbedarfsmatrix (auch Informationsbedarfsmatrix oder Berichtsplan genannt) können Sie im Projekt beispielsweise folgende zwei Berichte erstellen:
Statusbericht (z.B. Projektstatusbericht oder Cockpit-Bericht)
Abschlussbericht (z.B. Detaillierter Projektabschlussbericht)
(Weitere gängige Berichtsarten sind unter anderem der Terminbericht, der Kostenbericht oder der Ampelbericht.)
Um die Erstellung und Verteilung dieser Berichte klar zu strukturieren, sollte die Matrix Regelungen festlegen. Vier typische Spalten für Ihre Berichtsbedarfsmatrix sind:
Berichtsart: Um welchen Bericht handelt es sich (Inhalt und Form)?
Berichterstatter (Ersteller): Wer ist für die Erstellung des Berichts verantwortlich?
Empfängerkreis: Wer erhält den Bericht (z.B. Geschäftsleitung, Lenkungsausschuss, Projektteam)?
Berichtshäufigkeit (Turnus): Wie oft oder zu welchen Zeitpunkten wird der Bericht erstellt (z.B. wöchentlich, monatlich oder zu bestimmten Meilensteinen)?

 Sie erstellen eine Kommunikations-Berichtsmatrix. Beschreiben Sie zwei (2) Berichte, die Sie im Projekt erstellen. Nennen Sie vier Spalten für diese Berichte.
Statusbericht: monatlich vom Projektleiter an Lenkungsausschuss.
Prüfprotokoll: bei Bedarf vom Prüfer an die zuständige Stelle. 
Risikobericht: bei Bedarf oder monatlich vom Projektleiter an Auftraggeber.
Spalten der Matrix: Häufigkeit, Sender, Empfänger, Medium, 
Spalten des Berichts: Titel, Ersteller, Inhalt, Berichtsnummer/Version, Ergebnis."
"04.05.05 Organisation, Information und Dokumentation",Sie führen ein Solar*Projekt in Nordafrika durch. Welche Anforderungen haben Sie an Ihre Mitarbeiter?,"Qualifikation/Kenntnisse
Motivation/Reisebereitschaft
Sprache/Kommunikation/
Sozialkompetenz
Kulturelles Bewusstsein (Religion, Landesgepflogenheiten)
keine Impfgegner (Arbeitsschutz)
Einreisebestimmungen / Visa
Rechtsspezialisten
Sicherheitspersonal….
",
"04.05.05 Organisation, Information und Dokumentation","Sie sind Mitarbeiter des Entwicklungsteams im Projekt A ""Entwicklung neue Produktionsmaschine"", geben sie beispielhaft 2 Dokumente an die in eine Dokumentenmatrix aufgenommen werden sollten","1: Lastenheft (WAS wird gebaut?)
2: Konstruktionszeichnungen (WIE wird es gebaut?)
Jedes mit den 6 Matrix-Spalten gefüllt (Ersteller, Empfänger, Form, Häufigkeit, Freigabe).","In die Dokumentenmatrix kommen alle entwicklungsrelevanten Dokumente, die erstellt, genutzt oder weitergegeben werden (die im Projekt zusammenkommen, während seiner gesamter Lebensdauer)"
"04.05.05 Organisation, Information und Dokumentation",Was besagt das Kongruenzprinzip?,"Das Kongruenzprinzip besagt, dass Übereinstimmung (Kongruenz) zwischen Aufgabe, Kompetenz und Verantwortung (AKVs, s. Kap. 3.3.5.6) verlangt wird und keine Widersprüche erkennbar sein dürfen. Nur, wenn der Rolleninhaber für die Aufgabendurchführung erforderlichen Durchführungs- und Leitungskompetenzen besitzt, kann sie oder er auch für die Ergebnisse ihrer oder seiner Tätigkeit Verantwortung tragen.","Aufgaben, Kompetenzen und Verantwortung müssen deckungsgleich sein"
"04.05.05 Organisation, Information und Dokumentation",Was besagt das Kongruenzprinzip? Gib eine mögliche Anwendung/Beispiel an.,"Das Kongruenzprinzip besagt, dass Aufgaben, Verantwortung und Kompetenzen einer Person übereinstimmen müssen, um seine Rolle im Projekt ausführen zu können.
Bsp.: Wenn eine Person für das Qualitätsmanagement verantwortlich ist, muss sie die entsprechende Entscheidungskompetenz besitzen, um Maßnahmen durchzusetzen.
","Der wichtigste Aspekt eines Projektlogbuchs ist die lückenlose Nachvollziehbarkeit des Projektverlaufs durch die chronologische Dokumentation, wer zu welchem Zeitpunkt welche Tätigkeit mit welchem Ergebnis durchgeführt hat,. Es dient als „Gedächtnis“ des Projekts, um den aktuellen Bearbeitungsstand sowie noch offene Punkte (To-Dos) jederzeit im Blick zu behalten und individuelle Teamleistungen transparent zu machen,. In der professionellen Praxis fungiert es zudem oft als beweissichernde „Kladde“, um Ereignisse, Absprachen und Entscheidungen festzuhalten, die in formalen Statusberichten keinen Platz finden"
"04.05.05 Organisation, Information und Dokumentation",Was besagt die RACI*Matrix?,"Die RACI-Matrix definiert Verantwortlichkeiten im Projektteam (Responsible, Accountable, Consulted, Informed). Sie verhindert Missverständnisse durch klare Aufgaben- und Verantwortungszuordnung, ohne Befugnisse zu regeln.",
"04.05.05 Organisation, Information und Dokumentation",Was enthält eine Dokumentenbedarfsmatrix (Unterlagenbedarfsmatrix)?,"eine Matrix mit einer Aufstellung der benötigten Unterlagen bzg. Dokumenttenarten in Beziehung zu den Projektarten
Beispiel: Projektobjekte: Motor, Karrossereie, Bremsen - Unterlagenarten: Konstruktionszeichnung, Verfahrensanweisung, Prüfbericht",
"04.05.05 Organisation, Information und Dokumentation",Was ist das Projektlogbuch?,"Ein Projektlogbuch dokumentiert chronologisch alle wichtigen Ereignisse, Entscheidungen und Fortschritte im Projekt.","Ein Projektlogbuch (oder Projekttagebuch) ist eine chronologische Dokumentation aller wichtigen Ereignisse, Entscheidungen und Fortschritte während eines Projekts. Es dient als Gedächtnisstütze und transparentes Nachschlagewerk, um den tatsächlichen Ablauf festzuhalten und aus Fehlern für zukünftige Projekte zu lernen.
• Stammdaten: Projektname, Projektleiter, Datum und aktueller Bearbeitungsstand.
• Vorkommnisse: Wichtige Gespräche, Telefonate und getroffene Entscheidungen.
• Abweichungen: Probleme, Verzögerungen, Budgetänderungen oder Risiken.
• Lessons Learned: Erkenntnisse, die für zukünftige Projekte festgehalten werden"
"04.05.05 Organisation, Information und Dokumentation",Was ist die Aufgabe eines Dokumentenablage und -Managment Systems (DMS)?,"datenbankgestütztes Software-System, das zur Verwaltung, Verteilung, Speicherung, Versionierung,  und Organisation von digitalen Dokumenten und Daten eingesetzt wird (v.a. bei komplexer und/oder dynamischer Projektdokumentation)",
"04.05.05 Organisation, Information und Dokumentation",Was ist ein Projektlogbuch? Was ist der Nutzen eines Projektlogbuchs?,"Ein Projektlogbuch dokumentiert chronologisch alle wichtigen Ereignisse, Entscheidungen und Fortschritte im Projekt.
Nutzen:
Beweisführung
Transparenz und Nachvollziehbarkeit
Unterstützung bei ""Lessons Learned""
Schneller Überblick für Teammitglieder",
"04.05.05 Organisation, Information und Dokumentation",Welche Bedeutung hat die Informationsbedarfsmatrix in einem Projekt? Nennen Sie drei (3) Spalten für diese Matrix.,"Legt fest, welche Informationen im Projekt an wen, wann und wie kommuniziert werden; dient der effizienten Planung und Steuerung der Projektkommunikation

1. Empfänger (z. B. Stakeholder oder Teammitglieder)
2. Inhalt (z. B. Statusberichte, Protokolle)
3. Zeitpunkt/Frequenz (z. B. wöchentlich, Meilenstein-basiert)
",
"04.05.05 Organisation, Information und Dokumentation",Welche Bedeutung hat ein Projekthandbuch?,"Ein Projekthandbuch enthält alle relevanten Informationen, Vorgaben, Dokumente und Standards für die Planung und Durchführung eines spezifischen Projekts und die daraus resultierenden Ergebnisse.",
"04.05.05 Organisation, Information und Dokumentation",Welche Berichtsarten gibt es?,"Zeitorientierte Berichte (z. B. Statusberichte, erstellt zu festen Zeitpunkten)
Ereignisorientierte / Unregelmäßige Berichte (Die „Alarmglocke“)
Ergebnis- & Phasenorientierte Berichte (Die „Meilensteine“)
Zentrales Steuerungsdokument:
• Regeln, Prozesse, Rollen
• Vorgehensmodell
• Standards & Methoden
• Absicherung bezüglich Vorgehensweise bei Regeln/Leitlinien",
"04.05.05 Organisation, Information und Dokumentation",Welche Dokumente werden in einer Dokumentenmatrix abgelegt? Geben Sie zwei Dokumententypen an.,"Die Dokumentenmatrix ist eine Liste aller Dokumente als Übersicht auf Vollständigkeit und Status. Dokumententyp: Lagepläne, Zeichnungen, Leistungsverzeichnisse, Berichte

- Formblätter
- Checklisten
a. Vertragsdokumente
b. Berichte
c. Protokolle
d. Technische Dokumentationen",
"04.05.05 Organisation, Information und Dokumentation",Welche Norm gilt für die Dokumentation?,"1. DIN 69901 
2. ISO 9001:2015
3. Good Manufacturing Practice (GMP)
4. PMBok
",
"04.05.05 Organisation, Information und Dokumentation",Welche Spalten enthält die Berichtsbedarfsmatrix?,"Dokumentenart
Ersteller
Empfänger
Form (z. B. digital, schriftlich)
Häufigkeit der Erstellung",
"04.05.05 Organisation, Information und Dokumentation","Wie ist das Kongruenzprinzip definiert? Geben Sie anhand eines Beispiels an, was bei der Verletzung des Kongruenzprinzips im Projekt passieren kann.","AKV, d.h. Aufgaben, Kompetenzen und Verantwortlichkeiten müssen sich decken. So kann z.B. der Budgetverantwortliche (Aufgabe) nur dann arbeiten, wenn er Zugriff auf die Finanzdaten erhält (Kompetenz).
Übereinstimmung (Kongruenz) zwischen Aufgabe, Kompetenz und Verantwortung.
Personen können Aufgaben nicht übernehmen weil sie die dazu erf. Kenntnisse nicht haben.
Aufgaben können nicht oder ungenügend erledigt werden. Frust bei Mitarbeitern.","—> zu viel Kompetenz kann zu Machtmissbrauch führen, während zu wenig Kompetenz bei großer Verantwortung zu Burnout führen kann"
"04.05.05 Organisation, Information und Dokumentation",Wie kann eine Dokumentenmanagementsystem (DMS) das Projektmanagement unterstützen?,"Es kann das Projektmanagement unterstützen indem alle Projektmitarbeiter auf wichtige Dokumente zugreifen können, diese sind jederzeit änderbar, aktuell, eindeutig, identifizierbar, standardisiert, vollständig, (Nomenklatur).
A) Es verringert die Recherchezeit.
B) Es dient als zentraler Speicher- und Archivierungsort, sodass projektweit verteilte kleine, isolierte Informationsinseln vermieden werden.
C) Es hilft bei der Einhaltung von Regularien und Vorgaben.",
"04.05.05 Organisation, Information und Dokumentation",Wozu dient die Informations*Bedarfsmatrix? Wofür könnte sie als Voraussetzung dienen?,"WOZU: Ein Instrument des Kommunikationsplanung.
WOFÜR: Sie dient für die Planung, Entwicklung und Umsetzung eines Kommunikationsplanes. Unter Zuordnung von Berichtsarten und Empfängerkreis (S.245).

Alternativantwort:
WOZU: 
Die Informations-Bedarfsmatrix verknüpft Berichtsart mit Empfängern. Voraussetzung für den Kommunikationsplan
WOFÜR: 
Die Informations-Bedarfsmatrix dient dazu, den Informationsbedarf innerhalb eines Projekts oder einer Organisation systematisch zu erfassen und zu strukturieren. Sie hilft dabei, zu klären, wer welche Informationen wann und in welcher Form benötigt, um seine Aufgaben effizient zu erfüllen. Dabei werden typischerweise die verschiedenen Projektbeteiligten (z. B. Teammitglieder, Manager, Kunden) und ihre spezifischen Informationsbedarfe erfasst.
",
"04.05.05 Organisation, Information und Dokumentation",Wozu ist das DMS (Dokumentenmanagementsystem) gut und was sind seine Funktionen?,"Ein Dokumentenmanagementsystem (DMS) dient der zentralen Verwaltung, Organisation und Archivierung von Dokumenten in digitaler Form. Es verbessert die Zusammenarbeit durch Funktionen wie Versionierung, automatisierte Workflows, Volltextsuche, Rechteverwaltung und revisionssichere Ablage.","1. Wozu ist das DMS gut? (Der Nutzen)
Aus der Sicht des Senior Dozenten (Fokus: Rechtssicherheit & Effizienz)
Ein DMS wird eingesetzt, um das Chaos unstrukturierter Datenablagen zu verhindern und Rechtssicherheit zu gewährleisten. Die Quellen nennen folgende Hauptnutzen:
• Sicherung der Transparenz: Es macht jederzeit nachvollziehbar, wer wann was entschieden oder geändert hat. Dies ist die Basis für das Claim Management (Nachforderungsmanagement), um bei Streitigkeiten beweisen zu können, was vereinbart war.
• Revisionssicherheit & Compliance: Viele Normen (z. B. ISO 9001, GMP in der Pharma-Branche) fordern zwingend, dass Dokumente gelenkt werden (Wer hat geprüft? Wer hat freigegeben?). Das DMS erzwingt diese Prozesse technisch und sichert die Einhaltung gesetzlicher Vorschriften,.
• Wissenstransfer & Reproduzierbarkeit: Es stellt sicher, dass Informationen nicht auf lokalen Festplatten von Mitarbeitern „verloren gehen“, sondern dem gesamten Team zur Verfügung stehen und Informationen auch später wiedergefunden werden können.
• Vermeidung von Fehlern: Durch die zentrale Verwaltung wird verhindert, dass Teammitglieder mit veralteten Plänen oder Spezifikationen arbeiten (Vermeidung von Redundanzen und Inkonsistenzen),.

--------------------------------------------------------------------------------
2. Was sind die Funktionen eines DMS?
Aus der Sicht des Instructional Designers (Fokus: Der Dokumenten-Lebenszyklus)
Ein DMS bildet den gesamten Lebensweg eines Dokuments technisch ab. Die Quellen definieren folgende Kernfunktionen, die Sie kennen müssen,:
A. Erfassung & Speicherung (Input)
• Indizierung: Jedes Dokument wird mit Metadaten versehen (z. B. Autor, Datum, Dokumentenart, Projektnummer), um es später gezielt wiederzufinden (Suchfunktion).
• Nomenklatur: Das System kann die Einhaltung von Namenskonventionen erzwingen (z. B. Projekt_Bericht_V1.pdf).
B. Bearbeitung & Lenkung (Throughput)
Das ist das Herzstück des DMS.
• Versionierung: Das System erstellt automatisch neue Versionen (v1.0 → v1.1), wenn ein Dokument bearbeitet wird. Alte Stände bleiben erhalten, werden aber archiviert. So wird das Überschreiben wichtiger Stände verhindert,,.
• Workflow-Steuerung (Freigabe): Das DMS leitet Dokumente digital weiter. Beispiel: Ein Mitarbeiter erstellt einen Plan → das DMS benachrichtigt den Prüfer → nach Prüfung benachrichtigt es den Projektleiter zur Freigabe. Erst nach Freigabe gilt das Dokument als „gültig“,.
• Check-in / Check-out: Wenn jemand ein Dokument bearbeitet, wird es für andere gesperrt, um Konflikte durch gleichzeitiges Speichern zu verhindern.
C. Zugriff & Sicherheit (Security)
• Berechtigungskonzept: Das DMS regelt genau, wer ein Dokument nur lesen, wer es bearbeiten und wer es löschen darf (Lese- und Schreibrechte).
• Verteilung: Sicherstellung, dass die richtigen Personen Zugriff auf die für sie relevanten Informationen erhalten, ohne durch eine „Informationsflut“ unnötiger Dokumente belastet zu werden.
D. Archivierung & Löschung (Output/End of Life)
• Langzeitarchivierung: Sichere Aufbewahrung abgeschlossener Dokumente gemäß den gesetzlichen Aufbewahrungsfristen,.
• Geregelte Löschung: Vernichtung von Daten nach Ablauf der Fristen (Datenschutz).

--------------------------------------------------------------------------------
3. Kognitive Verknüpfung: DMS vs. Dokumentenmatrix
Aus der Sicht des Learning Scientists (Fokus: Verstehen des Unterschieds)
Um das Konzept in der Prüfung sicher abzugrenzen, merken Sie sich folgendes Bild:
• Die Dokumentenmatrix (oder Dokumentenbedarfsmatrix) ist der Bauplan. Sie ist eine Liste/Tabelle, die definiert, welche Dokumente wir brauchen, wer sie erstellt und welchen Status sie haben („Soll“ und „Status-Übersicht“),.
• Das DMS ist der Tresor und das Fließband. Es ist die Software/Datenbank, in der die Dateien physisch liegen, geschützt werden und durch die sie von Person zu Person (Workflow) geleitet werden,.
Zusammenfassung für die Praxis: Das DMS ist das Werkzeug, um die Anforderungen an die Dokumentation (Aktualität, Eindeutigkeit, Vollständigkeit, Änderbarkeit) technisch durchzusetzen, die im Projektmanagement-Handbuch definiert wurden,.

1. Wozu ist es gut? (Der Nutzen)
Das DMS ist das „digitale Gedächtnis“ des Projekts. Sein Hauptzweck ist die Rechtssicherheit und Effizienz:
• Revisionssicherheit & Claim Management: Es sichert Beweise für spätere Nachforderungen, indem es unveränderbar festhält, wer wann was genehmigt oder geändert hat.
• Single Point of Truth: Es verhindert Fehler durch die Arbeit mit veralteten Plänen, da alle auf denselben, aktuellen Datenbestand zugreifen (Vermeidung von Redundanz und Inkonsistenz).
2. Was sind die Kernfunktionen?
Das DMS bildet den gesamten Lebenszyklus eines Dokuments technisch ab:
1. Erfassung & Indizierung: Dokumente werden mit Metadaten (Schlagworte, Datum, Autor) versehen, um sie gezielt wiederzufinden (Suchfunktion).
2. Versionierung: Änderungen erzeugen automatisch neue Versionen (v1.0 → v1.1). Alte Stände bleiben erhalten, werden aber archiviert, sodass der Verlauf lückenlos nachvollziehbar ist.
3. Workflow & Lenkung: Das System steuert Prüf- und Freigabeprozesse (z. B. Weiterleitung an den Projektleiter zur Unterschrift).
4. Archivierung: Sichere, langfristige Aufbewahrung und geregelte Löschung nach Fristablauf.
3. Der entscheidende Unterschied (Merk-Hilfe)
• Die Dokumentenmatrix ist die „Speisekarte“ (eine Liste, die zeigt, was es gibt und welchen Status es hat).
• Das DMS ist der „Kühlschrank“ (der Ort, an dem die Dokumente physisch liegen, frisch gehalten und herausgenommen werden)"
04.05.07 Kosten und Finanzierung,Für eine Kostenschätzung haben Sie 5 Experten ausgwählt. Wie gehen Sie bei der Delphi-Methode vor?,"1. Expertenbefragung: Jeder Experte schätzt die Kosten unabhängig und anonym.
2. Zusammenfassung: Die Schätzungen werden gesammelt und anonymisiert.
3. Feedback-Runde: Ergebnisse und Abweichungen werden den Experten vorgelegt, gefolgt von einer erneuten Schätzung.
4. Iterationen: Dieser Prozess wird wiederholt, bis ein Konsens erreicht wird.
5. Ergebnisdokumentation: Finaler Schätzwert wird dokumentiert.",Für eine Kostenschätzung haben Sie 5 Experten ausgwählt. Wie gehen Sie bei der Delphi-Methode vor?
04.05.07 Kosten und Finanzierung,"Warum kommt die Kostensummenlinie beim Hausbau vor?
/
Beschreiben Sie den Nutzen einer Kosten Summlinie für die Finanzierung eines Hausbauprojektes ",Die Kostensummenlinie beim Hausbau dient zur Visualisierung der kumulierten Projektkosten im Zeitverlauf. Sie ermöglicht das Projektcontrolling durch Gegenüberstellung von Plan- und Ist-Kosten,"Warum kommt die Kostensummenlinie beim Hausbau vor?
/
Beschreiben Sie den Nutzen einer Kosten Summlinie für die Finanzierung eines Hausbauprojektes "
04.05.07 Kosten und Finanzierung,Was ist der Vorteil einer Schätzklausur gegenüber einer Einzelschätzung?,"Schätzklausuren liefern präzisere Ergebnisse durch diverse Perspektiven, vermeiden subjektive Fehleinschätzungen und fördern Teamidentifikation mit den Schätzergebnissen.",Was ist der Vorteil einer Schätzklausur gegenüber einer Einzelschätzung?
04.05.07 Kosten und Finanzierung,Was stellt die Kostensummenlinie dar? Geben Sie die x- und y-Achse an.,"Die Kostensummenlinie stellt die kumulierten (aufaddierten) Projektkosten über die Zeit dar. Sie zeigt die Gesamtkostenentwicklung und ermöglicht den Vergleich zwischen Plan- und Ist-Kosten.
X-Achse: Zeit (KW, Monate, Projektphasen)
Y-Achse: Kumulierte Kosten (€)",Was stellt die Kostensummenlinie dar? Geben Sie die x- und y-Achse an.
04.05.07 Kosten und Finanzierung,Was wird auf einer Kostenganglinie dargestellt? Nennen Sie die Bezeichnung der x- und y-Achse der Kostenganglinie.,"Über den Verlauf der Zeit (x-Achse,  i.d.R. pro Kalenderwoche) werden die Kosten pro Zeiteinheit (y-Achse, €) dargestellt.",Was wird auf einer Kostenganglinie dargestellt? Nennen Sie die Bezeichnung der x- und y-Achse der Kostenganglinie.
04.05.07 Kosten und Finanzierung,Welche Aussagekraft haben die 3 Punkte bei der 3 - Punkte - Schätzung das Projektaufwandes beziehungsweise der Kosten ?,"Die 3-Punkte-Schätzung (PERT-Methode) arbeitet mit drei Szenarien:
Optimistische Schätzung (O): Bestes Szenario, alles läuft ideal
Pessimistische Schätzung (P): Schlechtestes Szenario, Probleme treten auf
Wahrscheinlichste Schätzung (M): Realistisches Szenario basierend auf Erfahrung
Aussagekraft: Sie berücksichtigt Unsicherheiten und Risiken und berechnet einen gewichteten Erwartungswert z. B. [ PERT-Formel: tE = (O + 4M + P) / 6  ]. Dies liefert eine robustere, realistischere Schätzung als einfache Einzelschätzungen und ermöglicht bessere Risikoabschätzung.",Welche Aussagekraft haben die 3 Punkte bei der 3 - Punkte - Schätzung das Projektaufwandes beziehungsweise der Kosten ?
04.05.07 Kosten und Finanzierung,Wie kann die Finanz- und Controlling-Abteilung den Projektleiter im Projekt unterstützen?,"Budgetplanung und -überwachung, um finanzielle Mittel sicherzustellen und Abweichungen frühzeitig zu erkennen.

Analyse von Plan-Ist-Abweichungen bei Kosten, Terminen und Ressourcen sowie Vorschläge für Gegenmaßnahmen.

Bereitstellung von Finanzkennzahlen und Unterstützung bei der Erstellung von Berichten, Forecasts oder Business Cases.

Sicherstellung der Liquidität und Überwachung der Projektwirtschaftlichkeit",Wie kann die Finanz- und Controlling-Abteilung den Projektleiter im Projekt unterstützen?
04.05.08 Ressourcen,Bezeichnungen der x- und y-Achse eine Ressourcen-ganglinie.,Anzahl der Ressourcen (y-Achse) gegenüber Zeiteinheit (x-Achse),Bezeichnungen der x- und y-Achse eine Ressourcen-ganglinie.
04.05.08 Ressourcen,Ein Mitarbeiter arbeitet 40 Stunden pro Woche und sein Arbeitsanteil am Projekt beträgt 40%. Wie viele Stunden arbeitet er pro Woche für das Projekt?,16 Stunden,Ein Mitarbeiter arbeitet 40 Stunden pro Woche und sein Arbeitsanteil am Projekt beträgt 40%. Wie viele Stunden arbeitet er pro Woche für das Projekt?
04.05.08 Ressourcen,Geben Sie 2 Argumente für die Durchführung eines Projektabschlussworkshop an ,Man bespricht im Punkt Lessons learned sowohl die gut gelungenen Prozesse/Methoden usw. als auch die weniger gut gelungenen und leitet daraus Optimierungen für zukünftige Projekte ab. Man verabschiedet die Teammitglieder unter Würdigung ihrer Leistung und motiviert sie damit für zukünftige Projekte. Sozialer Abschluss...,Geben Sie 2 Argumente für die Durchführung eines Projektabschlussworkshop an 
04.05.08 Ressourcen,Geben Sie die Bezeichnung einer x und y Achse einer Ressourcenganglinie an  ,"X-Achse: Zeit (z.B. Wochen, Monate)
Y-Achse: Ressourcenbedarf (z.B. Stunden, Menge, Kapazität)
Die Ressourcenganglinie zeigt also über den Projektzeitraum (X-Achse) den jeweiligen Bedarf an einer bestimmten Ressource (Y-Achse) an",Geben Sie die Bezeichnung einer x und y Achse einer Ressourcenganglinie an  
04.05.08 Ressourcen,"Geben Sie ein Beispiel, bei welcher Ressourcenart eine Qualifikation verlangt wird.","Personalressource: Schweißer beim Projekt Schiffsbau; 
Ein Beispiel ist die Ressourcenart ""Personal"": Für die Rolle eines Softwareentwicklers wird die Qualifikation ""Kenntnisse in Java-Programmierung"" verlangt.","Geben Sie ein Beispiel, bei welcher Ressourcenart eine Qualifikation verlangt wird."
04.05.08 Ressourcen,Geben Sie ein praktisches Beispiel für einer der 5S zum Kapazitätsausgleich in einem Ablauf- und Terminplan.,"Beispiel ""Splitten"": Ein Programmierprojekt wurde in Frontend- und Backend-Entwicklung aufgeteilt, die parallel von verschiedenen Teams bearbeitet werden, statt sequentiell vom selben Team. Dies reduziert die Gesamtdauer und gleicht Ressourcenauslastung aus.",Geben Sie ein praktisches Beispiel für einer der 5S zum Kapazitätsausgleich in einem Ablauf- und Terminplan.
04.05.08 Ressourcen,Nennen Sie 2 Vorzüge/Vorteile für einen Abschluss-Workshop.,Man bespricht im Punkt Lessons learned sowohl die gut gelungenen Prozesse/Methoden usw. als auch die weniger gut gelungenen und leitet daraus Optimierungen für zukünftige Projekte ab. Man verabschiedet die Teamer unter Würdigung ihrer Leistung und motiviert sie damit für zukünftige Projekte.,Nennen Sie 2 Vorzüge/Vorteile für einen Abschluss-Workshop.
04.05.08 Ressourcen,"Sie haben in Ihrem Projekt ermittelt, dass es im Projekt*Team noch nicht vorhandene Kompetenzen gibt. Was können Sie tun?","1. Schulungen/Weiterbildung: Gezielte Trainings für Teammitglieder organisieren. 
2. Coaching/Mentoring: Externe Experten oder erfahrene Kollegen einbinden. 
3. Ressourcenplanung anpassen: Zusätzliche Fachkräfte einstellen oder externe Dienstleister beauftragen. 
4. Aufgaben umverteilen: Kompetente Mitarbeiter außerhalb des Teams übernehmen relevante Aufgaben.

a. Kompetenzen im Sinne von Qualifikationen
i. externe Kompetenzen zukaufen
ii. Kompetenzen durch Schulungen/Weiterbildung/Coachings aufbauen
b. Kompetenzen im Sinne von Verantwortung/Weisungsbefugnis
i. Rücksprache halten mit dem Lenkungsausschuss, der Geschäftsführung, um diese nachzufordern
ii. Aufnahme eines Managers in das Projektteam
","Sie haben in Ihrem Projekt ermittelt, dass es im Projekt*Team noch nicht vorhandene Kompetenzen gibt. Was können Sie tun?"
04.05.08 Ressourcen,"Sie suchen für das Projekt ""Solaranlage in Nord-Afrika"" noch technische Mitarbeiter. Nennen Sie drei (3) Anforderungen an die gesuchten Mitarbeiter.","Technische Expertise in Solar-PV-Systemen, einschließlich Installation und Wartung.
Kenntnisse in elektrischen Systemen und Sicherheitsvorschriften (z. B. Umgang mit Hochspannung).
Anpassungsfähigkeit an raue Umgebungen und eigenständiges Arbeiten ohne direkte Aufsicht","Sie suchen für das Projekt ""Solaranlage in Nord-Afrika"" noch technische Mitarbeiter. Nennen Sie drei (3) Anforderungen an die gesuchten Mitarbeiter."
04.05.08 Ressourcen,Was sind Expertenbefragungen?,"Expertenbefragungen sind strukturierte oder unstrukturierte Interviews, in denen Fachleute ihr Wissen und ihre Einschätzungen zu spezifischen Themen oder Problemen teilen, um fundierte Entscheidungen zu unterstützen.

Instrument zur Risikoidentifikation, basierend auf Expertenwissen. Mittels eines mehrstufigen anonymen Befragungszyklus werden aus individuellen Schätzungen ein fundierter Gruppenkonsens.

Schätzung auf Basis der Erfahrung von Fachleuten, Expertinnen und Experten
- Delphi-Methode, Dreipunktschätzung",Was sind Expertenbefragungen?
04.05.08 Ressourcen,Was versteht man unter engpassorientierter Ressource? Geben Sie ein Beispiel.,"Eine für den Projekterfolg kritische Ressource, ein ""Flaschenhals"", deren nicht ausreichende Kapazität das Projekt schädigen kann. Beispiel: ein hochqualifizierter Mitarbeiter, der nicht dauerhaft zur Verfügung steht, ",Was versteht man unter engpassorientierter Ressource? Geben Sie ein Beispiel.
04.05.08 Ressourcen,Was versteht man unter Planning Poker?,"Planning Poker ist eine agile Schätztechnik, bei der Teammitglieder mit nummerierten Karten (Fibonacci-Reihe)
gleichzeitig  (verdeckt)  den Aufwand für Backlog-Items bewerten. Bei Unterschieden folgt Diskussion bis zum Konsens.
",Was versteht man unter Planning Poker?
04.05.08 Ressourcen,Welche Aussagekraft haben Kosten bei der 3-Punktschätzung?,"Die 3-Punkt-Schätzung liefert bei Kosten eine realistischere Bandbreite durch eine gewichtete Betrachtung mehrerer Werte (optimistisch, wahrscheinlich, pessimistisch) statt eines einzelnen Werts.

Da der optimistische, der wahrscheinliche und der pessimistische Wert gewichtet und verrechnet werden, liefert die Schätzung eine gute Annäherung an die Realität unter Berücksichtigung des spezifischen Kontextes. ",Welche Aussagekraft haben Kosten bei der 3-Punktschätzung?
04.05.08 Ressourcen,Welche Bedeutung hat die Unterdeckung und die Überdeckung in einer Ressourcenganglinie?,"Die Unterdeckung in einer Ressourcenganglinie zeigt, dass Ressourcenbedarf die verfügbare Kapazität übersteigt (Überlastung), während die Überdeckung anzeigt, dass mehr Kapazität verfügbar ist, als benötigt wird (Ineffizienz).
",Welche Bedeutung hat die Unterdeckung und die Überdeckung in einer Ressourcenganglinie?
04.05.08 Ressourcen,"Welche Ressourcenart hat eine Spezifikation?
/
Geben Sie anhand eines Beispiels an bei welcher Ressourcenart eine Spezifikation angegeben wird ","Materielle Ressource
Eine Ressourcenart mit Spezifikation ist die Sachressource (z.B. Maschine, Material, Werkzeug).
Beispiel:
Bei der Ressource ""Kran"" im Bauprojekt muss eine Spezifikation angegeben werden, z.B. Traglast 5 Tonnen oder Auslegerlänge 30 Meter, damit der Kran für die jeweilige Aufgabe geeignet ist.","Welche Ressourcenart hat eine Spezifikation?
/
Geben Sie anhand eines Beispiels an bei welcher Ressourcenart eine Spezifikation angegeben wird "
04.05.08 Ressourcen,Welche vier (4) Ressourcenarten können im Projektmanagement unterschieden werden?,"1. Personelle Ressourcen (Mitarbeiter / Human Ressource),
 2. Materielle Ressourcen (Sachmittel), 
3. Finanzielle Ressourcen (Financial Resources), 
4. Immateriellen Ressourcen  (Informationen & Wissen , Energie, Lizenzen und Patente)

",Welche vier (4) Ressourcenarten können im Projektmanagement unterschieden werden?
04.05.08 Ressourcen,Welche Vor* und Nachteile hat die Delphi*Methode?,"Die Delphi-Methode bietet Vorteile durch Anonymität, Expertenvielfalt und iterative Reflexion, hat aber Nachteile wie hohen Zeitaufwand, Expertenabhängigkeit und komplexe Erstellung und Auswertung.",Welche Vor* und Nachteile hat die Delphi*Methode?
04.05.08 Ressourcen,Wie vermeidet man eine Ressourcenüberdeckung?,"Genaue Planung & Kontrolle durch die Ressourcenganglinie & Anpassung / Ressourcenüberdeckung vermeidet man durch präzise Kapazitätsplanung, die Bedarf und Verfügbarkeit abgleicht, sowie flexible Anpassungen wie Umverteilung oder Zuweisung neuer Aufgaben. z.B.Stauchen: intensiverer Ressourceneinsatz in der Zeit.",Wie vermeidet man eine Ressourcenüberdeckung?
04.05.10 Planung und Steuerung,"Auch in agilen Projekten sind Berichte über den Projektfortschritt wichtig welche Aussagen gelten über einen Burn Down Chart markieren sie die falsche Antwort.
a) Burndown Chart ist ein Instrument zur Visualisierung des Fortschrittes und Steuerung in einem Sprint 
b)Burn Down chart zeigt den Restaufwand an der von den Entwicklern täglich geschätzt werden muss 
c)Burn Downchart hat auf der x Achse die Zeit und auf der Y Achse den Aufwand (zum Beispiel in Story Points )
d) Burn Down Chart wird vom Scram Master erstellt um den Budgetverbrauch ....
","d) Burn Down Chart wird vom Scram Master erstellt um den Budgetverbrauch .... (egal was da noch steht, das macht in der Regel und laut Scrum sicher nicht ein SM",
04.05.10 Planung und Steuerung,Im Vorgehensmodell ist Scrum gibt es die Retrospektive. Was entspricht dieser im klassischen / planbasierten Projektmanagement ,"Im klassischen bzw. planbasierten Projektmanagement entspricht die Retrospektive aus Scrum meist dem Lessons Learned Meeting oder der Projektabschlussbesprechung.
Hier reflektiert das Projektteam am Ende des Projekts (oder einer Phase) gemeinsam, was gut und schlecht lief, welche Erfahrungen gemacht wurden und welche Verbesserungen für zukünftige Projekte abgeleitet werden können.",
04.05.10 Planung und Steuerung,"Auch in agilen Projekten sind Berichte über den Projektfortschritt wichtig, welche Aussagen gelten über einen Burn Down Chart markieren sie die falsche Antwort.
a) Burndown Chart ist ein Instrument zur Visualisierung des Fortschrittes und Steuerung in einem Sprint 
b)Burn Down chart zeigt den Restaufwand an der von den Entwicklern täglich geschätzt werden muss 
c)Burn Downchart hat auf der x Achse die Zeit und auf der Y Achse den Aufwand (zum Beispiel in Story Points )
d) Burn Down Chart wird vom Scrum Master erstellt um den Budgetverbrauch ....
","d) Burn Down Chart wird vom Scrum Master erstellt um den Budgetverbrauch .... (egal was da noch steht, das macht in der Regel und laut Scrum sicher nicht ein SM, und es zeigt die verbleibende Arbeit und nicht Budget)","Auch in agilen Projekten sind Berichte über den Projektfortschritt wichtig, welche Aussagen gelten über einen Burn Down Chart markieren sie die falsche Antwort.
a) Burndown Chart ist ein Instrument zur Visualisierung des Fortschrittes und Steuerung in einem Sprint 
b)Burn Down chart zeigt den Restaufwand an der von den Entwicklern täglich geschätzt werden muss 
c)Burn Downchart hat auf der x Achse die Zeit und auf der Y Achse den Aufwand (zum Beispiel in Story Points )
d) Burn Down Chart wird vom Scrum Master erstellt um den Budgetverbrauch ....
"
04.05.10 Planung und Steuerung,"Beschreiben und begründen sie 5 Aspekte,  die in einem Projekt Steckbrief stehen sollten  ","Ein Projektsteckbrief bündelt als initiale Entscheidungsgrundlage präzise fünf Aspekte: Projektziele zur exakten Klärung des Leistungsumfangs, Termine/Meilensteine als verbindlichen zeitlichen Orientierungsrahmen, Ressourcen und Budget zur Sicherstellung der Machbarkeit, Rollen und Beteiligte zur Zuweisung von Verantwortlichkeiten sowie erste Risiken zur frühzeitigen Gefahrenabwehr 
/
Ein Projektsteckbrief sollte Ziele, Ausgangssituation, Projektumfang, grobe Terminplanung und Rollen enthalten. Dadurch werden Zweck und Nutzen begründet, der Leistungsumfang abgegrenzt sowie wesentliche Termine und Verantwortlichkeiten festgelegt. So entsteht eine klare gemeinsame Orientierung zu Beginn des Projekts.","Beschreiben und begründen sie 5 Aspekte,  die in einem Projekt Steckbrief stehen sollten  "
04.05.10 Planung und Steuerung,Ein Würfel in der Kubatur 50 x 50 x 50 soll als Sitzmöbel gebaut werden. Nenne 2 mögliche Konfigurationen.,"1. Holzsitzfläche, 2. Würfel aus Hartschaum 3.Bezugsmaterial Leder",Ein Würfel in der Kubatur 50 x 50 x 50 soll als Sitzmöbel gebaut werden. Nenne 2 mögliche Konfigurationen.
04.05.10 Planung und Steuerung,Erkläre das Burn-Down-Chart.,"Ein Burn-Down-Chart ist ein Diagramm, das den verbleibenden Arbeitsaufwand in einem Projekt oder Sprint über die Zeit darstellt. Es zeigt, wie schnell Aufgaben abgeschlossen werden und ob das Team im Zeitplan liegt.",Erkläre das Burn-Down-Chart.
04.05.10 Planung und Steuerung,Erläutern Sie zwei (2) Fortschritts(grad)*Messmethoden.,"- 0-100%: Begonnen 0% Erledigt 100%
- Statusschritte: Pro Statusschritt werden vorab festgelegte %-Schritte angegeben
0-100: 0%=offen, 100%=abgeschlossen, einfach, aber ungenau; 50-50: 0%=offen, 50%=begonnen, 100%= abgeschlossen, einfach aber genauer als 0100
",Erläutern Sie zwei (2) Fortschritts(grad)*Messmethoden.
04.05.10 Planung und Steuerung,"Formulieren Sie für einen Statusbericht inhaltliche, organisatorische und kaufmännische Informationen zum Arbeitspaket ""Elektroinstallationen Bad"" eines Hausbauprojekts.","Inhaltliche Information: die Elektroarbeit sind zu 60% abgeschlossen, Elektrokabel sind verlegt, Steckdosen und Lampen müssen noch angeschlossen werden. Organisatorische Informationen: die Personalkapazität wird um einen weiteren Mitarbeiter erhöht, um rechtzeitig die Arbeiten abschließen zu können. Kaufmännische Informationen: die Arbeiten werden im geplanten Kostenrahmen abgeschlossen.","Formulieren Sie für einen Statusbericht inhaltliche, organisatorische und kaufmännische Informationen zum Arbeitspaket ""Elektroinstallationen Bad"" eines Hausbauprojekts."
04.05.10 Planung und Steuerung,Geben Sie 2 Argumente für die Durchführung eines Projektabschluss Workshops an ,"Wissenstransfer & Lessons Learned: Der Workshop ermöglicht eine strukturierte Erfassung von Erfahrungen, Best Practices und Fehlern. Diese Erkenntnisse werden dokumentiert und für zukünftige Projekte nutzbar gemacht – ein wesentlicher Bestandteil des organisationalen Lernens.
Stakeholder-Abschluss & Anerkennung: Der Workshop bietet eine formale Projektabnahme und -würdigung aller Beteiligten (Team, Kunden, Stakeholder). Dies schließt das Projekt emotional und administrativ ab, stärkt die Teamzufriedenheit und dokumentiert die erfolgreiche Projektbeendigung.",Geben Sie 2 Argumente für die Durchführung eines Projektabschluss Workshops an 
04.05.10 Planung und Steuerung,Im Vorgehensmodell Scrum gibt es die Retrospektive. Was entspricht dieser im klassischen / planbasierten Projektmanagement ,"Im klassischen bzw. planbasierten Projektmanagement entspricht die Retrospektive aus Scrum meist dem Lessons Learned Meeting oder der Projektabschlussbesprechung.
Hier reflektiert das Projektteam am Ende des Projekts (oder einer Phase) gemeinsam, was gut und schlecht lief, welche Erfahrungen gemacht wurden und welche Verbesserungen für zukünftige Projekte abgeleitet werden können.",Im Vorgehensmodell Scrum gibt es die Retrospektive. Was entspricht dieser im klassischen / planbasierten Projektmanagement 
04.05.10 Planung und Steuerung,Lessons Learned: Wozu dient Lessons Learned?,"Lessons Learned dienen dazu, Erfahrungen aus einem Projekt systematisch zu analysieren, um Erfolge zu wiederholen und Fehler in zukünftigen Projekten zu vermeiden.",Lessons Learned: Wozu dient Lessons Learned?
04.05.10 Planung und Steuerung,Nenne 4 Beispiele für die Fortschrittsmessung und beschreibe eine davon!,"Statusschritt, Mengen- und 
Zeitproportionalität
50/50-Methode
0/100-Methode
Beschreibung der 50/50-Methode:
50% werden bei Beginn, 50% bei Abschluss angerechnet. Einfach anzuwenden, aber ungenau bei unterschiedlich aufwendigen Aufgaben.",Nenne 4 Beispiele für die Fortschrittsmessung und beschreibe eine davon!
04.05.10 Planung und Steuerung,"Nennen Sie 2 Auslöser für eine Änderungsanfrage!
/
 Nennen Sie 3 Auslöser von Änderungen in einem Projekt ","a) externe Faktoren (Lieferengpass)b) interne Faktoren (Personalausfall)c) Change Request, Feedback aus dem Sprint Review, Meilensteintrendanalyse

Neue Anfragen von Stakeholdern (z. B. geänderte Anforderungen oder Wünsche).
Planungsfehler oder Versäumnisse (z. B. falsche Annahmen oder Berechnungen)
/

a) Ursachen Änderungsanfrage:o Kundenwünsche haben sich geänderto Neu identifizierte, schwere Risken, die das ganze Projekt beeinträchtigen können--> ""große Änderungen""b) Ursachen für Änderungen im Projekto Änderungen in Projektteamo Engpässe bei Ressourceno Änderungen im Terminplan (z.B. Milestone nicht erreicht)--> ""kleine Änderungen, die im Projektablauf auftauchen""
Interne Projektabweichungen: Erkannte Mängel, Fehler oder Unzulänglichkeiten in Planung oder Ausführung
Externe Anforderungsänderungen: Geänderte Erwartungen von Kunden, Stakeholdern oder Märkten
Umweltfaktoren & Rahmenbedingungen: Geänderte technische Standards, gesetzliche Vorgaben, finanzielle oder personelle Ressourcenverfügbarkeit, Risiken","Nennen Sie 2 Auslöser für eine Änderungsanfrage!
/
 Nennen Sie 3 Auslöser von Änderungen in einem Projekt "
04.05.10 Planung und Steuerung,Nennen Sie 3 Aspekte für ein erfolgreiches Projekt.,"Erreichung der Ziele, in der geplanten Zeit mit dem geplanten Budget.
/
Erfolgreiche Projektabwicklung bedeutet, Geld zu sparen, Produkte schneller an den Markt zu bringen und Projektpersonal in Zeiten von Fachkräftemangel an ein Unternehmen zu binden.",Nennen Sie 3 Aspekte für ein erfolgreiches Projekt.
04.05.10 Planung und Steuerung,Nennen Sie 5 Aspekte einer Projektstartveranstaltung.,"1. Vorstellung der Projektziele, 2. Teamvorstellung, 3. Projekt- organisation, 4. Zeitplan und Meilenstein, 5. Risikoanalyse - abhängig ob hier Kickoff oder Projektstartworkshop gemeint ist,werden die Dinge vorgestellt, oder ermittelt (AM EHESTEN KICK OFF)",Nennen Sie 5 Aspekte einer Projektstartveranstaltung.
04.05.10 Planung und Steuerung,Nennen Sie drei (3) Fortschrittsgrad*Messmethoden.,"Statusschritte
0-100
50 - 50
subjektive Schätzung
",Nennen Sie drei (3) Fortschrittsgrad*Messmethoden.
04.05.10 Planung und Steuerung,Nennen Sie ein Synonym für Änderungsantrag (englisch).,Change Request,Nennen Sie ein Synonym für Änderungsantrag (englisch).
04.05.10 Planung und Steuerung,Übersetzen Sie Change Requests,"Änderungsanforderung
",Übersetzen Sie Change Requests
04.05.10 Planung und Steuerung,Was bedeutet „Konfiguration“?,"Merkmale und Struktur eines Produkts wie es aktuell dokumentiert und abgenommen ist.
",Was bedeutet „Konfiguration“?
04.05.10 Planung und Steuerung,Was darf der Auftragnehmer nach der Abnahme machen?,"Die Vergütung einfordern / Rechnung stellen, da die Abnahme die Fälligkeit der Zahlung auslöst.
Mängel beseitigen, falls diese vorbehalten oder später gerügt werden.
Die Beweislast für Mängel abgeben, da nach der Abnahme der Auftraggeber die Beweislast trägt.
Die Gewährleistungsfrist beginnen, in der er für Mängel haftet",Was darf der Auftragnehmer nach der Abnahme machen?
04.05.10 Planung und Steuerung,Was ist die Voraussetzung für den Abschluss einer Phase?,"Eine Phase wird abgeschlossen, wenn Ziele /Milestone Anforderungen erfüllt erreicht, Ergebnisse abgenommen und die Freigabe für die nächste Phase erteilt wurden.",Was ist die Voraussetzung für den Abschluss einer Phase?
04.05.10 Planung und Steuerung,Was ist ein Quality Gate?,"Ein Quality Gate ist ein definierter Meilenstein im Projekt, an dem die Qualität der Ergebnisse überprüft wird, bevor die nächste Phase beginnen kann. 
(Es dient als formalisierter Kontrollpunkt, der sicherstellt, dass alle Qualitätskriterien erfüllt sind und den Qualitätsmanagementstandards des Unternehmens entspricht.)",Was ist ein Quality Gate?
04.05.10 Planung und Steuerung,Was versteht man unter einer Evaluation eines Projekts? Nennen Sie zwei (2) Fragestellungen bei einer Projekt*Evaluation.,"Die Evaluation eines Projekts ist die systematische Bewertung von Prozessen, Ergebnissen und Zielerreichung, um den Projekterfolg zu analysieren und Verbesserungspotenziale zu identifizieren.
Wurden die Projektziele (Kosten, Zeit, Qualität- Hardfacts) und soft Facts erreicht?
Welche Lessons Learned können für zukünftige Projekte abgeleitet werden?",Was versteht man unter einer Evaluation eines Projekts? Nennen Sie zwei (2) Fragestellungen bei einer Projekt*Evaluation.
04.05.10 Planung und Steuerung,"Welche Analyse bewertet den Fertigstellungwert zu einem bestimmten Zeitpunkt eines Projektes 
a) Earned Value Analyse 
b) Stakeholder Analyse 
c) Nutzwertanalyse
d) Meilensteintrendanalyse",a) Earned Value Analyse ,"Welche Analyse bewertet den Fertigstellungwert zu einem bestimmten Zeitpunkt eines Projektes 
a) Earned Value Analyse 
b) Stakeholder Analyse 
c) Nutzwertanalyse
d) Meilensteintrendanalyse"
04.05.10 Planung und Steuerung,Welche Analyse bewertet den Fertigung(stellungs)wert zu einem bestimmen Zeitpunkt eines Projekts?,Earned-Value-Analyse,Welche Analyse bewertet den Fertigung(stellungs)wert zu einem bestimmen Zeitpunkt eines Projekts?
04.05.10 Planung und Steuerung,Wie dokumentieren Sie Abweichungen von den ursprünglichen Projektzielen?,"Dokumentieren Sie Änderungen durch einen strukturierten Abweichungsbericht, der Ist-Werte, Soll-Werte und deren Differenz enthält, ergänzt durch eine Ursachenanalyse und konkrete Gegenmaßnahmen; erfassen Sie diese systematisch im Projektcontrolling und kommunizieren Sie sie transparent an alle relevanten Stakeholder (Change - Management)",Wie dokumentieren Sie Abweichungen von den ursprünglichen Projektzielen?
04.05.10 Planung und Steuerung,Wie ermittelt man den Fortschrittswert?,Aktueller Fortschrittswert( AFW) = Plangesamtkosten (PGK) x zum Stichtag gemessener Fortschrittsgrad (FGRist),Wie ermittelt man den Fortschrittswert?
04.05.10 Planung und Steuerung,Wozu dienen Phasen? Wozu dienen Sprints im PM?,"Phasen sind zeitliche Abschnitte eines Projektes, die sich sachlich und inhaltlich von anderen Abschnitten unterscheiden. Innerhalb Scrum sind die Sprints kontinuierliche Arbeits- und Feedback-Zyklen, an deren Ende ein fertiggestelltes Inkrement ausgeliefert werden kann.",Wozu dienen Phasen? Wozu dienen Sprints im PM?
04.05.10 Planung und Steuerung,"Auch in agilen Projekten sind Berichte über den Projektfortschritt wichtig welche Aussagen gelten über einen Burn Down Chart markieren sie die falsche Antwort.
a) Burndown Chart ist ein Instrument zur Visualisierung des Fortschrittes und Steuerung in einem Sprint 
b)Burn Down chart zeigt den Restaufwand an der von den Entwicklern täglich geschätzt werden muss 
c)Burn Downchart hat auf der x Achse die Zeit und auf der Y Achse den Aufwand (zum Beispiel in Story Points )
d) Burn Down Chart wird vom Scram Master erstellt um den Budgetverbrauch ....
","d) Burn Down Chart wird vom Scram Master erstellt um den Budgetverbrauch .... (egal was da noch steht, das macht in der Regel und laut Scrum sicher nicht ein SM","Auch in agilen Projekten sind Berichte über den Projektfortschritt wichtig welche Aussagen gelten über einen Burn Down Chart markieren sie die falsche Antwort.
a) Burndown Chart ist ein Instrument zur Visualisierung des Fortschrittes und Steuerung in einem Sprint 
b)Burn Down chart zeigt den Restaufwand an der von den Entwicklern täglich geschätzt werden muss 
c)Burn Downchart hat auf der x Achse die Zeit und auf der Y Achse den Aufwand (zum Beispiel in Story Points )
d) Burn Down Chart wird vom Scram Master erstellt um den Budgetverbrauch ....
"
04.05.10 Planung und Steuerung,Im Vorgehensmodell ist Scrum gibt es die Retrospektive. Was entspricht dieser im klassischen / planbasierten Projektmanagement ,"Im klassischen bzw. planbasierten Projektmanagement entspricht die Retrospektive aus Scrum meist dem Lessons Learned Meeting oder der Projektabschlussbesprechung.
Hier reflektiert das Projektteam am Ende des Projekts (oder einer Phase) gemeinsam, was gut und schlecht lief, welche Erfahrungen gemacht wurden und welche Verbesserungen für zukünftige Projekte abgeleitet werden können.",Im Vorgehensmodell ist Scrum gibt es die Retrospektive. Was entspricht dieser im klassischen / planbasierten Projektmanagement 
04.05.10 Planung und Steuerung,"Auch in agilen Projekten sind Berichte über den Projektfortschritt wichtig welche Aussagen gelten über einen Burn Down Chart markieren sie die falsche Antwort.
a) Burndown Chart ist ein Instrument zur Visualisierung des Fortschrittes und Steuerung in einem Sprint 
b)Burn Down chart zeigt den Restaufwand an der von den Entwicklern täglich geschätzt werden muss 
c)Burn Downchart hat auf der x Achse die Zeit und auf der Y Achse den Aufwand (zum Beispiel in Story Points )
d) Burn Down Chart wird vom Scram Master erstellt um den Budgetverbrauch ....
","d) Burn Down Chart wird vom Scram Master erstellt um den Budgetverbrauch .... (egal was da noch steht, das macht in der Regel und laut Scrum sicher nicht ein SM","Auch in agilen Projekten sind Berichte über den Projektfortschritt wichtig welche Aussagen gelten über einen Burn Down Chart markieren sie die falsche Antwort.
a) Burndown Chart ist ein Instrument zur Visualisierung des Fortschrittes und Steuerung in einem Sprint 
b)Burn Down chart zeigt den Restaufwand an der von den Entwicklern täglich geschätzt werden muss 
c)Burn Downchart hat auf der x Achse die Zeit und auf der Y Achse den Aufwand (zum Beispiel in Story Points )
d) Burn Down Chart wird vom Scram Master erstellt um den Budgetverbrauch ....
"
04.05.10 Planung und Steuerung,Im Vorgehensmodell ist Scrum gibt es die Retrospektive. Was entspricht dieser im klassischen / planbasierten Projektmanagement ,"Im klassischen bzw. planbasierten Projektmanagement entspricht die Retrospektive aus Scrum meist dem Lessons Learned Meeting oder der Projektabschlussbesprechung.
Hier reflektiert das Projektteam am Ende des Projekts (oder einer Phase) gemeinsam, was gut und schlecht lief, welche Erfahrungen gemacht wurden und welche Verbesserungen für zukünftige Projekte abgeleitet werden können.",Im Vorgehensmodell ist Scrum gibt es die Retrospektive. Was entspricht dieser im klassischen / planbasierten Projektmanagement 
04.05.10 Planung und Steuerung,"Auch in agilen Projekten sind Berichte über den Projektfortschritt wichtig welche Aussagen gelten über einen Burn Down Chart markieren sie die falsche Antwort.
a) Burndown Chart ist ein Instrument zur Visualisierung des Fortschrittes und Steuerung in einem Sprint 
b)Burn Down chart zeigt den Restaufwand an der von den Entwicklern täglich geschätzt werden muss 
c)Burn Downchart hat auf der x Achse die Zeit und auf der Y Achse den Aufwand (zum Beispiel in Story Points )
d) Burn Down Chart wird vom Scram Master erstellt um den Budgetverbrauch ....
","d) Burn Down Chart wird vom Scram Master erstellt um den Budgetverbrauch .... (egal was da noch steht, das macht in der Regel und laut Scrum sicher nicht ein SM","Auch in agilen Projekten sind Berichte über den Projektfortschritt wichtig welche Aussagen gelten über einen Burn Down Chart markieren sie die falsche Antwort.
a) Burndown Chart ist ein Instrument zur Visualisierung des Fortschrittes und Steuerung in einem Sprint 
b)Burn Down chart zeigt den Restaufwand an der von den Entwicklern täglich geschätzt werden muss 
c)Burn Downchart hat auf der x Achse die Zeit und auf der Y Achse den Aufwand (zum Beispiel in Story Points )
d) Burn Down Chart wird vom Scram Master erstellt um den Budgetverbrauch ....
"
04.05.10 Planung und Steuerung,Im Vorgehensmodell ist Scrum gibt es die Retrospektive. Was entspricht dieser im klassischen / planbasierten Projektmanagement ,"Im klassischen bzw. planbasierten Projektmanagement entspricht die Retrospektive aus Scrum meist dem Lessons Learned Meeting oder der Projektabschlussbesprechung.
Hier reflektiert das Projektteam am Ende des Projekts (oder einer Phase) gemeinsam, was gut und schlecht lief, welche Erfahrungen gemacht wurden und welche Verbesserungen für zukünftige Projekte abgeleitet werden können.",Im Vorgehensmodell ist Scrum gibt es die Retrospektive. Was entspricht dieser im klassischen / planbasierten Projektmanagement 
04.05.10 Planung und Steuerung,"Auch in agilen Projekten sind Berichte über den Projektfortschritt wichtig welche Aussagen gelten über einen Burn Down Chart markieren sie die falsche Antwort.
a) Burndown Chart ist ein Instrument zur Visualisierung des Fortschrittes und Steuerung in einem Sprint 
b)Burn Down chart zeigt den Restaufwand an der von den Entwicklern täglich geschätzt werden muss 
c)Burn Downchart hat auf der x Achse die Zeit und auf der Y Achse den Aufwand (zum Beispiel in Story Points )
d) Burn Down Chart wird vom Scram Master erstellt um den Budgetverbrauch ....
","d) Burn Down Chart wird vom Scram Master erstellt um den Budgetverbrauch .... (egal was da noch steht, das macht in der Regel und laut Scrum sicher nicht ein SM","Auch in agilen Projekten sind Berichte über den Projektfortschritt wichtig welche Aussagen gelten über einen Burn Down Chart markieren sie die falsche Antwort.
a) Burndown Chart ist ein Instrument zur Visualisierung des Fortschrittes und Steuerung in einem Sprint 
b)Burn Down chart zeigt den Restaufwand an der von den Entwicklern täglich geschätzt werden muss 
c)Burn Downchart hat auf der x Achse die Zeit und auf der Y Achse den Aufwand (zum Beispiel in Story Points )
d) Burn Down Chart wird vom Scram Master erstellt um den Budgetverbrauch ....
"
04.05.10 Planung und Steuerung,Im Vorgehensmodell ist Scrum gibt es die Retrospektive. Was entspricht dieser im klassischen / planbasierten Projektmanagement ,"Im klassischen bzw. planbasierten Projektmanagement entspricht die Retrospektive aus Scrum meist dem Lessons Learned Meeting oder der Projektabschlussbesprechung.
Hier reflektiert das Projektteam am Ende des Projekts (oder einer Phase) gemeinsam, was gut und schlecht lief, welche Erfahrungen gemacht wurden und welche Verbesserungen für zukünftige Projekte abgeleitet werden können.",Im Vorgehensmodell ist Scrum gibt es die Retrospektive. Was entspricht dieser im klassischen / planbasierten Projektmanagement 
04.05.10 Planung und Steuerung,"Auch in agilen Projekten sind Berichte über den Projektfortschritt wichtig welche Aussagen gelten über einen Burn Down Chart markieren sie die falsche Antwort.
a) Burndown Chart ist ein Instrument zur Visualisierung des Fortschrittes und Steuerung in einem Sprint 
b)Burn Down chart zeigt den Restaufwand an der von den Entwicklern täglich geschätzt werden muss 
c)Burn Downchart hat auf der x Achse die Zeit und auf der Y Achse den Aufwand (zum Beispiel in Story Points )
d) Burn Down Chart wird vom Scram Master erstellt um den Budgetverbrauch ....
","d) Burn Down Chart wird vom Scram Master erstellt um den Budgetverbrauch .... (egal was da noch steht, das macht in der Regel und laut Scrum sicher nicht ein SM","Auch in agilen Projekten sind Berichte über den Projektfortschritt wichtig welche Aussagen gelten über einen Burn Down Chart markieren sie die falsche Antwort.
a) Burndown Chart ist ein Instrument zur Visualisierung des Fortschrittes und Steuerung in einem Sprint 
b)Burn Down chart zeigt den Restaufwand an der von den Entwicklern täglich geschätzt werden muss 
c)Burn Downchart hat auf der x Achse die Zeit und auf der Y Achse den Aufwand (zum Beispiel in Story Points )
d) Burn Down Chart wird vom Scram Master erstellt um den Budgetverbrauch ....
"
04.05.10 Planung und Steuerung,Im Vorgehensmodell ist Scrum gibt es die Retrospektive. Was entspricht dieser im klassischen / planbasierten Projektmanagement ,"Im klassischen bzw. planbasierten Projektmanagement entspricht die Retrospektive aus Scrum meist dem Lessons Learned Meeting oder der Projektabschlussbesprechung.
Hier reflektiert das Projektteam am Ende des Projekts (oder einer Phase) gemeinsam, was gut und schlecht lief, welche Erfahrungen gemacht wurden und welche Verbesserungen für zukünftige Projekte abgeleitet werden können.",Im Vorgehensmodell ist Scrum gibt es die Retrospektive. Was entspricht dieser im klassischen / planbasierten Projektmanagement 
04.05.10 Planung und Steuerung,"Auch in agilen Projekten sind Berichte über den Projektfortschritt wichtig welche Aussagen gelten über einen Burn Down Chart markieren sie die falsche Antwort.
a) Burndown Chart ist ein Instrument zur Visualisierung des Fortschrittes und Steuerung in einem Sprint 
b)Burn Down chart zeigt den Restaufwand an der von den Entwicklern täglich geschätzt werden muss 
c)Burn Downchart hat auf der x Achse die Zeit und auf der Y Achse den Aufwand (zum Beispiel in Story Points )
d) Burn Down Chart wird vom Scram Master erstellt um den Budgetverbrauch ....
","d) Burn Down Chart wird vom Scram Master erstellt um den Budgetverbrauch .... (egal was da noch steht, das macht in der Regel und laut Scrum sicher nicht ein SM","Auch in agilen Projekten sind Berichte über den Projektfortschritt wichtig welche Aussagen gelten über einen Burn Down Chart markieren sie die falsche Antwort.
a) Burndown Chart ist ein Instrument zur Visualisierung des Fortschrittes und Steuerung in einem Sprint 
b)Burn Down chart zeigt den Restaufwand an der von den Entwicklern täglich geschätzt werden muss 
c)Burn Downchart hat auf der x Achse die Zeit und auf der Y Achse den Aufwand (zum Beispiel in Story Points )
d) Burn Down Chart wird vom Scram Master erstellt um den Budgetverbrauch ....
"
04.05.10 Planung und Steuerung,Im Vorgehensmodell ist Scrum gibt es die Retrospektive. Was entspricht dieser im klassischen / planbasierten Projektmanagement ,"Im klassischen bzw. planbasierten Projektmanagement entspricht die Retrospektive aus Scrum meist dem Lessons Learned Meeting oder der Projektabschlussbesprechung.
Hier reflektiert das Projektteam am Ende des Projekts (oder einer Phase) gemeinsam, was gut und schlecht lief, welche Erfahrungen gemacht wurden und welche Verbesserungen für zukünftige Projekte abgeleitet werden können.",Im Vorgehensmodell ist Scrum gibt es die Retrospektive. Was entspricht dieser im klassischen / planbasierten Projektmanagement 
04.05.10 Planung und Steuerung,"Auch in agilen Projekten sind Berichte über den Projektfortschritt wichtig welche Aussagen gelten über einen Burn Down Chart markieren sie die falsche Antwort.
a) Burndown Chart ist ein Instrument zur Visualisierung des Fortschrittes und Steuerung in einem Sprint 
b)Burn Down chart zeigt den Restaufwand an der von den Entwicklern täglich geschätzt werden muss 
c)Burn Downchart hat auf der x Achse die Zeit und auf der Y Achse den Aufwand (zum Beispiel in Story Points )
d) Burn Down Chart wird vom Scram Master erstellt um den Budgetverbrauch ....
","d) Burn Down Chart wird vom Scram Master erstellt um den Budgetverbrauch .... (egal was da noch steht, das macht in der Regel und laut Scrum sicher nicht ein SM","Auch in agilen Projekten sind Berichte über den Projektfortschritt wichtig welche Aussagen gelten über einen Burn Down Chart markieren sie die falsche Antwort.
a) Burndown Chart ist ein Instrument zur Visualisierung des Fortschrittes und Steuerung in einem Sprint 
b)Burn Down chart zeigt den Restaufwand an der von den Entwicklern täglich geschätzt werden muss 
c)Burn Downchart hat auf der x Achse die Zeit und auf der Y Achse den Aufwand (zum Beispiel in Story Points )
d) Burn Down Chart wird vom Scram Master erstellt um den Budgetverbrauch ....
"
04.05.10 Planung und Steuerung,Im Vorgehensmodell ist Scrum gibt es die Retrospektive. Was entspricht dieser im klassischen / planbasierten Projektmanagement ,"Im klassischen bzw. planbasierten Projektmanagement entspricht die Retrospektive aus Scrum meist dem Lessons Learned Meeting oder der Projektabschlussbesprechung.
Hier reflektiert das Projektteam am Ende des Projekts (oder einer Phase) gemeinsam, was gut und schlecht lief, welche Erfahrungen gemacht wurden und welche Verbesserungen für zukünftige Projekte abgeleitet werden können.",Im Vorgehensmodell ist Scrum gibt es die Retrospektive. Was entspricht dieser im klassischen / planbasierten Projektmanagement 
04.05.10 Planung und Steuerung,"Auch in agilen Projekten sind Berichte über den Projektfortschritt wichtig welche Aussagen gelten über einen Burn Down Chart markieren sie die falsche Antwort.
a) Burndown Chart ist ein Instrument zur Visualisierung des Fortschrittes und Steuerung in einem Sprint 
b)Burn Down chart zeigt den Restaufwand an der von den Entwicklern täglich geschätzt werden muss 
c)Burn Downchart hat auf der x Achse die Zeit und auf der Y Achse den Aufwand (zum Beispiel in Story Points )
d) Burn Down Chart wird vom Scram Master erstellt um den Budgetverbrauch ....
","d) Burn Down Chart wird vom Scram Master erstellt um den Budgetverbrauch .... (egal was da noch steht, das macht in der Regel und laut Scrum sicher nicht ein SM","Auch in agilen Projekten sind Berichte über den Projektfortschritt wichtig welche Aussagen gelten über einen Burn Down Chart markieren sie die falsche Antwort.
a) Burndown Chart ist ein Instrument zur Visualisierung des Fortschrittes und Steuerung in einem Sprint 
b)Burn Down chart zeigt den Restaufwand an der von den Entwicklern täglich geschätzt werden muss 
c)Burn Downchart hat auf der x Achse die Zeit und auf der Y Achse den Aufwand (zum Beispiel in Story Points )
d) Burn Down Chart wird vom Scram Master erstellt um den Budgetverbrauch ....
"
04.05.10 Planung und Steuerung,Im Vorgehensmodell ist Scrum gibt es die Retrospektive. Was entspricht dieser im klassischen / planbasierten Projektmanagement ,"Im klassischen bzw. planbasierten Projektmanagement entspricht die Retrospektive aus Scrum meist dem Lessons Learned Meeting oder der Projektabschlussbesprechung.
Hier reflektiert das Projektteam am Ende des Projekts (oder einer Phase) gemeinsam, was gut und schlecht lief, welche Erfahrungen gemacht wurden und welche Verbesserungen für zukünftige Projekte abgeleitet werden können.",Im Vorgehensmodell ist Scrum gibt es die Retrospektive. Was entspricht dieser im klassischen / planbasierten Projektmanagement 
04.05.10 Planung und Steuerung,"Auch in agilen Projekten sind Berichte über den Projektfortschritt wichtig welche Aussagen gelten über einen Burn Down Chart markieren sie die falsche Antwort.
a) Burndown Chart ist ein Instrument zur Visualisierung des Fortschrittes und Steuerung in einem Sprint 
b)Burn Down chart zeigt den Restaufwand an der von den Entwicklern täglich geschätzt werden muss 
c)Burn Downchart hat auf der x Achse die Zeit und auf der Y Achse den Aufwand (zum Beispiel in Story Points )
d) Burn Down Chart wird vom Scram Master erstellt um den Budgetverbrauch ....
","d) Burn Down Chart wird vom Scram Master erstellt um den Budgetverbrauch .... (egal was da noch steht, das macht in der Regel und laut Scrum sicher nicht ein SM","Auch in agilen Projekten sind Berichte über den Projektfortschritt wichtig welche Aussagen gelten über einen Burn Down Chart markieren sie die falsche Antwort.
a) Burndown Chart ist ein Instrument zur Visualisierung des Fortschrittes und Steuerung in einem Sprint 
b)Burn Down chart zeigt den Restaufwand an der von den Entwicklern täglich geschätzt werden muss 
c)Burn Downchart hat auf der x Achse die Zeit und auf der Y Achse den Aufwand (zum Beispiel in Story Points )
d) Burn Down Chart wird vom Scram Master erstellt um den Budgetverbrauch ....
"
04.05.10 Planung und Steuerung,Im Vorgehensmodell ist Scrum gibt es die Retrospektive. Was entspricht dieser im klassischen / planbasierten Projektmanagement ,"Im klassischen bzw. planbasierten Projektmanagement entspricht die Retrospektive aus Scrum meist dem Lessons Learned Meeting oder der Projektabschlussbesprechung.
Hier reflektiert das Projektteam am Ende des Projekts (oder einer Phase) gemeinsam, was gut und schlecht lief, welche Erfahrungen gemacht wurden und welche Verbesserungen für zukünftige Projekte abgeleitet werden können.",Im Vorgehensmodell ist Scrum gibt es die Retrospektive. Was entspricht dieser im klassischen / planbasierten Projektmanagement 
04.05.10 Planung und Steuerung,"Auch in agilen Projekten sind Berichte über den Projektfortschritt wichtig welche Aussagen gelten über einen Burn Down Chart markieren sie die falsche Antwort.
a) Burndown Chart ist ein Instrument zur Visualisierung des Fortschrittes und Steuerung in einem Sprint 
b)Burn Down chart zeigt den Restaufwand an der von den Entwicklern täglich geschätzt werden muss 
c)Burn Downchart hat auf der x Achse die Zeit und auf der Y Achse den Aufwand (zum Beispiel in Story Points )
d) Burn Down Chart wird vom Scram Master erstellt um den Budgetverbrauch ....
","d) Burn Down Chart wird vom Scram Master erstellt um den Budgetverbrauch .... (egal was da noch steht, das macht in der Regel und laut Scrum sicher nicht ein SM","Auch in agilen Projekten sind Berichte über den Projektfortschritt wichtig welche Aussagen gelten über einen Burn Down Chart markieren sie die falsche Antwort.
a) Burndown Chart ist ein Instrument zur Visualisierung des Fortschrittes und Steuerung in einem Sprint 
b)Burn Down chart zeigt den Restaufwand an der von den Entwicklern täglich geschätzt werden muss 
c)Burn Downchart hat auf der x Achse die Zeit und auf der Y Achse den Aufwand (zum Beispiel in Story Points )
d) Burn Down Chart wird vom Scram Master erstellt um den Budgetverbrauch ....
"
04.05.10 Planung und Steuerung,Im Vorgehensmodell ist Scrum gibt es die Retrospektive. Was entspricht dieser im klassischen / planbasierten Projektmanagement ,"Im klassischen bzw. planbasierten Projektmanagement entspricht die Retrospektive aus Scrum meist dem Lessons Learned Meeting oder der Projektabschlussbesprechung.
Hier reflektiert das Projektteam am Ende des Projekts (oder einer Phase) gemeinsam, was gut und schlecht lief, welche Erfahrungen gemacht wurden und welche Verbesserungen für zukünftige Projekte abgeleitet werden können.",Im Vorgehensmodell ist Scrum gibt es die Retrospektive. Was entspricht dieser im klassischen / planbasierten Projektmanagement 
04.05.10 Planung und Steuerung,"Auch in agilen Projekten sind Berichte über den Projektfortschritt wichtig welche Aussagen gelten über einen Burn Down Chart markieren sie die falsche Antwort.
a) Burndown Chart ist ein Instrument zur Visualisierung des Fortschrittes und Steuerung in einem Sprint 
b)Burn Down chart zeigt den Restaufwand an der von den Entwicklern täglich geschätzt werden muss 
c)Burn Downchart hat auf der x Achse die Zeit und auf der Y Achse den Aufwand (zum Beispiel in Story Points )
d) Burn Down Chart wird vom Scram Master erstellt um den Budgetverbrauch ....
","d) Burn Down Chart wird vom Scram Master erstellt um den Budgetverbrauch .... (egal was da noch steht, das macht in der Regel und laut Scrum sicher nicht ein SM","Auch in agilen Projekten sind Berichte über den Projektfortschritt wichtig welche Aussagen gelten über einen Burn Down Chart markieren sie die falsche Antwort.
a) Burndown Chart ist ein Instrument zur Visualisierung des Fortschrittes und Steuerung in einem Sprint 
b)Burn Down chart zeigt den Restaufwand an der von den Entwicklern täglich geschätzt werden muss 
c)Burn Downchart hat auf der x Achse die Zeit und auf der Y Achse den Aufwand (zum Beispiel in Story Points )
d) Burn Down Chart wird vom Scram Master erstellt um den Budgetverbrauch ....
"
04.05.10 Planung und Steuerung,Im Vorgehensmodell ist Scrum gibt es die Retrospektive. Was entspricht dieser im klassischen / planbasierten Projektmanagement ,"Im klassischen bzw. planbasierten Projektmanagement entspricht die Retrospektive aus Scrum meist dem Lessons Learned Meeting oder der Projektabschlussbesprechung.
Hier reflektiert das Projektteam am Ende des Projekts (oder einer Phase) gemeinsam, was gut und schlecht lief, welche Erfahrungen gemacht wurden und welche Verbesserungen für zukünftige Projekte abgeleitet werden können.",Im Vorgehensmodell ist Scrum gibt es die Retrospektive. Was entspricht dieser im klassischen / planbasierten Projektmanagement 
04.05.10 Planung und Steuerung,"Auch in agilen Projekten sind Berichte über den Projektfortschritt wichtig welche Aussagen gelten über einen Burn Down Chart markieren sie die falsche Antwort.
a) Burndown Chart ist ein Instrument zur Visualisierung des Fortschrittes und Steuerung in einem Sprint 
b)Burn Down chart zeigt den Restaufwand an der von den Entwicklern täglich geschätzt werden muss 
c)Burn Downchart hat auf der x Achse die Zeit und auf der Y Achse den Aufwand (zum Beispiel in Story Points )
d) Burn Down Chart wird vom Scram Master erstellt um den Budgetverbrauch ....
","d) Burn Down Chart wird vom Scram Master erstellt um den Budgetverbrauch .... (egal was da noch steht, das macht in der Regel und laut Scrum sicher nicht ein SM","Auch in agilen Projekten sind Berichte über den Projektfortschritt wichtig welche Aussagen gelten über einen Burn Down Chart markieren sie die falsche Antwort.
a) Burndown Chart ist ein Instrument zur Visualisierung des Fortschrittes und Steuerung in einem Sprint 
b)Burn Down chart zeigt den Restaufwand an der von den Entwicklern täglich geschätzt werden muss 
c)Burn Downchart hat auf der x Achse die Zeit und auf der Y Achse den Aufwand (zum Beispiel in Story Points )
d) Burn Down Chart wird vom Scram Master erstellt um den Budgetverbrauch ....
"
04.05.10 Planung und Steuerung,Im Vorgehensmodell ist Scrum gibt es die Retrospektive. Was entspricht dieser im klassischen / planbasierten Projektmanagement ,"Im klassischen bzw. planbasierten Projektmanagement entspricht die Retrospektive aus Scrum meist dem Lessons Learned Meeting oder der Projektabschlussbesprechung.
Hier reflektiert das Projektteam am Ende des Projekts (oder einer Phase) gemeinsam, was gut und schlecht lief, welche Erfahrungen gemacht wurden und welche Verbesserungen für zukünftige Projekte abgeleitet werden können.",Im Vorgehensmodell ist Scrum gibt es die Retrospektive. Was entspricht dieser im klassischen / planbasierten Projektmanagement 
04.05.10 Planung und Steuerung,"Auch in agilen Projekten sind Berichte über den Projektfortschritt wichtig welche Aussagen gelten über einen Burn Down Chart markieren sie die falsche Antwort.
a) Burndown Chart ist ein Instrument zur Visualisierung des Fortschrittes und Steuerung in einem Sprint 
b)Burn Down chart zeigt den Restaufwand an der von den Entwicklern täglich geschätzt werden muss 
c)Burn Downchart hat auf der x Achse die Zeit und auf der Y Achse den Aufwand (zum Beispiel in Story Points )
d) Burn Down Chart wird vom Scram Master erstellt um den Budgetverbrauch ....
","d) Burn Down Chart wird vom Scram Master erstellt um den Budgetverbrauch .... (egal was da noch steht, das macht in der Regel und laut Scrum sicher nicht ein SM","Auch in agilen Projekten sind Berichte über den Projektfortschritt wichtig welche Aussagen gelten über einen Burn Down Chart markieren sie die falsche Antwort.
a) Burndown Chart ist ein Instrument zur Visualisierung des Fortschrittes und Steuerung in einem Sprint 
b)Burn Down chart zeigt den Restaufwand an der von den Entwicklern täglich geschätzt werden muss 
c)Burn Downchart hat auf der x Achse die Zeit und auf der Y Achse den Aufwand (zum Beispiel in Story Points )
d) Burn Down Chart wird vom Scram Master erstellt um den Budgetverbrauch ....
"
04.05.10 Planung und Steuerung,Im Vorgehensmodell ist Scrum gibt es die Retrospektive. Was entspricht dieser im klassischen / planbasierten Projektmanagement ,"Im klassischen bzw. planbasierten Projektmanagement entspricht die Retrospektive aus Scrum meist dem Lessons Learned Meeting oder der Projektabschlussbesprechung.
Hier reflektiert das Projektteam am Ende des Projekts (oder einer Phase) gemeinsam, was gut und schlecht lief, welche Erfahrungen gemacht wurden und welche Verbesserungen für zukünftige Projekte abgeleitet werden können.",Im Vorgehensmodell ist Scrum gibt es die Retrospektive. Was entspricht dieser im klassischen / planbasierten Projektmanagement 
04.05.10 Planung und Steuerung,"Auch in agilen Projekten sind Berichte über den Projektfortschritt wichtig welche Aussagen gelten über einen Burn Down Chart markieren sie die falsche Antwort.
a) Burndown Chart ist ein Instrument zur Visualisierung des Fortschrittes und Steuerung in einem Sprint 
b)Burn Down chart zeigt den Restaufwand an der von den Entwicklern täglich geschätzt werden muss 
c)Burn Downchart hat auf der x Achse die Zeit und auf der Y Achse den Aufwand (zum Beispiel in Story Points )
d) Burn Down Chart wird vom Scram Master erstellt um den Budgetverbrauch ....
","d) Burn Down Chart wird vom Scram Master erstellt um den Budgetverbrauch .... (egal was da noch steht, das macht in der Regel und laut Scrum sicher nicht ein SM","Auch in agilen Projekten sind Berichte über den Projektfortschritt wichtig welche Aussagen gelten über einen Burn Down Chart markieren sie die falsche Antwort.
a) Burndown Chart ist ein Instrument zur Visualisierung des Fortschrittes und Steuerung in einem Sprint 
b)Burn Down chart zeigt den Restaufwand an der von den Entwicklern täglich geschätzt werden muss 
c)Burn Downchart hat auf der x Achse die Zeit und auf der Y Achse den Aufwand (zum Beispiel in Story Points )
d) Burn Down Chart wird vom Scram Master erstellt um den Budgetverbrauch ....
"
04.05.10 Planung und Steuerung,Im Vorgehensmodell ist Scrum gibt es die Retrospektive. Was entspricht dieser im klassischen / planbasierten Projektmanagement ,"Im klassischen bzw. planbasierten Projektmanagement entspricht die Retrospektive aus Scrum meist dem Lessons Learned Meeting oder der Projektabschlussbesprechung.
Hier reflektiert das Projektteam am Ende des Projekts (oder einer Phase) gemeinsam, was gut und schlecht lief, welche Erfahrungen gemacht wurden und welche Verbesserungen für zukünftige Projekte abgeleitet werden können.",Im Vorgehensmodell ist Scrum gibt es die Retrospektive. Was entspricht dieser im klassischen / planbasierten Projektmanagement 
04.05.10 Planung und Steuerung,"Auch in agilen Projekten sind Berichte über den Projektfortschritt wichtig welche Aussagen gelten über einen Burn Down Chart markieren sie die falsche Antwort.
a) Burndown Chart ist ein Instrument zur Visualisierung des Fortschrittes und Steuerung in einem Sprint 
b)Burn Down chart zeigt den Restaufwand an der von den Entwicklern täglich geschätzt werden muss 
c)Burn Downchart hat auf der x Achse die Zeit und auf der Y Achse den Aufwand (zum Beispiel in Story Points )
d) Burn Down Chart wird vom Scram Master erstellt um den Budgetverbrauch ....
","d) Burn Down Chart wird vom Scram Master erstellt um den Budgetverbrauch .... (egal was da noch steht, das macht in der Regel und laut Scrum sicher nicht ein SM","Auch in agilen Projekten sind Berichte über den Projektfortschritt wichtig welche Aussagen gelten über einen Burn Down Chart markieren sie die falsche Antwort.
a) Burndown Chart ist ein Instrument zur Visualisierung des Fortschrittes und Steuerung in einem Sprint 
b)Burn Down chart zeigt den Restaufwand an der von den Entwicklern täglich geschätzt werden muss 
c)Burn Downchart hat auf der x Achse die Zeit und auf der Y Achse den Aufwand (zum Beispiel in Story Points )
d) Burn Down Chart wird vom Scram Master erstellt um den Budgetverbrauch ....
"
04.05.10 Planung und Steuerung,Im Vorgehensmodell ist Scrum gibt es die Retrospektive. Was entspricht dieser im klassischen / planbasierten Projektmanagement ,"Im klassischen bzw. planbasierten Projektmanagement entspricht die Retrospektive aus Scrum meist dem Lessons Learned Meeting oder der Projektabschlussbesprechung.
Hier reflektiert das Projektteam am Ende des Projekts (oder einer Phase) gemeinsam, was gut und schlecht lief, welche Erfahrungen gemacht wurden und welche Verbesserungen für zukünftige Projekte abgeleitet werden können.",Im Vorgehensmodell ist Scrum gibt es die Retrospektive. Was entspricht dieser im klassischen / planbasierten Projektmanagement 
04.05.10 Planung und Steuerung,"Auch in agilen Projekten sind Berichte über den Projektfortschritt wichtig welche Aussagen gelten über einen Burn Down Chart markieren sie die falsche Antwort.
a) Burndown Chart ist ein Instrument zur Visualisierung des Fortschrittes und Steuerung in einem Sprint 
b)Burn Down chart zeigt den Restaufwand an der von den Entwicklern täglich geschätzt werden muss 
c)Burn Downchart hat auf der x Achse die Zeit und auf der Y Achse den Aufwand (zum Beispiel in Story Points )
d) Burn Down Chart wird vom Scram Master erstellt um den Budgetverbrauch ....
","d) Burn Down Chart wird vom Scram Master erstellt um den Budgetverbrauch .... (egal was da noch steht, das macht in der Regel und laut Scrum sicher nicht ein SM","Auch in agilen Projekten sind Berichte über den Projektfortschritt wichtig welche Aussagen gelten über einen Burn Down Chart markieren sie die falsche Antwort.
a) Burndown Chart ist ein Instrument zur Visualisierung des Fortschrittes und Steuerung in einem Sprint 
b)Burn Down chart zeigt den Restaufwand an der von den Entwicklern täglich geschätzt werden muss 
c)Burn Downchart hat auf der x Achse die Zeit und auf der Y Achse den Aufwand (zum Beispiel in Story Points )
d) Burn Down Chart wird vom Scram Master erstellt um den Budgetverbrauch ....
"
04.05.10 Planung und Steuerung,Im Vorgehensmodell ist Scrum gibt es die Retrospektive. Was entspricht dieser im klassischen / planbasierten Projektmanagement ,"Im klassischen bzw. planbasierten Projektmanagement entspricht die Retrospektive aus Scrum meist dem Lessons Learned Meeting oder der Projektabschlussbesprechung.
Hier reflektiert das Projektteam am Ende des Projekts (oder einer Phase) gemeinsam, was gut und schlecht lief, welche Erfahrungen gemacht wurden und welche Verbesserungen für zukünftige Projekte abgeleitet werden können.",Im Vorgehensmodell ist Scrum gibt es die Retrospektive. Was entspricht dieser im klassischen / planbasierten Projektmanagement 
04.05.10 Planung und Steuerung,"Auch in agilen Projekten sind Berichte über den Projektfortschritt wichtig welche Aussagen gelten über einen Burn Down Chart markieren sie die falsche Antwort.
a) Burndown Chart ist ein Instrument zur Visualisierung des Fortschrittes und Steuerung in einem Sprint 
b)Burn Down chart zeigt den Restaufwand an der von den Entwicklern täglich geschätzt werden muss 
c)Burn Downchart hat auf der x Achse die Zeit und auf der Y Achse den Aufwand (zum Beispiel in Story Points )
d) Burn Down Chart wird vom Scram Master erstellt um den Budgetverbrauch ....
","d) Burn Down Chart wird vom Scram Master erstellt um den Budgetverbrauch .... (egal was da noch steht, das macht in der Regel und laut Scrum sicher nicht ein SM","Auch in agilen Projekten sind Berichte über den Projektfortschritt wichtig welche Aussagen gelten über einen Burn Down Chart markieren sie die falsche Antwort.
a) Burndown Chart ist ein Instrument zur Visualisierung des Fortschrittes und Steuerung in einem Sprint 
b)Burn Down chart zeigt den Restaufwand an der von den Entwicklern täglich geschätzt werden muss 
c)Burn Downchart hat auf der x Achse die Zeit und auf der Y Achse den Aufwand (zum Beispiel in Story Points )
d) Burn Down Chart wird vom Scram Master erstellt um den Budgetverbrauch ....
"
04.05.10 Planung und Steuerung,Im Vorgehensmodell ist Scrum gibt es die Retrospektive. Was entspricht dieser im klassischen / planbasierten Projektmanagement ,"Im klassischen bzw. planbasierten Projektmanagement entspricht die Retrospektive aus Scrum meist dem Lessons Learned Meeting oder der Projektabschlussbesprechung.
Hier reflektiert das Projektteam am Ende des Projekts (oder einer Phase) gemeinsam, was gut und schlecht lief, welche Erfahrungen gemacht wurden und welche Verbesserungen für zukünftige Projekte abgeleitet werden können.",Im Vorgehensmodell ist Scrum gibt es die Retrospektive. Was entspricht dieser im klassischen / planbasierten Projektmanagement 
04.05.10 Planung und Steuerung,"Auch in agilen Projekten sind Berichte über den Projektfortschritt wichtig welche Aussagen gelten über einen Burn Down Chart markieren sie die falsche Antwort.
a) Burndown Chart ist ein Instrument zur Visualisierung des Fortschrittes und Steuerung in einem Sprint 
b)Burn Down chart zeigt den Restaufwand an der von den Entwicklern täglich geschätzt werden muss 
c)Burn Downchart hat auf der x Achse die Zeit und auf der Y Achse den Aufwand (zum Beispiel in Story Points )
d) Burn Down Chart wird vom Scram Master erstellt um den Budgetverbrauch ....
","d) Burn Down Chart wird vom Scram Master erstellt um den Budgetverbrauch .... (egal was da noch steht, das macht in der Regel und laut Scrum sicher nicht ein SM","Auch in agilen Projekten sind Berichte über den Projektfortschritt wichtig welche Aussagen gelten über einen Burn Down Chart markieren sie die falsche Antwort.
a) Burndown Chart ist ein Instrument zur Visualisierung des Fortschrittes und Steuerung in einem Sprint 
b)Burn Down chart zeigt den Restaufwand an der von den Entwicklern täglich geschätzt werden muss 
c)Burn Downchart hat auf der x Achse die Zeit und auf der Y Achse den Aufwand (zum Beispiel in Story Points )
d) Burn Down Chart wird vom Scram Master erstellt um den Budgetverbrauch ....
"
04.05.10 Planung und Steuerung,Im Vorgehensmodell ist Scrum gibt es die Retrospektive. Was entspricht dieser im klassischen / planbasierten Projektmanagement ,"Im klassischen bzw. planbasierten Projektmanagement entspricht die Retrospektive aus Scrum meist dem Lessons Learned Meeting oder der Projektabschlussbesprechung.
Hier reflektiert das Projektteam am Ende des Projekts (oder einer Phase) gemeinsam, was gut und schlecht lief, welche Erfahrungen gemacht wurden und welche Verbesserungen für zukünftige Projekte abgeleitet werden können.",Im Vorgehensmodell ist Scrum gibt es die Retrospektive. Was entspricht dieser im klassischen / planbasierten Projektmanagement 
04.05.10 Planung und Steuerung,"Auch in agilen Projekten sind Berichte über den Projektfortschritt wichtig welche Aussagen gelten über einen Burn Down Chart markieren sie die falsche Antwort.
a) Burndown Chart ist ein Instrument zur Visualisierung des Fortschrittes und Steuerung in einem Sprint 
b)Burn Down chart zeigt den Restaufwand an der von den Entwicklern täglich geschätzt werden muss 
c)Burn Downchart hat auf der x Achse die Zeit und auf der Y Achse den Aufwand (zum Beispiel in Story Points )
d) Burn Down Chart wird vom Scram Master erstellt um den Budgetverbrauch ....
","d) Burn Down Chart wird vom Scram Master erstellt um den Budgetverbrauch .... (egal was da noch steht, das macht in der Regel und laut Scrum sicher nicht ein SM","Auch in agilen Projekten sind Berichte über den Projektfortschritt wichtig welche Aussagen gelten über einen Burn Down Chart markieren sie die falsche Antwort.
a) Burndown Chart ist ein Instrument zur Visualisierung des Fortschrittes und Steuerung in einem Sprint 
b)Burn Down chart zeigt den Restaufwand an der von den Entwicklern täglich geschätzt werden muss 
c)Burn Downchart hat auf der x Achse die Zeit und auf der Y Achse den Aufwand (zum Beispiel in Story Points )
d) Burn Down Chart wird vom Scram Master erstellt um den Budgetverbrauch ....
"
04.05.10 Planung und Steuerung,Im Vorgehensmodell ist Scrum gibt es die Retrospektive. Was entspricht dieser im klassischen / planbasierten Projektmanagement ,"Im klassischen bzw. planbasierten Projektmanagement entspricht die Retrospektive aus Scrum meist dem Lessons Learned Meeting oder der Projektabschlussbesprechung.
Hier reflektiert das Projektteam am Ende des Projekts (oder einer Phase) gemeinsam, was gut und schlecht lief, welche Erfahrungen gemacht wurden und welche Verbesserungen für zukünftige Projekte abgeleitet werden können.",Im Vorgehensmodell ist Scrum gibt es die Retrospektive. Was entspricht dieser im klassischen / planbasierten Projektmanagement 
04.05.10 Planung und Steuerung,"Auch in agilen Projekten sind Berichte über den Projektfortschritt wichtig welche Aussagen gelten über einen Burn Down Chart markieren sie die falsche Antwort.
a) Burndown Chart ist ein Instrument zur Visualisierung des Fortschrittes und Steuerung in einem Sprint 
b)Burn Down chart zeigt den Restaufwand an der von den Entwicklern täglich geschätzt werden muss 
c)Burn Downchart hat auf der x Achse die Zeit und auf der Y Achse den Aufwand (zum Beispiel in Story Points )
d) Burn Down Chart wird vom Scram Master erstellt um den Budgetverbrauch ....
","d) Burn Down Chart wird vom Scram Master erstellt um den Budgetverbrauch .... (egal was da noch steht, das macht in der Regel und laut Scrum sicher nicht ein SM","Auch in agilen Projekten sind Berichte über den Projektfortschritt wichtig welche Aussagen gelten über einen Burn Down Chart markieren sie die falsche Antwort.
a) Burndown Chart ist ein Instrument zur Visualisierung des Fortschrittes und Steuerung in einem Sprint 
b)Burn Down chart zeigt den Restaufwand an der von den Entwicklern täglich geschätzt werden muss 
c)Burn Downchart hat auf der x Achse die Zeit und auf der Y Achse den Aufwand (zum Beispiel in Story Points )
d) Burn Down Chart wird vom Scram Master erstellt um den Budgetverbrauch ....
"
04.05.10 Planung und Steuerung,Im Vorgehensmodell ist Scrum gibt es die Retrospektive. Was entspricht dieser im klassischen / planbasierten Projektmanagement ,"Im klassischen bzw. planbasierten Projektmanagement entspricht die Retrospektive aus Scrum meist dem Lessons Learned Meeting oder der Projektabschlussbesprechung.
Hier reflektiert das Projektteam am Ende des Projekts (oder einer Phase) gemeinsam, was gut und schlecht lief, welche Erfahrungen gemacht wurden und welche Verbesserungen für zukünftige Projekte abgeleitet werden können.",Im Vorgehensmodell ist Scrum gibt es die Retrospektive. Was entspricht dieser im klassischen / planbasierten Projektmanagement 
04.05.10 Planung und Steuerung,"Auch in agilen Projekten sind Berichte über den Projektfortschritt wichtig welche Aussagen gelten über einen Burn Down Chart markieren sie die falsche Antwort.
a) Burndown Chart ist ein Instrument zur Visualisierung des Fortschrittes und Steuerung in einem Sprint 
b)Burn Down chart zeigt den Restaufwand an der von den Entwicklern täglich geschätzt werden muss 
c)Burn Downchart hat auf der x Achse die Zeit und auf der Y Achse den Aufwand (zum Beispiel in Story Points )
d) Burn Down Chart wird vom Scram Master erstellt um den Budgetverbrauch ....
","d) Burn Down Chart wird vom Scram Master erstellt um den Budgetverbrauch .... (egal was da noch steht, das macht in der Regel und laut Scrum sicher nicht ein SM","Auch in agilen Projekten sind Berichte über den Projektfortschritt wichtig welche Aussagen gelten über einen Burn Down Chart markieren sie die falsche Antwort.
a) Burndown Chart ist ein Instrument zur Visualisierung des Fortschrittes und Steuerung in einem Sprint 
b)Burn Down chart zeigt den Restaufwand an der von den Entwicklern täglich geschätzt werden muss 
c)Burn Downchart hat auf der x Achse die Zeit und auf der Y Achse den Aufwand (zum Beispiel in Story Points )
d) Burn Down Chart wird vom Scram Master erstellt um den Budgetverbrauch ....
"
04.05.10 Planung und Steuerung,Im Vorgehensmodell ist Scrum gibt es die Retrospektive. Was entspricht dieser im klassischen / planbasierten Projektmanagement ,"Im klassischen bzw. planbasierten Projektmanagement entspricht die Retrospektive aus Scrum meist dem Lessons Learned Meeting oder der Projektabschlussbesprechung.
Hier reflektiert das Projektteam am Ende des Projekts (oder einer Phase) gemeinsam, was gut und schlecht lief, welche Erfahrungen gemacht wurden und welche Verbesserungen für zukünftige Projekte abgeleitet werden können.",Im Vorgehensmodell ist Scrum gibt es die Retrospektive. Was entspricht dieser im klassischen / planbasierten Projektmanagement 
04.05.10 Planung und Steuerung,"Auch in agilen Projekten sind Berichte über den Projektfortschritt wichtig welche Aussagen gelten über einen Burn Down Chart markieren sie die falsche Antwort.
a) Burndown Chart ist ein Instrument zur Visualisierung des Fortschrittes und Steuerung in einem Sprint 
b)Burn Down chart zeigt den Restaufwand an der von den Entwicklern täglich geschätzt werden muss 
c)Burn Downchart hat auf der x Achse die Zeit und auf der Y Achse den Aufwand (zum Beispiel in Story Points )
d) Burn Down Chart wird vom Scram Master erstellt um den Budgetverbrauch ....
","d) Burn Down Chart wird vom Scram Master erstellt um den Budgetverbrauch .... (egal was da noch steht, das macht in der Regel und laut Scrum sicher nicht ein SM","Auch in agilen Projekten sind Berichte über den Projektfortschritt wichtig welche Aussagen gelten über einen Burn Down Chart markieren sie die falsche Antwort.
a) Burndown Chart ist ein Instrument zur Visualisierung des Fortschrittes und Steuerung in einem Sprint 
b)Burn Down chart zeigt den Restaufwand an der von den Entwicklern täglich geschätzt werden muss 
c)Burn Downchart hat auf der x Achse die Zeit und auf der Y Achse den Aufwand (zum Beispiel in Story Points )
d) Burn Down Chart wird vom Scram Master erstellt um den Budgetverbrauch ....
"
04.05.10 Planung und Steuerung,Im Vorgehensmodell ist Scrum gibt es die Retrospektive. Was entspricht dieser im klassischen / planbasierten Projektmanagement ,"Im klassischen bzw. planbasierten Projektmanagement entspricht die Retrospektive aus Scrum meist dem Lessons Learned Meeting oder der Projektabschlussbesprechung.
Hier reflektiert das Projektteam am Ende des Projekts (oder einer Phase) gemeinsam, was gut und schlecht lief, welche Erfahrungen gemacht wurden und welche Verbesserungen für zukünftige Projekte abgeleitet werden können.",Im Vorgehensmodell ist Scrum gibt es die Retrospektive. Was entspricht dieser im klassischen / planbasierten Projektmanagement 
04.05.11 Chancen und Risiken,Benenne die Spalten der Risiko-Analyse!,"Identifikation: Ursache & Wirkung
Basis-Variablen: Eintrittswahrscheinlichkeit (EW) & Schadenshöhe/Tragweite (TW)
Risikowert (RW): Berechnung aus EW × TW
Bewältigung: Präventive & Korrektive Maßnahmen
Kostenkontrolle: Maßnahmekosten
Validierung: Restrisiko (EW neu, TW neu, RW neu)
Entscheidung: Umsetzung Ja/Nein (Abgleich: RW-Senkung vs. Maßnahmekosten)

a) Spalte 1–6: Risikoanalyse & Bewertung (Was könnte passieren und wie schlimm ist es?)
b) Spalte 7–9: Risikosteuerung (Was tun wir dagegen und wer ist zuständig?)",
04.05.11 Chancen und Risiken,Definieren Sie den Begriff Risiko und beschreiben Sie die notwendigen Berechnungen in der Analyse.,"Risiko ist die Möglichkeit, dass ein Ereignis eintritt, das negative Auswirkungen auf ein Projekt hat.  
 RW (Risikowert) = EW  (Eintrittswahrscheinlichkeit in Prozent) *TW (Tragweite/Schadenshöhe in Euro)

Ein Risiko ist ein potentielles zukünftiges Ereignis, dass mein Projekt oder Teile davon negativ beeinflussen kann. Zur Einschätzung des Risikos muss ich der Eintrittswahrscheinlichkeit die Tragweite gegenüberstellen. Daraus ergibt sich der Risikowert als Entscheidungshilfe, ob eine präventive Maßnahme zur Risikovermeidung sinnvoll ist oder ob das Risiko in Kauf genommen wird, weil eine Maßnahme in keinem Verhältnis zum Nutzen steht.
",
04.05.11 Chancen und Risiken,Der berechnete Risikowert des Projektes beträgt 100.000 €. Das Arbeitspaket 37 hat eine Eintrittswahrscheinlichkeit (EW) von 10% und eine Schadenshöhe (SH) von 150.000€ und tritt nicht ein. Wie hoch ist der verbleibende Gesamtrisikowert?,"Der verbleibende Gesamtrisikowert beträgt 85.000€, da vom ursprünglichen Risikowert von 100.000€ der Risikowert des Arbeitspakets 37 (10% × 150.000€ = 15.000€) abgezogen werden muss, nachdem dieses Risiko nicht eingetreten ist.",
04.05.11 Chancen und Risiken,"Ein Arbeitspaket wurde eine Woche zu spät abgeliefert. Die Vertragsstrafe beträgt 10.000 €. Wie hoch ist der Risikowert, wenn die Vertragsstrafe eintritt?","es ist in dem Augenblick schon ein Problem und kein Risiko mehr, eingetretener Schaden: Der Risikowert, wenn die Vertragsstrafe eintritt, beträgt 10.000 €.
Schadenshöhe = 10.000 €
Eintrittswahrscheinlichkeit = 1 (100 %)
Risikowert=1×10.000€=10.000€, wäre er schon aus dem Buget abgezogen wär er raus...",
04.05.11 Chancen und Risiken,"Ein Auto startet jedes 10. Mal nicht. Berechne die Eintrittswahrscheinlichkeit des Risikos, dass das Auto nicht startet. Ist das Risiko akzeptabel?","1 von 10 = 10% → Kontextabhängig - Nicht akzeptabel (Medizinzulassung, Notfall) Akzeptabel -(Verspätung beim Einkaufen).

Eintrittswahrscheinlichkeit 10%. Das Risiko ist für mich nicht akzeptabel, weil ich bei der Fahrt zur Arbeit und zurück mindestens 1x pro Woche nicht mit dem Auto fahren kann und nicht weiß, wann dieses Ereignis eintrifft.",
04.05.11 Chancen und Risiken,Erklären Sie den Unterschied zwischen einem Risiko und einem Problem im Projektmanagement.,"Risiken sind mögliche, zukünftige Bedrohungen, während Probleme bereits eingetretene Schwierigkeiten sind, die sofortige Lösungen erfordern.",
04.05.11 Chancen und Risiken,Erläutern Sie die beiden Arten von Risikomaßnahmen.,"Präventiv: Reduzierung der Eintrittswahrscheinlichkeit oder Schadenshöhe (z. B. Dammbau, Versicherung).
Korrektiv: Schadensbegrenzung nach Risikoeintritt (z. B. Abpumpen durch Feuerwehr).
",
04.05.11 Chancen und Risiken,Erläutern Sie die Kopfstandmethode anhand eines Beispiels ,"Die Kopfstandmethode kehrt ein Problem gedanklich ins Gegenteil um, um dadurch neue Ideen zu provozieren, die man anschließend wieder ins Positive übersetzt. Beispiel: Statt zu fragen „Wie erhöhen wir die Kundenzufriedenheit?“, fragt man „Wie vergraulen wir Kunden?“ und leitet aus diesen Negativideen Maßnahmen zur Verbesserung ab.",
04.05.11 Chancen und Risiken,"Erläutern Sie die Risikostrategie ""akzeptieren"" an einem Beispiel.","Risikostrategie ""Akzeptieren"":
Bewusstes Hinnehmen eines Risikos ohne präventive Maßnahmen. Eingriff erst bei Eintritt, wenn Auswirkungen oder Kosten-Nutzen-Verhältnis gering sind.
Beispiel:
Outdoor-Betriebsfest ohne Zeltmiete – Regenrisiko wird akzeptiert. Bei Regenbeginn werden spontan Sonnensegel aufgespannt, oder man genießt die Sommerliche Abkühlung---:-)",
04.05.11 Chancen und Risiken,"Erläutern Sie die Risikostrategie ""verringern"" anhand eines Beispiels ","Die Strategie ""Vermindern"" (Risikominderung) zielt darauf ab, entweder die Eintrittswahrscheinlichkeit (EW) oder die Schadenshöhe (Tragweite, TW) eines Risikos durch präventive Maßnahmen zu reduzieren.
Beispiel: Um das Risiko eines terminverzugsbedingten Projektabbruchs wegen eines unsicheren Backendservers (R2) zu minimieren, wird das entsprechende Arbeitspaket (AP) zeitlich früher eingeplant. Durch diese Maßnahme wird die Eintrittswahrscheinlichkeit des Risikos gesenkt, wodurch der Risikowert reduziert wird (z. B. von 4 T€ auf 1,6 T€)",
04.05.11 Chancen und Risiken,Erstelle/Nenne die Spalten einer Risikotabelle!,"RisikoKlasse
EW (%)
TW (€)
RW (€)
präventive/korrektive Maßnahmen
Kosten präventive Maßnahmen
EW-Neu (%)
TW-Neu (€)
RW-Neu (€)
Umsetzung Ja/Nein
",
04.05.11 Chancen und Risiken,"Für ein Projekt hast Du vorab einen Risikowert von 100.000,- Euro berechnet. Ein Risiko mit einer Schadenshöhe von 100.000,- Euro und einer vorher prognostizierten Eintrittswahrscheinlichkeit von 10% ist nicht eingetreten. Wie hoch ist der aktualisierte Risikowert?","Der aktualisierte Risikowert wird berechnet, indem der Beitrag des nicht eingetretenen Risikos vom ursprünglichen Risikowert abgezogen wird.
Formel:
Risikowert = Ursprünglicher Risikowert −(Schadenshöhe×Eintrittswahrscheinlichkeit) 
Gegeben:
Ursprünglicher Risikowert = 100.000 €
Schadenshöhe = 100.000 €
Eintrittswahrscheinlichkeit = 10 % (0,1)
Aktualisierter Risikowert = 100.000 − (100.000×0,1)=100.000 −10.000 =90.000 €
Ergebnis: Der aktualisierte Risikowert beträgt 90.000 €.",
04.05.11 Chancen und Risiken,Geben Sie ein Beispiel einer qualitativen Risikobewertung ,"Fehlende Programmierer
EW: Hoch (Fachkräftemangel).
TW: Hoch (Terminverzug).
Strategie: Vermeiden/Vermindern (z. B. Frühzeitig einstellen).

Risiko: „Verzögerte Lieferung kritischer Hardware-Komponenten""
Die Eintrittswahrscheinlichkeit wird auf Mittel geschätzt, da Lieferanten gelegentlich Verzögerungen aufweisen. Das Schadensausmaß ist Hoch, da Verzögerungen zu 4–6 Wochen Projektverzug führen würden. Die resultierende Risikoeinschätzung erfordert erhöhte Aufmerksamkeit.",
04.05.11 Chancen und Risiken,Geben Sie vier (4) Spalten einer Risikotabelle an.,"Risikobeschreibung (Beschreibung des identifizierten Risikos)
Eintrittswahrscheinlichkeit (prozentuale Wahrscheinlichkeit des Risikoeintritts)
Schadenshöhe (potenzieller finanzieller oder qualitativer Schaden)
Risikowert (Produkt aus Eintrittswahrscheinlichkeit und Schadenshöhe)",
04.05.11 Chancen und Risiken,"Ihr Auto springt bei jedem 10. Mal nicht an, da es ein Problem mit dem Anlasser (Wackelkontakt Kabel) gibt. Wie hoch ist die Eintrittswahrscheinlichkeit in %, dass Sie nicht losfahren können? Akzeptieren Sie das Risiko? Begründen Sie Ihre Antwort.","EW = jedes 10 Mal = 1/10 = 10% 
Viele Experten sind der Meinung, dass ein Risiko von 10 % als hoch gilt, daher akzeptiere ich das Risiko nicht! Nur geringe Risiken können akzeptiert werden.

EW = 10%; Nein, keine Akzeptanz, da ich in derKonsequenz das Auto nicht benutzen zu können , mit den öffentlichen Verkehrsmitteln zur Arbeit  fahren muß . Das dauert doppelt so lange. Damit komme ich in 10% der Fälle zu spät zur Arbeit.",
04.05.11 Chancen und Risiken,"Ihr Projekt ist der Bau eines Einfamilienhauses. Nennen Sie 2 Punkte, die Sie in eine Risiko-Checkliste schreiben würden.","Höherer Grundwasserspiegel als erwartet
Subunternehmer mit Finanzproblemen",
04.05.11 Chancen und Risiken,Im Projektvertrag ist für eine verspätete Lieferung des Projektgegenstandes um mehr als eine Woche eine Strafe von 10T€ angegeben. Für eine verspätete Lieferung um 1 Woche geben Ihre Experten eine Wahrscheinlichkeit von 10% an. Wie hoch ist der Risikowert (inkl. Rechenweg?),"Risikowert (RW) = Eintrittswahrscheinlichkeit (EW in %) x Schadenshöhe (TW in €), hier RW = 0,1 x 10 T€ = 1.000 €",
04.05.11 Chancen und Risiken,"In der Risikotabelle für ihr Projekt steht: Gesamt-Risikowert für das Projekt war 500 T Euro. Für das Arbeitspaket 5 war ein spezifisches Risiko R5 mit EW = 5% und TW = 1 Mio. T Euro angegeben. Das Arbeitspaket 5 ist abgeschlossen, eine Kundenabnahme ist ohne Mängelliste erfolgt. Das Risiko R5 ist NICHT eingetreten. Wie hoch ist der verbleibenden Gesamt-Risiko für das Projekt nach der Aktualisierung der Risikotabelle?","Der verbleibende Gesamt-Risikowert beträgt 450 T Euro.
Hier ist die Berechnung basierend auf den Regeln der quantitativen Risikoanalyse:
1. Berechnung des Risikowertes für R5: Der Risikowert (RW) errechnet sich aus Eintrittswahrscheinlichkeit (EW) × Tragweite (TW).
    ◦ TW = 1 Mio. Euro = 1.000 T Euro (Annahme: ""1 Mio. T"" war ein Tippfehler, da der Gesamtwert sonst überschritten wäre).
    ◦ EW = 5 %
    ◦ RW (R5) = 1.000 T × 0,05 = 50 T Euro.
2. Aktualisierung der Tabelle: Da das Arbeitspaket abgeschlossen ist und das Risiko nicht eingetreten ist, fällt dieser Risikowert ersatzlos weg. Die Risikotabelle muss im Projektverlauf permanent gepflegt werden, um nicht mehr relevante Risiken zu entfernen.
3. Ergebnis: 500 T (Alter Gesamtwert) – 50 T (R5) = 450 T Euro.",
04.05.11 Chancen und Risiken,Nennen Sie 2 Synonyme für Risikoauswirkungen?,"1. Risikofolgen
2. Risikokonsequenzen
/
1. Tragweite
2. Schadenshöhe


",
04.05.11 Chancen und Risiken,Nennen Sie drei Methoden zur Bewertung von Chancen und Risiken.,"1. Qualitative Risikoanalyse: Kategorisierung nach Wahrscheinlichkeit und Auswirkung, oft in Risikomatrizen.
2. Quantitative Risikoanalyse: Numerische Bewertung für genaue Berechnung finanzieller Auswirkungen oder Eintrittswahrscheinlichkeiten. / Risikomatrix
3. SWOT-Analyse: Bewertung interner und externer Faktoren anhand von Stärken, Schwächen, Chancen und Bedrohungen./
4. Entscheidungsbäume (z. B. Ishikawa-Analyse)
5. Die FMEA (Fehlermöglichkeits- und Einflussanalyse)",
04.05.11 Chancen und Risiken,Nennen Sie zwei (2) Risikoarten.,"externe und interne Risiken, Sachliche und Soziale Risiken",
04.05.11 Chancen und Risiken,Nennen Sie zwei Beispiele für präventive Maßnahmen in der Risikoanalyse.,"1. Frühzeitige Tests: Durchführung von Tests oder Prototypen, um potenzielle Probleme frühzeitig zu erkennen.
2. Schulung des Teams: Schulung der Mitarbeiter, um Fehler durch mangelndes Wissen oder Erfahrung zu vermeiden.",
04.05.11 Chancen und Risiken,"Rechtliche Anforderungen an das Risikomanagement werden in folgenden Gesetzen / Vorschriften beschrieben.
Markieren Sie die falsche Antwort.
 
a) Basel II
b) US GAAP
c) Risiko-Gesetz
d) KonTraG",c) Risiko-Gesetz,
04.05.11 Chancen und Risiken,Sie haben (5) Risiken in der Risikotabelle mit jeweils 10 T  Tragweite (TW) aufgeführt. Wie hoch sollte das entgültige Risikobudget mindestens sein? ,"Auf Basis der vorliegenden Informationen lässt sich das Budget noch nicht endgültig berechnen, da eine entscheidende Komponente fehlt: die Eintrittswahrscheinlichkeit (EW). Um auf nummer siche rzu gehen :
1. Berechnungsgrundlage: Der für das Budget relevante Risikowert (RW) berechnet sich immer aus der Formel: RW = EW × TW (Eintrittswahrscheinlichkeit × Tragweite)
Das Gesamtrisiko beträgt 50.000 €, da es sich um 5 Risiken mit jeweils einer Tragweite von 10.000 € handelt.
Gesamtrisiko=Anzahl der Risiken×Tragweite pro Risiko
Gesamtrisiko=5×10.000=50.000€ - auf NUMMER SICHER, wenn keine Eintrittswahrscheinlichkeit 

Das Gesamtrisiko beträgt 50.000 €, da es sich um 5 Risiken mit jeweils einer Tragweite von 10.000 € handelt.
Gesamtrisiko=Anzahl der Risiken×Tragweite pro Risiko

Auch ein in Prozent 10/15 pauschales Budget des Gesamtbudgets ist manchmal denkbar
Gesamtrisiko=5×10.000=50.000€ - auf NUMMER SICHER, wenn keine Eintrittswahrscheinlichkeit ",
04.05.11 Chancen und Risiken,"Sie hatten in der Risikotabelle für Ihr Projekt eingetragen: Gesamt-Risikowert für das Projekt war 100 T€. Für das Arbeitspaket 37 war ein spezifisches Risiko R37 mit EW = 10 % und TW = 100 T€ angegeben. Das Arbeitspaket 37 ist beendet, eine Kundenabnahme ist ohne Mängelliste erfolgt. Das Risiko R37 ist NICHT eingetreten. 
Sie aktualisieren Ihre Risikotabelle. 
Wie hoch ist der verbleibende Gesamt-Risikowert für das Projekt (inkl. Rechenweg)?","Der verbleibende Gesamt-Risikowert für das Projekt beträgt 90.000 €.
Hier ist der detaillierte Rechenweg und die logische Begründung:
1. Der Rechenweg
Der neue Gesamtwert ergibt sich, indem man den Risikowert des abgeschlossenen Risikos R37 vom ursprünglichen Gesamt-Risikowert abzieht.
1. Berechnung des Risikowerts für R37: Die Formel lautet: Risikowert (RW)=Eintrittswahrscheinlichkeit (EW)×Tragweite (TW)
    ◦ EW=10%=0,10
    ◦ TW=100.000€ (100 T€)
    ◦ RW R37 =0,10×100.000€=10.000€
2. Aktualisierung des Gesamtwerts: Da das Arbeitspaket abgeschlossen ist und das Risiko nicht eingetreten ist, entfällt dieser Risikowert ersatzlos aus der Kalkulation.
    ◦ Alter Gesamtwert−Risikowert R37=Neuer Gesamtwert
    ◦ 100.000€−10.000€=90.000€
",
04.05.11 Chancen und Risiken,"Sie sind am Projekt ""Gartenfest im Hotel"" beteiligt. Nennen Sie ein Risiko, bei dem eine präventive Maßnahme sinnvoll ist.","Risiko: schlechtes Wetter während des Gartenfestes, präventive Maßnahme: Bereitstellung von Partyzelten 
Ein Risiko beim Projekt ""Gartenfest im Hotel"" könnte das Schlechtes Wetter sein, das das Fest im Freien beeinträchtigt. Eine präventive Maßnahme wäre, ein Zelt oder einen überdachten Bereich als Notfallplan zu organisieren, um das Event auch bei schlechtem Wetter erfolgreich durchführen zu können.",
04.05.11 Chancen und Risiken,"Was sind mögliche Maßnahmen, um die Auswirkungen eines identifizierten Risikos zu minimieren?","Korrektive Maßnahmen reduzieren die Auswirkungen nach Eintritt (z.b. begrenzen)Schadensbegrenzung nach Risikoeintritt, Versicherungsabschlüsse zur finanziellen Absicherung, schnelle Rettungs- und Hilfemaßnahmen, Verhandlungen zur Konfliktlösung, sowie die Einrichtung von Notfallplänen und Rückrufaktionen für betroffene Produkte
Präventive Maßnahmen beugen unerwünschten Risiken vor , z.B. Versicherung abschließen; zusätzliche Mitarbeiter einstellen (Vermeiden, vermindern, verlagern und begrenzen minimieren die Auswirkungen eines Risikos), ",
04.05.11 Chancen und Risiken,"Welche Strategien gibt es, um mit Risikopotenzialen umzugehen?","Strategien: Vermeiden, vermindern, verlagern, akzeptieren, begrenzen 3V+AB /BAVVV",
04.05.11 Chancen und Risiken,"Wie hoch ist der Risikowert, wenn die Eintrittswahrscheinlichkeit bei 30% und die Schadenshöhe bei 15.000 € liegt?",Risikowert = Eintrittswahrscheinlichkeit x Schadenshöhe = 30% x 15.000 € = 4.500 €,
04.05.11 Chancen und Risiken,Wie lässt sich das Risiko qualitativ bewerten wenn sie keine quantitative Eintrittswahrscheinlichkeit für ein Risiko ermitteln können ,"Die qualitative Risikoanalyse wird angewendet, wenn keine quantitativen Eintrittswahrscheinlichkeiten verfügbar sind. Dabei werden Risiken anhand von ordinal skalierbaren Werten für die Eintrittswahrscheinlichkeit und die Tragweite/Schadenshöhe (z. B. gering, mittel, hoch) geschätzt und in einem Risikoportfolio/Risikomatrix  visualisiert. Anhand dieser grob geschätzten Vergleiche können passende Risikostrategien (wie vermeiden, vermindern, begrenzen oder akzeptieren) abgeleitet werden",
04.05.11 Chancen und Risiken,Wie lautet die Formel zur Berechnung des Risikowertes ? Erläutern Sie die Faktoren.,"Die Formel zur Berechnung des Risikowertes (RW) im Rahmen der quantitativen Risikoanalyse lautet:
RW = EW × TW
Die beiden Faktoren sind:
• Eintrittswahrscheinlichkeit (EW): Dies ist die geschätzte Wahrscheinlichkeit (in Prozent), mit der das Risiko eintreten wird.
• Tragweite (TW): Dies ist die geschätzte Schadenshöhe (in Euro), die entstehen würde, wenn das Risiko tatsächlich eintritt.
Dieser Wert hilft dabei zu entscheiden, ob sich eine präventive Maßnahme lohnt: Ist der Aufwand für die Maßnahme geringer als die Reduzierung des Risikowertes, ist die Maßnahme wirtschaftlich sinnvoll.

Risikowert (RW) = Eintrittswahrscheinlichkeit (EW) x Schadenshöhe (€), Die Eintrittswahrscheinlichkeit gibt in einer Schätzung vor, wie häufig dieses Ereignis eintreten kann, Die Schadenshöhe in € beziffert die Höhe der möglichen finanziellen Auswirkungen/Schäden für das Projekt.",
04.05.11 Chancen und Risiken,Wozu erstellt man eine Risikomatrix?,"Zur Risikomaßnahmenplanung (Präventiv; Korrektiv)

Eine Risikomatrix dient der Identifizierung, Analyse, Bewertung und Priorisierung von Risiken basierend auf Eintrittswahrscheinlichkeit und Schadensausmaß, um die gravierendsten Risiken gezielte Maßnahmen zur Risikominimierung abzuleiten, und potenzielllen Schaden abzuwenden.",
04.05.11 Chancen und Risiken,Benenne die Spalten der Risiko-Analyse!,"Identifikation: Ursache & Wirkung
Basis-Variablen: Eintrittswahrscheinlichkeit (EW) & Schadenshöhe/Tragweite (TW)
Risikowert (RW): Berechnung aus EW × TW
Bewältigung: Präventive & Korrektive Maßnahmen
Kostenkontrolle: Maßnahmekosten
Validierung: Restrisiko (EW neu, TW neu, RW neu)
Entscheidung: Umsetzung Ja/Nein (Abgleich: RW-Senkung vs. Maßnahmekosten)

a) Spalte 1–6: Risikoanalyse & Bewertung (Was könnte passieren und wie schlimm ist es?)
b) Spalte 7–9: Risikosteuerung (Was tun wir dagegen und wer ist zuständig?)",Benenne die Spalten der Risiko-Analyse!
04.05.11 Chancen und Risiken,Definieren Sie den Begriff Risiko und beschreiben Sie die notwendigen Berechnungen in der Analyse.,"Risiko ist die Möglichkeit, dass ein Ereignis eintritt, das negative Auswirkungen auf ein Projekt hat.  
 RW (Risikowert) = EW  (Eintrittswahrscheinlichkeit in Prozent) *TW (Tragweite/Schadenshöhe in Euro)

Ein Risiko ist ein potentielles zukünftiges Ereignis, dass mein Projekt oder Teile davon negativ beeinflussen kann. Zur Einschätzung des Risikos muss ich der Eintrittswahrscheinlichkeit die Tragweite gegenüberstellen. Daraus ergibt sich der Risikowert als Entscheidungshilfe, ob eine präventive Maßnahme zur Risikovermeidung sinnvoll ist oder ob das Risiko in Kauf genommen wird, weil eine Maßnahme in keinem Verhältnis zum Nutzen steht.
",Definieren Sie den Begriff Risiko und beschreiben Sie die notwendigen Berechnungen in der Analyse.
04.05.11 Chancen und Risiken,Der berechnete Risikowert des Projektes beträgt 100.000 €. Das Arbeitspaket 37 hat eine Eintrittswahrscheinlichkeit (EW) von 10% und eine Schadenshöhe (SH) von 150.000€ und tritt nicht ein. Wie hoch ist der verbleibende Gesamtrisikowert?,"Der verbleibende Gesamtrisikowert beträgt 85.000€, da vom ursprünglichen Risikowert von 100.000€ der Risikowert des Arbeitspakets 37 (10% × 150.000€ = 15.000€) abgezogen werden muss, nachdem dieses Risiko nicht eingetreten ist.",Der berechnete Risikowert des Projektes beträgt 100.000 €. Das Arbeitspaket 37 hat eine Eintrittswahrscheinlichkeit (EW) von 10% und eine Schadenshöhe (SH) von 150.000€ und tritt nicht ein. Wie hoch ist der verbleibende Gesamtrisikowert?
04.05.11 Chancen und Risiken,"Ein Arbeitspaket wurde eine Woche zu spät abgeliefert. Die Vertragsstrafe beträgt 10.000 €. Wie hoch ist der Risikowert, wenn die Vertragsstrafe eintritt?","es ist in dem Augenblick schon ein Problem und kein Risiko mehr, eingetretener Schaden: Der Risikowert, wenn die Vertragsstrafe eintritt, beträgt 10.000 €.
Schadenshöhe = 10.000 €
Eintrittswahrscheinlichkeit = 1 (100 %)
Risikowert=1×10.000€=10.000€, wäre er schon aus dem Buget abgezogen wär er raus...","Ein Arbeitspaket wurde eine Woche zu spät abgeliefert. Die Vertragsstrafe beträgt 10.000 €. Wie hoch ist der Risikowert, wenn die Vertragsstrafe eintritt?"
04.05.11 Chancen und Risiken,"Ein Auto startet jedes 10. Mal nicht. Berechne die Eintrittswahrscheinlichkeit des Risikos, dass das Auto nicht startet. Ist das Risiko akzeptabel?","1 von 10 = 10% → Kontextabhängig - Nicht akzeptabel (Medizinzulassung, Notfall) Akzeptabel -(Verspätung beim Einkaufen).

Eintrittswahrscheinlichkeit 10%. Das Risiko ist für mich nicht akzeptabel, weil ich bei der Fahrt zur Arbeit und zurück mindestens 1x pro Woche nicht mit dem Auto fahren kann und nicht weiß, wann dieses Ereignis eintrifft.","Ein Auto startet jedes 10. Mal nicht. Berechne die Eintrittswahrscheinlichkeit des Risikos, dass das Auto nicht startet. Ist das Risiko akzeptabel?"
04.05.11 Chancen und Risiken,Erklären Sie den Unterschied zwischen einem Risiko und einem Problem im Projektmanagement.,"Risiken sind mögliche, zukünftige Bedrohungen, während Probleme bereits eingetretene Schwierigkeiten sind, die sofortige Lösungen erfordern.",Erklären Sie den Unterschied zwischen einem Risiko und einem Problem im Projektmanagement.
04.05.11 Chancen und Risiken,Erläutern Sie die beiden Arten von Risikomaßnahmen.,"Präventiv: Reduzierung der Eintrittswahrscheinlichkeit oder Schadenshöhe (z. B. Dammbau, Versicherung).
Korrektiv: Schadensbegrenzung nach Risikoeintritt (z. B. Abpumpen durch Feuerwehr).
",Erläutern Sie die beiden Arten von Risikomaßnahmen.
04.05.11 Chancen und Risiken,Erläutern Sie die Kopfstandmethode anhand eines Beispiels ,"Die Kopfstandmethode kehrt ein Problem gedanklich ins Gegenteil um, um dadurch neue Ideen zu provozieren, die man anschließend wieder ins Positive übersetzt. Beispiel: Statt zu fragen „Wie erhöhen wir die Kundenzufriedenheit?“, fragt man „Wie vergraulen wir Kunden?“ und leitet aus diesen Negativideen Maßnahmen zur Verbesserung ab.",Erläutern Sie die Kopfstandmethode anhand eines Beispiels 
04.05.11 Chancen und Risiken,"Erläutern Sie die Risikostrategie ""akzeptieren"" an einem Beispiel.","Risikostrategie ""Akzeptieren"":
Bewusstes Hinnehmen eines Risikos ohne präventive Maßnahmen. Eingriff erst bei Eintritt, wenn Auswirkungen oder Kosten-Nutzen-Verhältnis gering sind.
Beispiel:
Outdoor-Betriebsfest ohne Zeltmiete – Regenrisiko wird akzeptiert. Bei Regenbeginn werden spontan Sonnensegel aufgespannt, oder man genießt die Sommerliche Abkühlung---:-)","Erläutern Sie die Risikostrategie ""akzeptieren"" an einem Beispiel."
04.05.11 Chancen und Risiken,"Erläutern Sie die Risikostrategie ""verringern"" anhand eines Beispiels ","Die Strategie ""Vermindern"" (Risikominderung) zielt darauf ab, entweder die Eintrittswahrscheinlichkeit (EW) oder die Schadenshöhe (Tragweite, TW) eines Risikos durch präventive Maßnahmen zu reduzieren.
Beispiel: Um das Risiko eines terminverzugsbedingten Projektabbruchs wegen eines unsicheren Backendservers (R2) zu minimieren, wird das entsprechende Arbeitspaket (AP) zeitlich früher eingeplant. Durch diese Maßnahme wird die Eintrittswahrscheinlichkeit des Risikos gesenkt, wodurch der Risikowert reduziert wird (z. B. von 4 T€ auf 1,6 T€)","Erläutern Sie die Risikostrategie ""verringern"" anhand eines Beispiels "
04.05.11 Chancen und Risiken,Erstelle/Nenne die Spalten einer Risikotabelle!,"RisikoKlasse
EW (%)
TW (€)
RW (€)
präventive/korrektive Maßnahmen
Kosten präventive Maßnahmen
EW-Neu (%)
TW-Neu (€)
RW-Neu (€)
Umsetzung Ja/Nein
",Erstelle/Nenne die Spalten einer Risikotabelle!
04.05.11 Chancen und Risiken,"Für ein Projekt hast Du vorab einen Risikowert von 100.000,- Euro berechnet. Ein Risiko mit einer Schadenshöhe von 100.000,- Euro und einer vorher prognostizierten Eintrittswahrscheinlichkeit von 10% ist nicht eingetreten. Wie hoch ist der aktualisierte Risikowert?","Der aktualisierte Risikowert wird berechnet, indem der Beitrag des nicht eingetretenen Risikos vom ursprünglichen Risikowert abgezogen wird.
Formel:
Risikowert = Ursprünglicher Risikowert −(Schadenshöhe×Eintrittswahrscheinlichkeit) 
Gegeben:
Ursprünglicher Risikowert = 100.000 €
Schadenshöhe = 100.000 €
Eintrittswahrscheinlichkeit = 10 % (0,1)
Aktualisierter Risikowert = 100.000 − (100.000×0,1)=100.000 −10.000 =90.000 €
Ergebnis: Der aktualisierte Risikowert beträgt 90.000 €.","Für ein Projekt hast Du vorab einen Risikowert von 100.000,- Euro berechnet. Ein Risiko mit einer Schadenshöhe von 100.000,- Euro und einer vorher prognostizierten Eintrittswahrscheinlichkeit von 10% ist nicht eingetreten. Wie hoch ist der aktualisierte Risikowert?"
04.05.11 Chancen und Risiken,Geben Sie ein Beispiel einer qualitativen Risikobewertung ,"Fehlende Programmierer
EW: Hoch (Fachkräftemangel).
TW: Hoch (Terminverzug).
Strategie: Vermeiden/Vermindern (z. B. Frühzeitig einstellen).

Risiko: „Verzögerte Lieferung kritischer Hardware-Komponenten""
Die Eintrittswahrscheinlichkeit wird auf Mittel geschätzt, da Lieferanten gelegentlich Verzögerungen aufweisen. Das Schadensausmaß ist Hoch, da Verzögerungen zu 4–6 Wochen Projektverzug führen würden. Die resultierende Risikoeinschätzung erfordert erhöhte Aufmerksamkeit.",Geben Sie ein Beispiel einer qualitativen Risikobewertung 
04.05.11 Chancen und Risiken,Geben Sie vier (4) Spalten einer Risikotabelle an.,"Risikobeschreibung (Beschreibung des identifizierten Risikos)
Eintrittswahrscheinlichkeit (prozentuale Wahrscheinlichkeit des Risikoeintritts)
Schadenshöhe (potenzieller finanzieller oder qualitativer Schaden)
Risikowert (Produkt aus Eintrittswahrscheinlichkeit und Schadenshöhe)",Geben Sie vier (4) Spalten einer Risikotabelle an.
04.05.11 Chancen und Risiken,"Ihr Auto springt bei jedem 10. Mal nicht an, da es ein Problem mit dem Anlasser (Wackelkontakt Kabel) gibt. Wie hoch ist die Eintrittswahrscheinlichkeit in %, dass Sie nicht losfahren können? Akzeptieren Sie das Risiko? Begründen Sie Ihre Antwort.","EW = jedes 10 Mal = 1/10 = 10% 
Viele Experten sind der Meinung, dass ein Risiko von 10 % als hoch gilt, daher akzeptiere ich das Risiko nicht! Nur geringe Risiken können akzeptiert werden.

EW = 10%; Nein, keine Akzeptanz, da ich in derKonsequenz das Auto nicht benutzen zu können , mit den öffentlichen Verkehrsmitteln zur Arbeit  fahren muß . Das dauert doppelt so lange. Damit komme ich in 10% der Fälle zu spät zur Arbeit.","Ihr Auto springt bei jedem 10. Mal nicht an, da es ein Problem mit dem Anlasser (Wackelkontakt Kabel) gibt. Wie hoch ist die Eintrittswahrscheinlichkeit in %, dass Sie nicht losfahren können? Akzeptieren Sie das Risiko? Begründen Sie Ihre Antwort."
04.05.11 Chancen und Risiken,"Ihr Projekt ist der Bau eines Einfamilienhauses. Nennen Sie 2 Punkte, die Sie in eine Risiko-Checkliste schreiben würden.","Höherer Grundwasserspiegel als erwartet
Subunternehmer mit Finanzproblemen","Ihr Projekt ist der Bau eines Einfamilienhauses. Nennen Sie 2 Punkte, die Sie in eine Risiko-Checkliste schreiben würden."
04.05.11 Chancen und Risiken,Im Projektvertrag ist für eine verspätete Lieferung des Projektgegenstandes um mehr als eine Woche eine Strafe von 10T€ angegeben. Für eine verspätete Lieferung um 1 Woche geben Ihre Experten eine Wahrscheinlichkeit von 10% an. Wie hoch ist der Risikowert (inkl. Rechenweg?),"Risikowert (RW) = Eintrittswahrscheinlichkeit (EW in %) x Schadenshöhe (TW in €), hier RW = 0,1 x 10 T€ = 1.000 €",Im Projektvertrag ist für eine verspätete Lieferung des Projektgegenstandes um mehr als eine Woche eine Strafe von 10T€ angegeben. Für eine verspätete Lieferung um 1 Woche geben Ihre Experten eine Wahrscheinlichkeit von 10% an. Wie hoch ist der Risikowert (inkl. Rechenweg?)
04.05.11 Chancen und Risiken,"In der Risikotabelle für ihr Projekt steht: Gesamt-Risikowert für das Projekt war 500 T Euro. Für das Arbeitspaket 5 war ein spezifisches Risiko R5 mit EW = 5% und TW = 1 Mio. T Euro angegeben. Das Arbeitspaket 5 ist abgeschlossen, eine Kundenabnahme ist ohne Mängelliste erfolgt. Das Risiko R5 ist NICHT eingetreten. Wie hoch ist der verbleibenden Gesamt-Risiko für das Projekt nach der Aktualisierung der Risikotabelle?","Der verbleibende Gesamt-Risikowert beträgt 450 T Euro.
Hier ist die Berechnung basierend auf den Regeln der quantitativen Risikoanalyse:
1. Berechnung des Risikowertes für R5: Der Risikowert (RW) errechnet sich aus Eintrittswahrscheinlichkeit (EW) × Tragweite (TW).
    ◦ TW = 1 Mio. Euro = 1.000 T Euro (Annahme: ""1 Mio. T"" war ein Tippfehler, da der Gesamtwert sonst überschritten wäre).
    ◦ EW = 5 %
    ◦ RW (R5) = 1.000 T × 0,05 = 50 T Euro.
2. Aktualisierung der Tabelle: Da das Arbeitspaket abgeschlossen ist und das Risiko nicht eingetreten ist, fällt dieser Risikowert ersatzlos weg. Die Risikotabelle muss im Projektverlauf permanent gepflegt werden, um nicht mehr relevante Risiken zu entfernen.
3. Ergebnis: 500 T (Alter Gesamtwert) – 50 T (R5) = 450 T Euro.","In der Risikotabelle für ihr Projekt steht: Gesamt-Risikowert für das Projekt war 500 T Euro. Für das Arbeitspaket 5 war ein spezifisches Risiko R5 mit EW = 5% und TW = 1 Mio. T Euro angegeben. Das Arbeitspaket 5 ist abgeschlossen, eine Kundenabnahme ist ohne Mängelliste erfolgt. Das Risiko R5 ist NICHT eingetreten. Wie hoch ist der verbleibenden Gesamt-Risiko für das Projekt nach der Aktualisierung der Risikotabelle?"
04.05.11 Chancen und Risiken,Nennen Sie 2 Synonyme für Risikoauswirkungen?,"1. Risikofolgen
2. Risikokonsequenzen
/
1. Tragweite
2. Schadenshöhe


",Nennen Sie 2 Synonyme für Risikoauswirkungen?
04.05.11 Chancen und Risiken,Nennen Sie drei Methoden zur Bewertung von Chancen und Risiken.,"1. Qualitative Risikoanalyse: Kategorisierung nach Wahrscheinlichkeit und Auswirkung, oft in Risikomatrizen.
2. Quantitative Risikoanalyse: Numerische Bewertung für genaue Berechnung finanzieller Auswirkungen oder Eintrittswahrscheinlichkeiten. / Risikomatrix
3. SWOT-Analyse: Bewertung interner und externer Faktoren anhand von Stärken, Schwächen, Chancen und Bedrohungen./
4. Entscheidungsbäume (z. B. Ishikawa-Analyse)
5. Die FMEA (Fehlermöglichkeits- und Einflussanalyse)",Nennen Sie drei Methoden zur Bewertung von Chancen und Risiken.
04.05.11 Chancen und Risiken,Nennen Sie zwei (2) Risikoarten.,"externe und interne Risiken, Sachliche und Soziale Risiken",Nennen Sie zwei (2) Risikoarten.
04.05.11 Chancen und Risiken,Nennen Sie zwei Beispiele für präventive Maßnahmen in der Risikoanalyse.,"1. Frühzeitige Tests: Durchführung von Tests oder Prototypen, um potenzielle Probleme frühzeitig zu erkennen.
2. Schulung des Teams: Schulung der Mitarbeiter, um Fehler durch mangelndes Wissen oder Erfahrung zu vermeiden.",Nennen Sie zwei Beispiele für präventive Maßnahmen in der Risikoanalyse.
04.05.11 Chancen und Risiken,"Rechtliche Anforderungen an das Risikomanagement werden in folgenden Gesetzen / Vorschriften beschrieben.
Markieren Sie die falsche Antwort.
 
a) Basel II
b) US GAAP
c) Risiko-Gesetz
d) KonTraG",c) Risiko-Gesetz,"Rechtliche Anforderungen an das Risikomanagement werden in folgenden Gesetzen / Vorschriften beschrieben.
Markieren Sie die falsche Antwort.
 
a) Basel II
b) US GAAP
c) Risiko-Gesetz
d) KonTraG"
04.05.11 Chancen und Risiken,Sie haben (5) Risiken in der Risikotabelle mit jeweils 10 T  Tragweite (TW) aufgeführt. Wie hoch sollte das entgültige Risikobudget mindestens sein? ,"Auf Basis der vorliegenden Informationen lässt sich das Budget noch nicht endgültig berechnen, da eine entscheidende Komponente fehlt: die Eintrittswahrscheinlichkeit (EW). Um auf nummer siche rzu gehen :
1. Berechnungsgrundlage: Der für das Budget relevante Risikowert (RW) berechnet sich immer aus der Formel: RW = EW × TW (Eintrittswahrscheinlichkeit × Tragweite)
Das Gesamtrisiko beträgt 50.000 €, da es sich um 5 Risiken mit jeweils einer Tragweite von 10.000 € handelt.
Gesamtrisiko=Anzahl der Risiken×Tragweite pro Risiko
Gesamtrisiko=5×10.000=50.000€ - auf NUMMER SICHER, wenn keine Eintrittswahrscheinlichkeit 

Das Gesamtrisiko beträgt 50.000 €, da es sich um 5 Risiken mit jeweils einer Tragweite von 10.000 € handelt.
Gesamtrisiko=Anzahl der Risiken×Tragweite pro Risiko

Auch ein in Prozent 10/15 pauschales Budget des Gesamtbudgets ist manchmal denkbar
Gesamtrisiko=5×10.000=50.000€ - auf NUMMER SICHER, wenn keine Eintrittswahrscheinlichkeit ",Sie haben (5) Risiken in der Risikotabelle mit jeweils 10 T  Tragweite (TW) aufgeführt. Wie hoch sollte das entgültige Risikobudget mindestens sein? 
04.05.11 Chancen und Risiken,"Sie hatten in der Risikotabelle für Ihr Projekt eingetragen: Gesamt-Risikowert für das Projekt war 100 T€. Für das Arbeitspaket 37 war ein spezifisches Risiko R37 mit EW = 10 % und TW = 100 T€ angegeben. Das Arbeitspaket 37 ist beendet, eine Kundenabnahme ist ohne Mängelliste erfolgt. Das Risiko R37 ist NICHT eingetreten. 
Sie aktualisieren Ihre Risikotabelle. 
Wie hoch ist der verbleibende Gesamt-Risikowert für das Projekt (inkl. Rechenweg)?","Der verbleibende Gesamt-Risikowert für das Projekt beträgt 90.000 €.
Hier ist der detaillierte Rechenweg und die logische Begründung:
1. Der Rechenweg
Der neue Gesamtwert ergibt sich, indem man den Risikowert des abgeschlossenen Risikos R37 vom ursprünglichen Gesamt-Risikowert abzieht.
1. Berechnung des Risikowerts für R37: Die Formel lautet: Risikowert (RW)=Eintrittswahrscheinlichkeit (EW)×Tragweite (TW)
    ◦ EW=10%=0,10
    ◦ TW=100.000€ (100 T€)
    ◦ RW R37 =0,10×100.000€=10.000€
2. Aktualisierung des Gesamtwerts: Da das Arbeitspaket abgeschlossen ist und das Risiko nicht eingetreten ist, entfällt dieser Risikowert ersatzlos aus der Kalkulation.
    ◦ Alter Gesamtwert−Risikowert R37=Neuer Gesamtwert
    ◦ 100.000€−10.000€=90.000€
","Sie hatten in der Risikotabelle für Ihr Projekt eingetragen: Gesamt-Risikowert für das Projekt war 100 T€. Für das Arbeitspaket 37 war ein spezifisches Risiko R37 mit EW = 10 % und TW = 100 T€ angegeben. Das Arbeitspaket 37 ist beendet, eine Kundenabnahme ist ohne Mängelliste erfolgt. Das Risiko R37 ist NICHT eingetreten. 
Sie aktualisieren Ihre Risikotabelle. 
Wie hoch ist der verbleibende Gesamt-Risikowert für das Projekt (inkl. Rechenweg)?"
04.05.11 Chancen und Risiken,"Sie sind am Projekt ""Gartenfest im Hotel"" beteiligt. Nennen Sie ein Risiko, bei dem eine präventive Maßnahme sinnvoll ist.","Risiko: schlechtes Wetter während des Gartenfestes, präventive Maßnahme: Bereitstellung von Partyzelten 
Ein Risiko beim Projekt ""Gartenfest im Hotel"" könnte das Schlechtes Wetter sein, das das Fest im Freien beeinträchtigt. Eine präventive Maßnahme wäre, ein Zelt oder einen überdachten Bereich als Notfallplan zu organisieren, um das Event auch bei schlechtem Wetter erfolgreich durchführen zu können.","Sie sind am Projekt ""Gartenfest im Hotel"" beteiligt. Nennen Sie ein Risiko, bei dem eine präventive Maßnahme sinnvoll ist."
04.05.11 Chancen und Risiken,"Was sind mögliche Maßnahmen, um die Auswirkungen eines identifizierten Risikos zu minimieren?","Korrektive Maßnahmen reduzieren die Auswirkungen nach Eintritt (z.b. begrenzen)Schadensbegrenzung nach Risikoeintritt, Versicherungsabschlüsse zur finanziellen Absicherung, schnelle Rettungs- und Hilfemaßnahmen, Verhandlungen zur Konfliktlösung, sowie die Einrichtung von Notfallplänen und Rückrufaktionen für betroffene Produkte
Präventive Maßnahmen beugen unerwünschten Risiken vor , z.B. Versicherung abschließen; zusätzliche Mitarbeiter einstellen (Vermeiden, vermindern, verlagern und begrenzen minimieren die Auswirkungen eines Risikos), ","Was sind mögliche Maßnahmen, um die Auswirkungen eines identifizierten Risikos zu minimieren?"
04.05.11 Chancen und Risiken,"Welche Strategien gibt es, um mit Risikopotenzialen umzugehen?","Strategien: Vermeiden, vermindern, verlagern, akzeptieren, begrenzen 3V+AB /BAVVV","Welche Strategien gibt es, um mit Risikopotenzialen umzugehen?"
04.05.11 Chancen und Risiken,"Wie hoch ist der Risikowert, wenn die Eintrittswahrscheinlichkeit bei 30% und die Schadenshöhe bei 15.000 € liegt?",Risikowert = Eintrittswahrscheinlichkeit x Schadenshöhe = 30% x 15.000 € = 4.500 €,"Wie hoch ist der Risikowert, wenn die Eintrittswahrscheinlichkeit bei 30% und die Schadenshöhe bei 15.000 € liegt?"
04.05.11 Chancen und Risiken,Wie lässt sich das Risiko qualitativ bewerten wenn sie keine quantitative Eintrittswahrscheinlichkeit für ein Risiko ermitteln können ,"Die qualitative Risikoanalyse wird angewendet, wenn keine quantitativen Eintrittswahrscheinlichkeiten verfügbar sind. Dabei werden Risiken anhand von ordinal skalierbaren Werten für die Eintrittswahrscheinlichkeit und die Tragweite/Schadenshöhe (z. B. gering, mittel, hoch) geschätzt und in einem Risikoportfolio/Risikomatrix  visualisiert. Anhand dieser grob geschätzten Vergleiche können passende Risikostrategien (wie vermeiden, vermindern, begrenzen oder akzeptieren) abgeleitet werden",Wie lässt sich das Risiko qualitativ bewerten wenn sie keine quantitative Eintrittswahrscheinlichkeit für ein Risiko ermitteln können 
04.05.11 Chancen und Risiken,Wie lautet die Formel zur Berechnung des Risikowertes ? Erläutern Sie die Faktoren.,"Die Formel zur Berechnung des Risikowertes (RW) im Rahmen der quantitativen Risikoanalyse lautet:
RW = EW × TW
Die beiden Faktoren sind:
• Eintrittswahrscheinlichkeit (EW): Dies ist die geschätzte Wahrscheinlichkeit (in Prozent), mit der das Risiko eintreten wird.
• Tragweite (TW): Dies ist die geschätzte Schadenshöhe (in Euro), die entstehen würde, wenn das Risiko tatsächlich eintritt.
Dieser Wert hilft dabei zu entscheiden, ob sich eine präventive Maßnahme lohnt: Ist der Aufwand für die Maßnahme geringer als die Reduzierung des Risikowertes, ist die Maßnahme wirtschaftlich sinnvoll.

Risikowert (RW) = Eintrittswahrscheinlichkeit (EW) x Schadenshöhe (€), Die Eintrittswahrscheinlichkeit gibt in einer Schätzung vor, wie häufig dieses Ereignis eintreten kann, Die Schadenshöhe in € beziffert die Höhe der möglichen finanziellen Auswirkungen/Schäden für das Projekt.",Wie lautet die Formel zur Berechnung des Risikowertes ? Erläutern Sie die Faktoren.
04.05.11 Chancen und Risiken,Wozu erstellt man eine Risikomatrix?,"Zur Risikomaßnahmenplanung (Präventiv; Korrektiv)

Eine Risikomatrix dient der Identifizierung, Analyse, Bewertung und Priorisierung von Risiken basierend auf Eintrittswahrscheinlichkeit und Schadensausmaß, um die gravierendsten Risiken gezielte Maßnahmen zur Risikominimierung abzuleiten, und potenzielllen Schaden abzuwenden.",Wozu erstellt man eine Risikomatrix?
04.05.12  Stakeholder,Beschreiben Sie anhand von drei (3) Beispielen soziale Faktoren in der Stakeholder Betrachtung.,"Inklusion (z. B. barrierefreie Arbeitsplätze für Menschen mit Behinderungen).
Arbeitsbedingungen (z. B. faire Löhne und Sicherheit für Mitarbeiter).
Kulturelle Diversität (z. B. Anpassung der Kommunikation in internationalen Teams).",Beschreiben Sie anhand von drei (3) Beispielen soziale Faktoren in der Stakeholder Betrachtung.
04.05.12  Stakeholder,"Beschreiben Sie, wie eine Projektumfeldanalyse durchgeführt wird. Welche vier (4) Faktoren gibt es?","Durchführung: Projektumfeld identifizieren, analysieren, betrachten & unterteilen 
Faktoren: Sachlich, Sozial, Intern, Extern","Beschreiben Sie, wie eine Projektumfeldanalyse durchgeführt wird. Welche vier (4) Faktoren gibt es?"
04.05.12  Stakeholder,Erläutern Sie mindestens eine der 3 Strategien des Stakeholdermanagements.,"Partizipative Strategie: Stakeholder werden aktiv in den Entscheidungsprozeß eingebunden. Ziel: maximale Akzeptanz und Zusammenarbeit durch gemeinsame Entscheidungen 
Diskursiv: Die Stakeholder aktiv in den Diskurs einbinden -  z.B. zu Verhandlungen und Meetings einladen ",Erläutern Sie mindestens eine der 3 Strategien des Stakeholdermanagements.
04.05.12  Stakeholder,Erstelle/Nenne die Spalten einer Stakeholdertabelle,"Stakeholder (-gruppe)
Erwartungen und Befürchtungen der Stakeholder
Bewertung von Macht und Einfluss
Bewertung Konfliktpotential  
Maßnahmen zur Einbeziehung der Stakeholder (Strategien)
",Erstelle/Nenne die Spalten einer Stakeholdertabelle
04.05.12  Stakeholder,Geben Sie die fünf (5) Phasen / Stufen des Stakeholdermanagements in der richtigen Reihenfolge an. Beschreiben Sie eine Phase.,"Identifizierung: Ermittlung aller Personen/Gruppen mit berechtigtem Interesse am Projekt
Information: Erfassung von Erwartungen und Befürchtungen
Analyse: Bewertung von Einfluss- und Konfliktpotential
Aktionsplanung: Maßnahmen zur Stakeholder-Einbindung
Monitoring: Regelmäßige Überprüfung und Aktualisierung",Geben Sie die fünf (5) Phasen / Stufen des Stakeholdermanagements in der richtigen Reihenfolge an. Beschreiben Sie eine Phase.
04.05.12  Stakeholder,Geben Sie je ein Beispiel für Stakeholder als konkrete Person oder homogene Gruppe mit gleicher Interessenlage an. ,"Beispiel „konkrete Person“
Projektauftraggeber (Herr Müller, Geschäftsführer)
→ hat das spezifische Interesse, dass das Projekt innerhalb des Budgets und Termins fertig wird.

Beispiel „homogene Gruppe“
Endanwender (z. B. die Sachbearbeiter der Fachabteilung)
→ haben gemeinsam das Interesse, dass das Produkt benutzerfreundlich ist und ihre Arbeitsprozesse unterstützt.",Geben Sie je ein Beispiel für Stakeholder als konkrete Person oder homogene Gruppe mit gleicher Interessenlage an. 
04.05.12  Stakeholder,"Nennen Sie 2 partizipative Stakeholder, wenn Sie in ihrer Stadt ein Apfelfest veranstalten wollen.","Rollen: für allgemeiner Antwort: Auftraggeber, Sponsor, Verwaltung
Beispiele: Obstbauern, Sponsoren (örtliche Mosterei); Verein ""Rettet die alten Apfelsorten"", ( Besucher des Apfelfestes)","Nennen Sie 2 partizipative Stakeholder, wenn Sie in ihrer Stadt ein Apfelfest veranstalten wollen."
04.05.12  Stakeholder,Nennen Sie die Schritte des Stakeholdermanagement-Prozesses in der richtigen Reihenfolge,"1. Identifikation: Das Auflisten aller bekannten Stakeholder im Projektumfeld.
2. Information: Die Einschätzung der Erwartungen (Motivation) und Befürchtungen (Worst Case) der Stakeholder gegenüber dem Projekt.
3. Analyse: Die Bewertung der Stakeholder hinsichtlich ihrer Macht bzw. ihres Einflusses (hierarchisch, fachlich, persönlich) und ihres Konfliktpotenzials (Einstellung zum Projekt).
4. Aktionsplanung: Die Planung geeigneter Maßnahmen zur Einbeziehung und Steuerung, oft festgehalten in einem Kommunikationsplan.
5. Monitoring: Die regelmäßige Überprüfung, ob Maßnahmen wirken oder ob neue Stakeholder hinzugekommen sind, da sich das soziale Umfeld im Projektverlauf ändert 
1. Identifikation
2. Informationssammlung/Analyse
3. Portfoliobewertung 
4. Aktionsplanung 
5. Monitoring",Nennen Sie die Schritte des Stakeholdermanagement-Prozesses in der richtigen Reihenfolge
04.05.12  Stakeholder,Nennen Sie die Strategien des Stakeholdermanagements. Erläutern Sie eine Strategie.,"Partizipative Strategie: Stakeholder als Partner im Projekt, werden aktiv mit eingebunden
Diskursive Strategie
Restriktive Strategie
(repressive Strategie - nicht empfohlen)
Partizipative Strategie: Stakeholder werden aktiv in das Projekt eingebunden und können mitentscheiden.
Diskursive Strategie: Stakeholder werden angehört, Meinungen berücksichtigt, aber ohne aktive Mitbestimmung.
Restriktive Strategie: Stakeholder werden nur informiert, ohne Mitwirkung oder Diskussion.
Repressive Strategie: Einfluss von Stakeholdern wird durch Vorgaben oder Machtmittel eingeschränkt.
Die partizipative Strategie bindet Stakeholder aktiv in Entscheidungen ein, fördert Vertrauen und steigert die Akzeptanz des Projekts, erfordert jedoch hohen Aufwand.",Nennen Sie die Strategien des Stakeholdermanagements. Erläutern Sie eine Strategie.
04.05.12  Stakeholder,"Sie sind von der Stadtverwaltung Ihres Wohnortes beauftragt, in diesem Jahr das Apfelfest zu organisieren. Nennen Sie zwei (2) Stakeholder (Einzelperson oder Gruppe), die partizipativ eingebunden werden sollten.","Die partizipative Strategie bedeutet, Stakeholder als Partner aktiv einzubinden, ihnen Verantwortung zu übertragen oder sie an Entscheidungen zu beteiligen. Dies empfiehlt sich besonders bei Stakeholdern mit hoher Macht bzw. hohem Einfluss und ggf. hohem Konfliktpotenzial,.
1. Die Stadtverwaltung (Auftraggeber/Bürgermeister:in): Als Auftraggeber verfügt diese Gruppe über hohe Macht und Einfluss (z. B. Budget, Genehmigungen). Sie sollte aktiv in Entscheidungsgremien (z. B. Lenkungsausschuss) eingebunden werden, um strategische Entscheidungen direkt zu treffen und das Budget zu überwachen,.
2. Wichtige Kooperationspartner (z. B. der lokale Obstbauverein oder Hauptsponsoren): Diese Gruppen tragen wesentlich zum Gelingen bei. Eine partizipative Einbindung (z. B. Verantwortung für Teilbereiche des Festes oder Mitgliedschaft im Steuerkreis) nutzt deren Einfluss positiv und bindet sie als Partner fest in das Projekt ein,.","Sie sind von der Stadtverwaltung Ihres Wohnortes beauftragt, in diesem Jahr das Apfelfest zu organisieren. Nennen Sie zwei (2) Stakeholder (Einzelperson oder Gruppe), die partizipativ eingebunden werden sollten."
04.05.12  Stakeholder,Umfeldanalyse: Welche 4 Faktoren und was wird damit analysiert.,"Sachliche Faktoren
Soziale Faktoren,
intern (direkt)
extern (indirekt)
Was wird analysiert: analysiert das Projektumfeld auf Einflüsse auf das Projekt, um daraus Strategien zur Risikominderung entwickeln zu können, danach: Identifizierung potenzieller Stakeholder, Risikoidentifizierung vor Projektstart
Einflüße und Abhängigkeiten für die 4 Faktoren :
Sachlich (intern) - Budget
Sachlich (Extern) - Gesetze
Sozial (intern) - Team
Sozial (Extern) - Kunde",Umfeldanalyse: Welche 4 Faktoren und was wird damit analysiert.
04.05.12  Stakeholder,Unterscheiden Sie zwischen partizipativer Strategie und diskursiver Strategie in Bezug auf das Stakeholdermanagement.,"Die partizipative Strategie bindet Stakeholder stärker ein und gibt ihnen aktives Mitspracherecht, während die diskursive Strategie auf Kommunikation und Kompromissfindung setzt.",Unterscheiden Sie zwischen partizipativer Strategie und diskursiver Strategie in Bezug auf das Stakeholdermanagement.
04.05.12  Stakeholder,Welche Stakeholder Maßnahmen unterscheidet man?,"partizipativ
diskursiv
restriktiv
(repressiv - nicht empfohlen!)
",Welche Stakeholder Maßnahmen unterscheidet man?
04.05.12  Stakeholder,"Wie sollten Sie mit einem Stakeholder umgehen, der Ihr Projekt kritisch sieht?","Bei kritischen Stakeholdern sollte basierend auf deren Macht/Einfluss und Konfliktpotential primär eine diskursive Strategie mit offener Kommunikation, aktivem Zuhören und regelmäßigen Updates angewendet werden, während bei hohem Einfluss partizipative Elemente durch Einbindung in Entscheidungsprozesse hinzukommen sollten. Überzeugen, auf deine Seite ziehen

Man bewertet seinen Einfluss und leitet davon entsprechende Maßnahmen ab. Partizipativ, Diskursiv, Restriktiv","Wie sollten Sie mit einem Stakeholder umgehen, der Ihr Projekt kritisch sieht?"
04.05.12  Stakeholder,"Wie stellen Sie sicher, dass alle relevanten Stakeholder in den Projektprozess eingebunden sind?",Durch systematische Anwendung des Stakeholdermanagementprozesses,"Wie stellen Sie sicher, dass alle relevanten Stakeholder in den Projektprozess eingebunden sind?"
Sonstige,Erklären Sie die Prinzipien des agilen Projektmanagements und wie sie sich von klassischen Methoden unterscheiden.,"Agile Prinzipien beinhalten iterative Entwicklung, Flexibilität, schnelle Reaktion auf Veränderungen und enge Zusammenarbeit mit dem Kunden. Im Gegensatz zu klassischen Methoden, die oft linear und planorientiert sind, betont agiles Management kontinuierliche Verbesserung und Anpassung. Außerdem sind die Teams selbstorganisiert und haben keine Projektmanager.
",
Sonstige,Gibt es einen analogen „Projektleiter“ in Scrum?,"Einen PM gibt es hier nicht, stattdessen sind die Aufgaben auf product owner, scrum master und Team gleich verteilt",
Sonstige,Nennen Sie die Rollen im Vorgangsmodell Scrum.,"Product Owner, Scrum Master, Team
",
Sonstige,"Was ist ein wesentlicher Unterschied zwischen sequentiell/linearem (klassischem) und 
agilem Projektmanagement?
A) Agile Projekte eigenen sich gut für Organisationsprojekte
B) Sequentiell/lineare (klassische) Projekte haben keinen Phasenplan.
C) Agile Projekte kennen keinen Phasenplan.
D) Klassische Projekte haben immer mehrere Projektleiter.
",C) Agile Projekte kennen keinen Phasenplan.,
Sonstige,Was ist ein wesentlicher Unterschied zwischen sequentiell/linearem (klassischem) und agilem Projektmanagement?,"Klassisches Projektmanagement ist linear und plangesteuert, mit klar definierten Zielen und Prozessen. 
Agiles Projektmanagement hingegen ist iterativ, flexibel und selbstorganisiert, mit kontinuierlicher Anpassung an Veränderungen und regelmäßiger Einbindung der Stakeholder.",
Sonstige,"Ein Konfigurationsmanagement*Plan ist oft Teil eines…
A) Terminplanes
B) Qualitätsmanagementplanes
C) Projektsteuerungsplanes
D) Risikomanagementplanes",C) Projektsteuerungsplanes,"Ein Konfigurationsmanagement*Plan ist oft Teil eines…
A) Terminplanes
B) Qualitätsmanagementplanes
C) Projektsteuerungsplanes
D) Risikomanagementplanes"
Sonstige,Erklären Sie die Prinzipien des agilen Projektmanagements und wie sie sich von klassischen Methoden unterscheiden.,"Agile Prinzipien beinhalten iterative Entwicklung, Flexibilität, schnelle Reaktion auf Veränderungen und enge Zusammenarbeit mit dem Kunden. Im Gegensatz zu klassischen Methoden, die oft linear und planorientiert sind, betont agiles Management kontinuierliche Verbesserung und Anpassung. Außerdem sind die Teams selbstorganisiert und haben keine Projektmanager.
",Erklären Sie die Prinzipien des agilen Projektmanagements und wie sie sich von klassischen Methoden unterscheiden.
sonstige,Erläutern Sie anhand eines Beispiels welche Dokumente in eine Dokumentenbedarfsmatrix aufgenommen werden sollten ,"Dokumentenbedarfsmatrix
Die Dokumentenbedarfsmatrix definiert alle notwendigen Projektdokumente und ihre Eigenschaften.

Spalten: Dokumentenart (z.B. Anforderungsspezifikation), Ersteller (z.B. Analyst), Empfänger (z.B. PL, Auftraggeber), Form (schriftlich/digital), Häufigkeit (einmalig/monatlich), Freigabe (durch PL/Sponsor), Ablage (Server/Archiv).

Beispiel IT-Projekt: Projekt-Charter wird vom Projektleiter erstellt, an Lenkungsausschuss verteilt, einmalig schriftlich, freigegeben durch Sponsor, abgelegt auf dem Projektserver. Anforderungsspezifikation vom Analyst, an PL und Team, digital, einmalig + bei Änderungen, freigegeben durch PL, in Dokumentenverwaltung. Wöchentliche Statusberichte vom PL, an Sponsor und Team, per Mail/PDF, jede Woche, freigegeben durch PL, auf Projektserver.

Ziele: Transparenz (alle wissen welche Dokumente anfallen), klare Verantwortung (wer macht was), effiziente Kommunikation, Vermeidung redundanter Dokumente, definierte Freigabeprozesse.",Erläutern Sie anhand eines Beispiels welche Dokumente in eine Dokumentenbedarfsmatrix aufgenommen werden sollten 
Sonstige,Gibt es einen analogen „Projektleiter“ in Scrum?,"Product Owner, Scrum Master und Developer übernehmen anteilig die Aufgaben des Projektleiters",Gibt es einen analogen „Projektleiter“ in Scrum?
Sonstige,In welcher Agenda finden sich Nachhaltigkeitsziele?,"Es ist die Agenda 2030 mit 17 Zielen der nachhaltigen Entwicklung.
Agenda 2030:Die 17 Ziele für nachhaltige Entwicklung (Sustainable Development Goals – SDGs)
Keine Armut
Kein Hunger
Gesundheit und Wohlergehen
Hochwertige Bildung
Geschlechtergleichheit
Sauberes Wasser und Sanitäreinrichtungen
Bezahlbare und saubere Energie
Menschenwürdige Arbeit und Wirtschaftswachstum
Industrie, Innovation und Infrastruktur
Weniger Ungleichheiten
Nachhaltige Städte und Gemeinden
Nachhaltiger Konsum und Produktion
Maßnahmen zum Klimaschutz
Leben unter Wasser
Leben an Land
Frieden, Gerechtigkeit und starke Institutionen
Partnerschaften zur Erreichung der Ziele",In welcher Agenda finden sich Nachhaltigkeitsziele?
Sonstige,Kann sich die Definition of Done noch einmal ändern?,"Ja, die Definition of Done (DoD) kann sich während eines Projekts ändern, um sich an neue Anforderungen oder Erkenntnisse anzupassen. Allerdings bleibt sie während eines laufenden Sprints unverändert, um Konsistenz und Planbarkeit sicherzustellen",Kann sich die Definition of Done noch einmal ändern?
Sonstige,Nennen Sie die Rollen im Vorgangsmodell Scrum.,"Product Owner, Scrum Master, Developer
",Nennen Sie die Rollen im Vorgangsmodell Scrum.
Sonstige,Nennen Sie fünf (5) Aspekte einer Projektstartveranstaltung.,"1. Ziele definieren: Klärung und Abstimmung der Projektziele. 
2. Projektstruktur vorstellen: Rollen, Verantwortlichkeiten und Teammitglieder benennen. 
3. Rahmenbedingungen klären: Zeitplan, Budget und Ressourcen erläutern. 
4. Kommunikation festlegen: Kommunikationswege und -mittel definieren. 
5. Teambuilding fördern: Vertrauen und Zusammenarbeit im Team stärken.",Nennen Sie fünf (5) Aspekte einer Projektstartveranstaltung.
Sonstige,Nennen Sie zwei (2) synonyme Begriffe für Risiko*Auswirkung.,"1. Risiko-Folgen 
2. Risiko-Konsequenzen
/ Schadenshöhe u. Tragweite",Nennen Sie zwei (2) synonyme Begriffe für Risiko*Auswirkung.
Sonstige,Was ist das 4-L-C-System oder auch Kompetenzmodell der IPMA?,"Das 4-L-C-System(4-Level-Certification) der IPMA ist ein Kompetenzmodell zur Zertifizierung von Projektmanagement-Fachkräften. Es basiert auf der Individual Competence Baseline (ICB) und umfasst vier Zertifizierungslevel: A, B, C  und D.

- Level D: Certified Project Management Associate (Grundkenntnisse im Projektmanagement)
- Level C: Certified Project Manager (Leitung begrenzt komplexer Projekte)
- Level B: Certified Senior Project Manager (Führung komplexer Projekte)
- Level A: Certified Projects Director (Strategische Leitung von Programmen oder Portfolios)",Was ist das 4-L-C-System oder auch Kompetenzmodell der IPMA?
Sonstige,Was ist die Definition of Done?,"Die Definition of Done (DoD) legt fest, wann eine Aufgabe oder ein Produktinkrement vollständig ist aus Sicht des Teams, z. B. durch erfüllte Akzeptanzkriterien, bestandene Tests und dokumentierten Code.",Was ist die Definition of Done?
Sonstige,Was ist die Definition of Ready?,"DoR beschreibt, wann ein Product Backlog Item (z. B. User Story) soweit ausgearbeitet ist, dass es in den Sprint (Backlog) aufgenommen werden kann
Sie stellt sicher, dass Anforderungen min klein genug heruntergebrochen sind um in einem Sprint erledigt werden zu können, verständlich, geschätzt und umsetzbar sind, um Missverständnisse und Verzögerungen zu vermeiden.
",Was ist die Definition of Ready?
Sonstige,"Was ist ein wesentlicher Unterschied zwischen sequentiell/linearem (klassischem) und 
agilem Projektmanagement?
A) Agile Projekte eigenen sich gut für Organisationsprojekte
B) Sequentiell/lineare (klassische) Projekte haben keinen Phasenplan.
C) Agile Projekte kennen keinen Phasenplan.
D) Klassische Projekte haben immer mehrere Projektleiter.
",C) Agile Projekte kennen keinen Phasenplan.,"Was ist ein wesentlicher Unterschied zwischen sequentiell/linearem (klassischem) und 
agilem Projektmanagement?
A) Agile Projekte eigenen sich gut für Organisationsprojekte
B) Sequentiell/lineare (klassische) Projekte haben keinen Phasenplan.
C) Agile Projekte kennen keinen Phasenplan.
D) Klassische Projekte haben immer mehrere Projektleiter.
"
Sonstige,Was ist ein wesentlicher Unterschied zwischen sequentiell/linearem (klassischem) und agilem Projektmanagement?,"Klassisches Projektmanagement ist linear und plangesteuert, mit klar definierten Zielen und Prozessen. 
Agiles Projektmanagement hingegen ist iterativ, flexibel und selbstorganisiert, mit kontinuierlicher Anpassung an Veränderungen und regelmäßiger Einbindung der Stakeholder.",Was ist ein wesentlicher Unterschied zwischen sequentiell/linearem (klassischem) und agilem Projektmanagement?
Sonstige,Was versteht man ‚einfach gesagt‘ unter Backlog?,"Das Backlog ist eine priorisierte Liste von Aufgaben, Anforderungen oder Funktionen, die in einem Projekt noch erledigt werden müssen.
Einfach erklärt: Es ist die „To-Do-Liste“ des Projekts, häufig in agilen Methoden wie Scrum genutzt.",Was versteht man ‚einfach gesagt‘ unter Backlog?
Sonstige,"Welche Bedeutung hat ein Projektabschlussbericht, und welche Inhalte sollte er umfassen?","Letzter Statusbericht des Projekts; bewertet und fasst Projekt zusammen, um Erkenntnisse für zukünftige Projekte zu gewinnen.
Inhalte:
1. Projektziele und Ergebnisse
2. Zeit- und Budgetübersicht
3. Erbrachte Leistungen
4. Probleme und Abweichungen
5. Lessons Learned
","Welche Bedeutung hat ein Projektabschlussbericht, und welche Inhalte sollte er umfassen?"
Sonstige,Welche drei Projektarten werden üblicherweise unterschieden?,"1. Investitionsprojekte: Bau- oder Anschaffungsprojekte mit finanziellen Investitionen, 2. Organisationsprojekte: Reorganisation oder Einführung neuer Prozesse, 3. FuE-Projekte Entwicklung neuer Produkte oder Technologien",Welche drei Projektarten werden üblicherweise unterschieden?
Sonstige,Welche Kriterien sollten bei der Auswahl eines externen Dienstleisters berücksichtigt werden?,"Bei der Auswahl eines externen Dienstleisters sollten Qualifikation, Erfahrung, Zuverlässigkeit, Kosten, Verfügbarkeit und Kommunikationsfähigkeit berücksichtigt werden. Wichtig sind auch vertragliche Klarheit und die Fähigkeit, auf veränderte Anforderungen flexibel zu reagieren.",Welche Kriterien sollten bei der Auswahl eines externen Dienstleisters berücksichtigt werden?
Sonstige,Welche Version der ICB gilt aktuell?,ICB 4.0,Welche Version der ICB gilt aktuell?
Sonstige,Welche Vorgehensweisen oder Eigenschaften (nicht Begegnungs*Strategien) sind hilfreich für den Umgang mit den Erwartungen und Interessen der Stakeholder aus der Sicht des Projektleiters? Nennen Sie drei (3) Vorgehensweisen oder Eigenschaften.,"Klare Kommunikation: Regelmäßige Infos zu Zielen und Fortschritten.
Einbindung: Stakeholder früh in Entscheidungen einbinden.
Flexibilität: Erwartungen durch Monitoring und Feedback anpassen.",Welche Vorgehensweisen oder Eigenschaften (nicht Begegnungs*Strategien) sind hilfreich für den Umgang mit den Erwartungen und Interessen der Stakeholder aus der Sicht des Projektleiters? Nennen Sie drei (3) Vorgehensweisen oder Eigenschaften.
Sonstige,"Welchen Zusammenhang muss der Projektmanager zwischen Projektzielen und Unternehmen herstellen?
A) Umsetzung der Unternehmensmission im Projekt
B) Übernahme der strategischen Ziele in die Projektziele
C) Bringt die Projektziele mit der Unternehmensstrategie in Einklang
D) Anpassung der Unternehmensstrategie an Projektziele","C) Bringt die Projektziele mit der Unternehmensstrategie in Einklang
","Welchen Zusammenhang muss der Projektmanager zwischen Projektzielen und Unternehmen herstellen?
A) Umsetzung der Unternehmensmission im Projekt
B) Übernahme der strategischen Ziele in die Projektziele
C) Bringt die Projektziele mit der Unternehmensstrategie in Einklang
D) Anpassung der Unternehmensstrategie an Projektziele"
Sonstige,"Wie ist in der Regel eine User Story aufgebaut? Markieren Sie die beste Antwort.
A) umfangreiches mehrseitiges Anforderungsprofil
B) ausschließlich digital angelegt
C) transparente und öffentliche Präsentation von Informationen
D) bewusst kurzgehaltene, vom Anwender in der Alltagssprache formulierte Anforderung (umfasst in der Regel nicht mehr als zwei Sätze)
","D) bewusst kurzgehaltene, vom Anwender in der Alltagssprache formulierte Anforderung (umfasst in der Regel nicht mehr als zwei Sätze)
","Wie ist in der Regel eine User Story aufgebaut? Markieren Sie die beste Antwort.
A) umfangreiches mehrseitiges Anforderungsprofil
B) ausschließlich digital angelegt
C) transparente und öffentliche Präsentation von Informationen
D) bewusst kurzgehaltene, vom Anwender in der Alltagssprache formulierte Anforderung (umfasst in der Regel nicht mehr als zwei Sätze)
"
Sonstige,Wie kann man eine unerwünschte Steigerung oder Erhöhung des Leistungsumfangs Scoping-Creep vermeiden. Nennen Sie einen methodischen Ansatz.,"gute Abgrenzung und Dokumentation der Leistungsinhalte; Festschreiben der Abnahmekriterien; Festlegung der maximalen Toleranzbreite des Budgets(Unvorhergesehenes) ; Begrenzung der Änderungswünsche hinsichtlich Anzahl und Kosten

Um Scope Creep zu vermeiden, implementieren Sie einen formalisierten Change-Management-Prozess mit klarer initialer Definition des Projektumfangs, bei dem jede potenzielle Änderung systematisch auf ihre Auswirkungen auf Zeit, Kosten und Ressourcen geprüft wird, bevor sie genehmigt und in den Projektplan integriert werden darf",Wie kann man eine unerwünschte Steigerung oder Erhöhung des Leistungsumfangs Scoping-Creep vermeiden. Nennen Sie einen methodischen Ansatz.
Sonstige,Wie planen Sie den Wissenstransfer am Ende eines Projekts?,"Systematischer Wissenstransfer am Projektende umfasst Abschlussbericht, Wissenstransfer-Workshops, strukturierte Dokumentation von Ergebnissen und Lessons Learned sowie die Implementierung einer zentralen Wissensdatenbank zur Sicherung relevanter Informationen für Folgeprojekte.",Wie planen Sie den Wissenstransfer am Ende eines Projekts?
Sonstige,Erklären Sie die Prinzipien des agilen Projektmanagements und wie sie sich von klassischen Methoden unterscheiden.,"Agile Prinzipien beinhalten iterative Entwicklung, Flexibilität, schnelle Reaktion auf Veränderungen und enge Zusammenarbeit mit dem Kunden. Im Gegensatz zu klassischen Methoden, die oft linear und planorientiert sind, betont agiles Management kontinuierliche Verbesserung und Anpassung. Außerdem sind die Teams selbstorganisiert und haben keine Projektmanager.
",Erklären Sie die Prinzipien des agilen Projektmanagements und wie sie sich von klassischen Methoden unterscheiden.
Sonstige,Gibt es einen analogen „Projektleiter“ in Scrum?,"Einen PM gibt es hier nicht, stattdessen sind die Aufgaben auf product owner, scrum master und Team gleich verteilt",Gibt es einen analogen „Projektleiter“ in Scrum?
Sonstige,Nennen Sie die Rollen im Vorgangsmodell Scrum.,"Product Owner, Scrum Master, Team
",Nennen Sie die Rollen im Vorgangsmodell Scrum.
Sonstige,"Was ist ein wesentlicher Unterschied zwischen sequentiell/linearem (klassischem) und 
agilem Projektmanagement?
A) Agile Projekte eigenen sich gut für Organisationsprojekte
B) Sequentiell/lineare (klassische) Projekte haben keinen Phasenplan.
C) Agile Projekte kennen keinen Phasenplan.
D) Klassische Projekte haben immer mehrere Projektleiter.
",C) Agile Projekte kennen keinen Phasenplan.,"Was ist ein wesentlicher Unterschied zwischen sequentiell/linearem (klassischem) und 
agilem Projektmanagement?
A) Agile Projekte eigenen sich gut für Organisationsprojekte
B) Sequentiell/lineare (klassische) Projekte haben keinen Phasenplan.
C) Agile Projekte kennen keinen Phasenplan.
D) Klassische Projekte haben immer mehrere Projektleiter.
"
Sonstige,Was ist ein wesentlicher Unterschied zwischen sequentiell/linearem (klassischem) und agilem Projektmanagement?,"Klassisches Projektmanagement ist linear und plangesteuert, mit klar definierten Zielen und Prozessen. 
Agiles Projektmanagement hingegen ist iterativ, flexibel und selbstorganisiert, mit kontinuierlicher Anpassung an Veränderungen und regelmäßiger Einbindung der Stakeholder.",Was ist ein wesentlicher Unterschied zwischen sequentiell/linearem (klassischem) und agilem Projektmanagement?
Sonstige,Erklären Sie die Prinzipien des agilen Projektmanagements und wie sie sich von klassischen Methoden unterscheiden.,"Agile Prinzipien beinhalten iterative Entwicklung, Flexibilität, schnelle Reaktion auf Veränderungen und enge Zusammenarbeit mit dem Kunden. Im Gegensatz zu klassischen Methoden, die oft linear und planorientiert sind, betont agiles Management kontinuierliche Verbesserung und Anpassung. Außerdem sind die Teams selbstorganisiert und haben keine Projektmanager.
",Erklären Sie die Prinzipien des agilen Projektmanagements und wie sie sich von klassischen Methoden unterscheiden.
Sonstige,Gibt es einen analogen „Projektleiter“ in Scrum?,"Einen PM gibt es hier nicht, stattdessen sind die Aufgaben auf product owner, scrum master und Team gleich verteilt",Gibt es einen analogen „Projektleiter“ in Scrum?
Sonstige,Nennen Sie die Rollen im Vorgangsmodell Scrum.,"Product Owner, Scrum Master, Team
",Nennen Sie die Rollen im Vorgangsmodell Scrum.
Sonstige,"Was ist ein wesentlicher Unterschied zwischen sequentiell/linearem (klassischem) und 
agilem Projektmanagement?
A) Agile Projekte eigenen sich gut für Organisationsprojekte
B) Sequentiell/lineare (klassische) Projekte haben keinen Phasenplan.
C) Agile Projekte kennen keinen Phasenplan.
D) Klassische Projekte haben immer mehrere Projektleiter.
",C) Agile Projekte kennen keinen Phasenplan.,"Was ist ein wesentlicher Unterschied zwischen sequentiell/linearem (klassischem) und 
agilem Projektmanagement?
A) Agile Projekte eigenen sich gut für Organisationsprojekte
B) Sequentiell/lineare (klassische) Projekte haben keinen Phasenplan.
C) Agile Projekte kennen keinen Phasenplan.
D) Klassische Projekte haben immer mehrere Projektleiter.
"
Sonstige,Was ist ein wesentlicher Unterschied zwischen sequentiell/linearem (klassischem) und agilem Projektmanagement?,"Klassisches Projektmanagement ist linear und plangesteuert, mit klar definierten Zielen und Prozessen. 
Agiles Projektmanagement hingegen ist iterativ, flexibel und selbstorganisiert, mit kontinuierlicher Anpassung an Veränderungen und regelmäßiger Einbindung der Stakeholder.",Was ist ein wesentlicher Unterschied zwischen sequentiell/linearem (klassischem) und agilem Projektmanagement?
Sonstige,Erklären Sie die Prinzipien des agilen Projektmanagements und wie sie sich von klassischen Methoden unterscheiden.,"Agile Prinzipien beinhalten iterative Entwicklung, Flexibilität, schnelle Reaktion auf Veränderungen und enge Zusammenarbeit mit dem Kunden. Im Gegensatz zu klassischen Methoden, die oft linear und planorientiert sind, betont agiles Management kontinuierliche Verbesserung und Anpassung. Außerdem sind die Teams selbstorganisiert und haben keine Projektmanager.
",Erklären Sie die Prinzipien des agilen Projektmanagements und wie sie sich von klassischen Methoden unterscheiden.
Sonstige,Gibt es einen analogen „Projektleiter“ in Scrum?,"Einen PM gibt es hier nicht, stattdessen sind die Aufgaben auf product owner, scrum master und Team gleich verteilt",Gibt es einen analogen „Projektleiter“ in Scrum?
Sonstige,Nennen Sie die Rollen im Vorgangsmodell Scrum.,"Product Owner, Scrum Master, Team
",Nennen Sie die Rollen im Vorgangsmodell Scrum.
Sonstige,"Was ist ein wesentlicher Unterschied zwischen sequentiell/linearem (klassischem) und 
agilem Projektmanagement?
A) Agile Projekte eigenen sich gut für Organisationsprojekte
B) Sequentiell/lineare (klassische) Projekte haben keinen Phasenplan.
C) Agile Projekte kennen keinen Phasenplan.
D) Klassische Projekte haben immer mehrere Projektleiter.
",C) Agile Projekte kennen keinen Phasenplan.,"Was ist ein wesentlicher Unterschied zwischen sequentiell/linearem (klassischem) und 
agilem Projektmanagement?
A) Agile Projekte eigenen sich gut für Organisationsprojekte
B) Sequentiell/lineare (klassische) Projekte haben keinen Phasenplan.
C) Agile Projekte kennen keinen Phasenplan.
D) Klassische Projekte haben immer mehrere Projektleiter.
"
Sonstige,Was ist ein wesentlicher Unterschied zwischen sequentiell/linearem (klassischem) und agilem Projektmanagement?,"Klassisches Projektmanagement ist linear und plangesteuert, mit klar definierten Zielen und Prozessen. 
Agiles Projektmanagement hingegen ist iterativ, flexibel und selbstorganisiert, mit kontinuierlicher Anpassung an Veränderungen und regelmäßiger Einbindung der Stakeholder.",Was ist ein wesentlicher Unterschied zwischen sequentiell/linearem (klassischem) und agilem Projektmanagement?
Sonstige,Erklären Sie die Prinzipien des agilen Projektmanagements und wie sie sich von klassischen Methoden unterscheiden.,"Agile Prinzipien beinhalten iterative Entwicklung, Flexibilität, schnelle Reaktion auf Veränderungen und enge Zusammenarbeit mit dem Kunden. Im Gegensatz zu klassischen Methoden, die oft linear und planorientiert sind, betont agiles Management kontinuierliche Verbesserung und Anpassung. Außerdem sind die Teams selbstorganisiert und haben keine Projektmanager.
",Erklären Sie die Prinzipien des agilen Projektmanagements und wie sie sich von klassischen Methoden unterscheiden.
Sonstige,Gibt es einen analogen „Projektleiter“ in Scrum?,"Einen PM gibt es hier nicht, stattdessen sind die Aufgaben auf product owner, scrum master und Team gleich verteilt",Gibt es einen analogen „Projektleiter“ in Scrum?
Sonstige,Nennen Sie die Rollen im Vorgangsmodell Scrum.,"Product Owner, Scrum Master, Team
",Nennen Sie die Rollen im Vorgangsmodell Scrum.
Sonstige,"Was ist ein wesentlicher Unterschied zwischen sequentiell/linearem (klassischem) und 
agilem Projektmanagement?
A) Agile Projekte eigenen sich gut für Organisationsprojekte
B) Sequentiell/lineare (klassische) Projekte haben keinen Phasenplan.
C) Agile Projekte kennen keinen Phasenplan.
D) Klassische Projekte haben immer mehrere Projektleiter.
",C) Agile Projekte kennen keinen Phasenplan.,"Was ist ein wesentlicher Unterschied zwischen sequentiell/linearem (klassischem) und 
agilem Projektmanagement?
A) Agile Projekte eigenen sich gut für Organisationsprojekte
B) Sequentiell/lineare (klassische) Projekte haben keinen Phasenplan.
C) Agile Projekte kennen keinen Phasenplan.
D) Klassische Projekte haben immer mehrere Projektleiter.
"
Sonstige,Was ist ein wesentlicher Unterschied zwischen sequentiell/linearem (klassischem) und agilem Projektmanagement?,"Klassisches Projektmanagement ist linear und plangesteuert, mit klar definierten Zielen und Prozessen. 
Agiles Projektmanagement hingegen ist iterativ, flexibel und selbstorganisiert, mit kontinuierlicher Anpassung an Veränderungen und regelmäßiger Einbindung der Stakeholder.",Was ist ein wesentlicher Unterschied zwischen sequentiell/linearem (klassischem) und agilem Projektmanagement?
Sonstige,Erklären Sie die Prinzipien des agilen Projektmanagements und wie sie sich von klassischen Methoden unterscheiden.,"Agile Prinzipien beinhalten iterative Entwicklung, Flexibilität, schnelle Reaktion auf Veränderungen und enge Zusammenarbeit mit dem Kunden. Im Gegensatz zu klassischen Methoden, die oft linear und planorientiert sind, betont agiles Management kontinuierliche Verbesserung und Anpassung. Außerdem sind die Teams selbstorganisiert und haben keine Projektmanager.
",Erklären Sie die Prinzipien des agilen Projektmanagements und wie sie sich von klassischen Methoden unterscheiden.
Sonstige,Gibt es einen analogen „Projektleiter“ in Scrum?,"Einen PM gibt es hier nicht, stattdessen sind die Aufgaben auf product owner, scrum master und Team gleich verteilt",Gibt es einen analogen „Projektleiter“ in Scrum?
Sonstige,Nennen Sie die Rollen im Vorgangsmodell Scrum.,"Product Owner, Scrum Master, Team
",Nennen Sie die Rollen im Vorgangsmodell Scrum.
Sonstige,"Was ist ein wesentlicher Unterschied zwischen sequentiell/linearem (klassischem) und 
agilem Projektmanagement?
A) Agile Projekte eigenen sich gut für Organisationsprojekte
B) Sequentiell/lineare (klassische) Projekte haben keinen Phasenplan.
C) Agile Projekte kennen keinen Phasenplan.
D) Klassische Projekte haben immer mehrere Projektleiter.
",C) Agile Projekte kennen keinen Phasenplan.,"Was ist ein wesentlicher Unterschied zwischen sequentiell/linearem (klassischem) und 
agilem Projektmanagement?
A) Agile Projekte eigenen sich gut für Organisationsprojekte
B) Sequentiell/lineare (klassische) Projekte haben keinen Phasenplan.
C) Agile Projekte kennen keinen Phasenplan.
D) Klassische Projekte haben immer mehrere Projektleiter.
"
Sonstige,Was ist ein wesentlicher Unterschied zwischen sequentiell/linearem (klassischem) und agilem Projektmanagement?,"Klassisches Projektmanagement ist linear und plangesteuert, mit klar definierten Zielen und Prozessen. 
Agiles Projektmanagement hingegen ist iterativ, flexibel und selbstorganisiert, mit kontinuierlicher Anpassung an Veränderungen und regelmäßiger Einbindung der Stakeholder.",Was ist ein wesentlicher Unterschied zwischen sequentiell/linearem (klassischem) und agilem Projektmanagement?
Sonstige,Erklären Sie die Prinzipien des agilen Projektmanagements und wie sie sich von klassischen Methoden unterscheiden.,"Agile Prinzipien beinhalten iterative Entwicklung, Flexibilität, schnelle Reaktion auf Veränderungen und enge Zusammenarbeit mit dem Kunden. Im Gegensatz zu klassischen Methoden, die oft linear und planorientiert sind, betont agiles Management kontinuierliche Verbesserung und Anpassung. Außerdem sind die Teams selbstorganisiert und haben keine Projektmanager.
",Erklären Sie die Prinzipien des agilen Projektmanagements und wie sie sich von klassischen Methoden unterscheiden.
Sonstige,Gibt es einen analogen „Projektleiter“ in Scrum?,"Einen PM gibt es hier nicht, stattdessen sind die Aufgaben auf product owner, scrum master und Team gleich verteilt",Gibt es einen analogen „Projektleiter“ in Scrum?
Sonstige,Nennen Sie die Rollen im Vorgangsmodell Scrum.,"Product Owner, Scrum Master, Team
",Nennen Sie die Rollen im Vorgangsmodell Scrum.
Sonstige,"Was ist ein wesentlicher Unterschied zwischen sequentiell/linearem (klassischem) und 
agilem Projektmanagement?
A) Agile Projekte eigenen sich gut für Organisationsprojekte
B) Sequentiell/lineare (klassische) Projekte haben keinen Phasenplan.
C) Agile Projekte kennen keinen Phasenplan.
D) Klassische Projekte haben immer mehrere Projektleiter.
",C) Agile Projekte kennen keinen Phasenplan.,"Was ist ein wesentlicher Unterschied zwischen sequentiell/linearem (klassischem) und 
agilem Projektmanagement?
A) Agile Projekte eigenen sich gut für Organisationsprojekte
B) Sequentiell/lineare (klassische) Projekte haben keinen Phasenplan.
C) Agile Projekte kennen keinen Phasenplan.
D) Klassische Projekte haben immer mehrere Projektleiter.
"
Sonstige,Was ist ein wesentlicher Unterschied zwischen sequentiell/linearem (klassischem) und agilem Projektmanagement?,"Klassisches Projektmanagement ist linear und plangesteuert, mit klar definierten Zielen und Prozessen. 
Agiles Projektmanagement hingegen ist iterativ, flexibel und selbstorganisiert, mit kontinuierlicher Anpassung an Veränderungen und regelmäßiger Einbindung der Stakeholder.",Was ist ein wesentlicher Unterschied zwischen sequentiell/linearem (klassischem) und agilem Projektmanagement?
Sonstige,Erklären Sie die Prinzipien des agilen Projektmanagements und wie sie sich von klassischen Methoden unterscheiden.,"Agile Prinzipien beinhalten iterative Entwicklung, Flexibilität, schnelle Reaktion auf Veränderungen und enge Zusammenarbeit mit dem Kunden. Im Gegensatz zu klassischen Methoden, die oft linear und planorientiert sind, betont agiles Management kontinuierliche Verbesserung und Anpassung. Außerdem sind die Teams selbstorganisiert und haben keine Projektmanager.
",Erklären Sie die Prinzipien des agilen Projektmanagements und wie sie sich von klassischen Methoden unterscheiden.
Sonstige,Gibt es einen analogen „Projektleiter“ in Scrum?,"Einen PM gibt es hier nicht, stattdessen sind die Aufgaben auf product owner, scrum master und Team gleich verteilt",Gibt es einen analogen „Projektleiter“ in Scrum?
Sonstige,Nennen Sie die Rollen im Vorgangsmodell Scrum.,"Product Owner, Scrum Master, Team
",Nennen Sie die Rollen im Vorgangsmodell Scrum.
Sonstige,"Was ist ein wesentlicher Unterschied zwischen sequentiell/linearem (klassischem) und 
agilem Projektmanagement?
A) Agile Projekte eigenen sich gut für Organisationsprojekte
B) Sequentiell/lineare (klassische) Projekte haben keinen Phasenplan.
C) Agile Projekte kennen keinen Phasenplan.
D) Klassische Projekte haben immer mehrere Projektleiter.
",C) Agile Projekte kennen keinen Phasenplan.,"Was ist ein wesentlicher Unterschied zwischen sequentiell/linearem (klassischem) und 
agilem Projektmanagement?
A) Agile Projekte eigenen sich gut für Organisationsprojekte
B) Sequentiell/lineare (klassische) Projekte haben keinen Phasenplan.
C) Agile Projekte kennen keinen Phasenplan.
D) Klassische Projekte haben immer mehrere Projektleiter.
"
Sonstige,Was ist ein wesentlicher Unterschied zwischen sequentiell/linearem (klassischem) und agilem Projektmanagement?,"Klassisches Projektmanagement ist linear und plangesteuert, mit klar definierten Zielen und Prozessen. 
Agiles Projektmanagement hingegen ist iterativ, flexibel und selbstorganisiert, mit kontinuierlicher Anpassung an Veränderungen und regelmäßiger Einbindung der Stakeholder.",Was ist ein wesentlicher Unterschied zwischen sequentiell/linearem (klassischem) und agilem Projektmanagement?
Sonstige,Erklären Sie die Prinzipien des agilen Projektmanagements und wie sie sich von klassischen Methoden unterscheiden.,"Agile Prinzipien beinhalten iterative Entwicklung, Flexibilität, schnelle Reaktion auf Veränderungen und enge Zusammenarbeit mit dem Kunden. Im Gegensatz zu klassischen Methoden, die oft linear und planorientiert sind, betont agiles Management kontinuierliche Verbesserung und Anpassung. Außerdem sind die Teams selbstorganisiert und haben keine Projektmanager.
",Erklären Sie die Prinzipien des agilen Projektmanagements und wie sie sich von klassischen Methoden unterscheiden.
Sonstige,Gibt es einen analogen „Projektleiter“ in Scrum?,"Einen PM gibt es hier nicht, stattdessen sind die Aufgaben auf product owner, scrum master und Team gleich verteilt",Gibt es einen analogen „Projektleiter“ in Scrum?
Sonstige,Nennen Sie die Rollen im Vorgangsmodell Scrum.,"Product Owner, Scrum Master, Team
",Nennen Sie die Rollen im Vorgangsmodell Scrum.
Sonstige,"Was ist ein wesentlicher Unterschied zwischen sequentiell/linearem (klassischem) und 
agilem Projektmanagement?
A) Agile Projekte eigenen sich gut für Organisationsprojekte
B) Sequentiell/lineare (klassische) Projekte haben keinen Phasenplan.
C) Agile Projekte kennen keinen Phasenplan.
D) Klassische Projekte haben immer mehrere Projektleiter.
",C) Agile Projekte kennen keinen Phasenplan.,"Was ist ein wesentlicher Unterschied zwischen sequentiell/linearem (klassischem) und 
agilem Projektmanagement?
A) Agile Projekte eigenen sich gut für Organisationsprojekte
B) Sequentiell/lineare (klassische) Projekte haben keinen Phasenplan.
C) Agile Projekte kennen keinen Phasenplan.
D) Klassische Projekte haben immer mehrere Projektleiter.
"
Sonstige,Was ist ein wesentlicher Unterschied zwischen sequentiell/linearem (klassischem) und agilem Projektmanagement?,"Klassisches Projektmanagement ist linear und plangesteuert, mit klar definierten Zielen und Prozessen. 
Agiles Projektmanagement hingegen ist iterativ, flexibel und selbstorganisiert, mit kontinuierlicher Anpassung an Veränderungen und regelmäßiger Einbindung der Stakeholder.",Was ist ein wesentlicher Unterschied zwischen sequentiell/linearem (klassischem) und agilem Projektmanagement?
Sonstige,Erklären Sie die Prinzipien des agilen Projektmanagements und wie sie sich von klassischen Methoden unterscheiden.,"Agile Prinzipien beinhalten iterative Entwicklung, Flexibilität, schnelle Reaktion auf Veränderungen und enge Zusammenarbeit mit dem Kunden. Im Gegensatz zu klassischen Methoden, die oft linear und planorientiert sind, betont agiles Management kontinuierliche Verbesserung und Anpassung. Außerdem sind die Teams selbstorganisiert und haben keine Projektmanager.
",Erklären Sie die Prinzipien des agilen Projektmanagements und wie sie sich von klassischen Methoden unterscheiden.
Sonstige,Gibt es einen analogen „Projektleiter“ in Scrum?,"Einen PM gibt es hier nicht, stattdessen sind die Aufgaben auf product owner, scrum master und Team gleich verteilt",Gibt es einen analogen „Projektleiter“ in Scrum?
Sonstige,Nennen Sie die Rollen im Vorgangsmodell Scrum.,"Product Owner, Scrum Master, Team
",Nennen Sie die Rollen im Vorgangsmodell Scrum.
Sonstige,"Was ist ein wesentlicher Unterschied zwischen sequentiell/linearem (klassischem) und 
agilem Projektmanagement?
A) Agile Projekte eigenen sich gut für Organisationsprojekte
B) Sequentiell/lineare (klassische) Projekte haben keinen Phasenplan.
C) Agile Projekte kennen keinen Phasenplan.
D) Klassische Projekte haben immer mehrere Projektleiter.
",C) Agile Projekte kennen keinen Phasenplan.,"Was ist ein wesentlicher Unterschied zwischen sequentiell/linearem (klassischem) und 
agilem Projektmanagement?
A) Agile Projekte eigenen sich gut für Organisationsprojekte
B) Sequentiell/lineare (klassische) Projekte haben keinen Phasenplan.
C) Agile Projekte kennen keinen Phasenplan.
D) Klassische Projekte haben immer mehrere Projektleiter.
"
Sonstige,Was ist ein wesentlicher Unterschied zwischen sequentiell/linearem (klassischem) und agilem Projektmanagement?,"Klassisches Projektmanagement ist linear und plangesteuert, mit klar definierten Zielen und Prozessen. 
Agiles Projektmanagement hingegen ist iterativ, flexibel und selbstorganisiert, mit kontinuierlicher Anpassung an Veränderungen und regelmäßiger Einbindung der Stakeholder.",Was ist ein wesentlicher Unterschied zwischen sequentiell/linearem (klassischem) und agilem Projektmanagement?
Sonstige,Erklären Sie die Prinzipien des agilen Projektmanagements und wie sie sich von klassischen Methoden unterscheiden.,"Agile Prinzipien beinhalten iterative Entwicklung, Flexibilität, schnelle Reaktion auf Veränderungen und enge Zusammenarbeit mit dem Kunden. Im Gegensatz zu klassischen Methoden, die oft linear und planorientiert sind, betont agiles Management kontinuierliche Verbesserung und Anpassung. Außerdem sind die Teams selbstorganisiert und haben keine Projektmanager.
",Erklären Sie die Prinzipien des agilen Projektmanagements und wie sie sich von klassischen Methoden unterscheiden.
Sonstige,Gibt es einen analogen „Projektleiter“ in Scrum?,"Einen PM gibt es hier nicht, stattdessen sind die Aufgaben auf product owner, scrum master und Team gleich verteilt",Gibt es einen analogen „Projektleiter“ in Scrum?
Sonstige,Nennen Sie die Rollen im Vorgangsmodell Scrum.,"Product Owner, Scrum Master, Team
",Nennen Sie die Rollen im Vorgangsmodell Scrum.
Sonstige,"Was ist ein wesentlicher Unterschied zwischen sequentiell/linearem (klassischem) und 
agilem Projektmanagement?
A) Agile Projekte eigenen sich gut für Organisationsprojekte
B) Sequentiell/lineare (klassische) Projekte haben keinen Phasenplan.
C) Agile Projekte kennen keinen Phasenplan.
D) Klassische Projekte haben immer mehrere Projektleiter.
",C) Agile Projekte kennen keinen Phasenplan.,"Was ist ein wesentlicher Unterschied zwischen sequentiell/linearem (klassischem) und 
agilem Projektmanagement?
A) Agile Projekte eigenen sich gut für Organisationsprojekte
B) Sequentiell/lineare (klassische) Projekte haben keinen Phasenplan.
C) Agile Projekte kennen keinen Phasenplan.
D) Klassische Projekte haben immer mehrere Projektleiter.
"
Sonstige,Was ist ein wesentlicher Unterschied zwischen sequentiell/linearem (klassischem) und agilem Projektmanagement?,"Klassisches Projektmanagement ist linear und plangesteuert, mit klar definierten Zielen und Prozessen. 
Agiles Projektmanagement hingegen ist iterativ, flexibel und selbstorganisiert, mit kontinuierlicher Anpassung an Veränderungen und regelmäßiger Einbindung der Stakeholder.",Was ist ein wesentlicher Unterschied zwischen sequentiell/linearem (klassischem) und agilem Projektmanagement?
Sonstige,Erklären Sie die Prinzipien des agilen Projektmanagements und wie sie sich von klassischen Methoden unterscheiden.,"Agile Prinzipien beinhalten iterative Entwicklung, Flexibilität, schnelle Reaktion auf Veränderungen und enge Zusammenarbeit mit dem Kunden. Im Gegensatz zu klassischen Methoden, die oft linear und planorientiert sind, betont agiles Management kontinuierliche Verbesserung und Anpassung. Außerdem sind die Teams selbstorganisiert und haben keine Projektmanager.
",Erklären Sie die Prinzipien des agilen Projektmanagements und wie sie sich von klassischen Methoden unterscheiden.
Sonstige,Gibt es einen analogen „Projektleiter“ in Scrum?,"Einen PM gibt es hier nicht, stattdessen sind die Aufgaben auf product owner, scrum master und Team gleich verteilt",Gibt es einen analogen „Projektleiter“ in Scrum?
Sonstige,Nennen Sie die Rollen im Vorgangsmodell Scrum.,"Product Owner, Scrum Master, Team
",Nennen Sie die Rollen im Vorgangsmodell Scrum.
Sonstige,"Was ist ein wesentlicher Unterschied zwischen sequentiell/linearem (klassischem) und 
agilem Projektmanagement?
A) Agile Projekte eigenen sich gut für Organisationsprojekte
B) Sequentiell/lineare (klassische) Projekte haben keinen Phasenplan.
C) Agile Projekte kennen keinen Phasenplan.
D) Klassische Projekte haben immer mehrere Projektleiter.
",C) Agile Projekte kennen keinen Phasenplan.,"Was ist ein wesentlicher Unterschied zwischen sequentiell/linearem (klassischem) und 
agilem Projektmanagement?
A) Agile Projekte eigenen sich gut für Organisationsprojekte
B) Sequentiell/lineare (klassische) Projekte haben keinen Phasenplan.
C) Agile Projekte kennen keinen Phasenplan.
D) Klassische Projekte haben immer mehrere Projektleiter.
"
Sonstige,Was ist ein wesentlicher Unterschied zwischen sequentiell/linearem (klassischem) und agilem Projektmanagement?,"Klassisches Projektmanagement ist linear und plangesteuert, mit klar definierten Zielen und Prozessen. 
Agiles Projektmanagement hingegen ist iterativ, flexibel und selbstorganisiert, mit kontinuierlicher Anpassung an Veränderungen und regelmäßiger Einbindung der Stakeholder.",Was ist ein wesentlicher Unterschied zwischen sequentiell/linearem (klassischem) und agilem Projektmanagement?
Sonstige,Erklären Sie die Prinzipien des agilen Projektmanagements und wie sie sich von klassischen Methoden unterscheiden.,"Agile Prinzipien beinhalten iterative Entwicklung, Flexibilität, schnelle Reaktion auf Veränderungen und enge Zusammenarbeit mit dem Kunden. Im Gegensatz zu klassischen Methoden, die oft linear und planorientiert sind, betont agiles Management kontinuierliche Verbesserung und Anpassung. Außerdem sind die Teams selbstorganisiert und haben keine Projektmanager.
",Erklären Sie die Prinzipien des agilen Projektmanagements und wie sie sich von klassischen Methoden unterscheiden.
Sonstige,Gibt es einen analogen „Projektleiter“ in Scrum?,"Einen PM gibt es hier nicht, stattdessen sind die Aufgaben auf product owner, scrum master und Team gleich verteilt",Gibt es einen analogen „Projektleiter“ in Scrum?
Sonstige,Nennen Sie die Rollen im Vorgangsmodell Scrum.,"Product Owner, Scrum Master, Team
",Nennen Sie die Rollen im Vorgangsmodell Scrum.
Sonstige,"Was ist ein wesentlicher Unterschied zwischen sequentiell/linearem (klassischem) und 
agilem Projektmanagement?
A) Agile Projekte eigenen sich gut für Organisationsprojekte
B) Sequentiell/lineare (klassische) Projekte haben keinen Phasenplan.
C) Agile Projekte kennen keinen Phasenplan.
D) Klassische Projekte haben immer mehrere Projektleiter.
",C) Agile Projekte kennen keinen Phasenplan.,"Was ist ein wesentlicher Unterschied zwischen sequentiell/linearem (klassischem) und 
agilem Projektmanagement?
A) Agile Projekte eigenen sich gut für Organisationsprojekte
B) Sequentiell/lineare (klassische) Projekte haben keinen Phasenplan.
C) Agile Projekte kennen keinen Phasenplan.
D) Klassische Projekte haben immer mehrere Projektleiter.
"
Sonstige,Was ist ein wesentlicher Unterschied zwischen sequentiell/linearem (klassischem) und agilem Projektmanagement?,"Klassisches Projektmanagement ist linear und plangesteuert, mit klar definierten Zielen und Prozessen. 
Agiles Projektmanagement hingegen ist iterativ, flexibel und selbstorganisiert, mit kontinuierlicher Anpassung an Veränderungen und regelmäßiger Einbindung der Stakeholder.",Was ist ein wesentlicher Unterschied zwischen sequentiell/linearem (klassischem) und agilem Projektmanagement?
Sonstige,Erklären Sie die Prinzipien des agilen Projektmanagements und wie sie sich von klassischen Methoden unterscheiden.,"Agile Prinzipien beinhalten iterative Entwicklung, Flexibilität, schnelle Reaktion auf Veränderungen und enge Zusammenarbeit mit dem Kunden. Im Gegensatz zu klassischen Methoden, die oft linear und planorientiert sind, betont agiles Management kontinuierliche Verbesserung und Anpassung. Außerdem sind die Teams selbstorganisiert und haben keine Projektmanager.
",Erklären Sie die Prinzipien des agilen Projektmanagements und wie sie sich von klassischen Methoden unterscheiden.
Sonstige,Gibt es einen analogen „Projektleiter“ in Scrum?,"Einen PM gibt es hier nicht, stattdessen sind die Aufgaben auf product owner, scrum master und Team gleich verteilt",Gibt es einen analogen „Projektleiter“ in Scrum?
Sonstige,Nennen Sie die Rollen im Vorgangsmodell Scrum.,"Product Owner, Scrum Master, Team
",Nennen Sie die Rollen im Vorgangsmodell Scrum.
Sonstige,"Was ist ein wesentlicher Unterschied zwischen sequentiell/linearem (klassischem) und 
agilem Projektmanagement?
A) Agile Projekte eigenen sich gut für Organisationsprojekte
B) Sequentiell/lineare (klassische) Projekte haben keinen Phasenplan.
C) Agile Projekte kennen keinen Phasenplan.
D) Klassische Projekte haben immer mehrere Projektleiter.
",C) Agile Projekte kennen keinen Phasenplan.,"Was ist ein wesentlicher Unterschied zwischen sequentiell/linearem (klassischem) und 
agilem Projektmanagement?
A) Agile Projekte eigenen sich gut für Organisationsprojekte
B) Sequentiell/lineare (klassische) Projekte haben keinen Phasenplan.
C) Agile Projekte kennen keinen Phasenplan.
D) Klassische Projekte haben immer mehrere Projektleiter.
"
Sonstige,Was ist ein wesentlicher Unterschied zwischen sequentiell/linearem (klassischem) und agilem Projektmanagement?,"Klassisches Projektmanagement ist linear und plangesteuert, mit klar definierten Zielen und Prozessen. 
Agiles Projektmanagement hingegen ist iterativ, flexibel und selbstorganisiert, mit kontinuierlicher Anpassung an Veränderungen und regelmäßiger Einbindung der Stakeholder.",Was ist ein wesentlicher Unterschied zwischen sequentiell/linearem (klassischem) und agilem Projektmanagement?
Sonstige,Erklären Sie die Prinzipien des agilen Projektmanagements und wie sie sich von klassischen Methoden unterscheiden.,"Agile Prinzipien beinhalten iterative Entwicklung, Flexibilität, schnelle Reaktion auf Veränderungen und enge Zusammenarbeit mit dem Kunden. Im Gegensatz zu klassischen Methoden, die oft linear und planorientiert sind, betont agiles Management kontinuierliche Verbesserung und Anpassung. Außerdem sind die Teams selbstorganisiert und haben keine Projektmanager.
",Erklären Sie die Prinzipien des agilen Projektmanagements und wie sie sich von klassischen Methoden unterscheiden.
Sonstige,Gibt es einen analogen „Projektleiter“ in Scrum?,"Einen PM gibt es hier nicht, stattdessen sind die Aufgaben auf product owner, scrum master und Team gleich verteilt",Gibt es einen analogen „Projektleiter“ in Scrum?
Sonstige,Nennen Sie die Rollen im Vorgangsmodell Scrum.,"Product Owner, Scrum Master, Team
",Nennen Sie die Rollen im Vorgangsmodell Scrum.
Sonstige,"Was ist ein wesentlicher Unterschied zwischen sequentiell/linearem (klassischem) und 
agilem Projektmanagement?
A) Agile Projekte eigenen sich gut für Organisationsprojekte
B) Sequentiell/lineare (klassische) Projekte haben keinen Phasenplan.
C) Agile Projekte kennen keinen Phasenplan.
D) Klassische Projekte haben immer mehrere Projektleiter.
",C) Agile Projekte kennen keinen Phasenplan.,"Was ist ein wesentlicher Unterschied zwischen sequentiell/linearem (klassischem) und 
agilem Projektmanagement?
A) Agile Projekte eigenen sich gut für Organisationsprojekte
B) Sequentiell/lineare (klassische) Projekte haben keinen Phasenplan.
C) Agile Projekte kennen keinen Phasenplan.
D) Klassische Projekte haben immer mehrere Projektleiter.
"
Sonstige,Was ist ein wesentlicher Unterschied zwischen sequentiell/linearem (klassischem) und agilem Projektmanagement?,"Klassisches Projektmanagement ist linear und plangesteuert, mit klar definierten Zielen und Prozessen. 
Agiles Projektmanagement hingegen ist iterativ, flexibel und selbstorganisiert, mit kontinuierlicher Anpassung an Veränderungen und regelmäßiger Einbindung der Stakeholder.",Was ist ein wesentlicher Unterschied zwischen sequentiell/linearem (klassischem) und agilem Projektmanagement?
Sonstige,Erklären Sie die Prinzipien des agilen Projektmanagements und wie sie sich von klassischen Methoden unterscheiden.,"Agile Prinzipien beinhalten iterative Entwicklung, Flexibilität, schnelle Reaktion auf Veränderungen und enge Zusammenarbeit mit dem Kunden. Im Gegensatz zu klassischen Methoden, die oft linear und planorientiert sind, betont agiles Management kontinuierliche Verbesserung und Anpassung. Außerdem sind die Teams selbstorganisiert und haben keine Projektmanager.
",Erklären Sie die Prinzipien des agilen Projektmanagements und wie sie sich von klassischen Methoden unterscheiden.
Sonstige,Gibt es einen analogen „Projektleiter“ in Scrum?,"Einen PM gibt es hier nicht, stattdessen sind die Aufgaben auf product owner, scrum master und Team gleich verteilt",Gibt es einen analogen „Projektleiter“ in Scrum?
Sonstige,Nennen Sie die Rollen im Vorgangsmodell Scrum.,"Product Owner, Scrum Master, Team
",Nennen Sie die Rollen im Vorgangsmodell Scrum.
Sonstige,"Was ist ein wesentlicher Unterschied zwischen sequentiell/linearem (klassischem) und 
agilem Projektmanagement?
A) Agile Projekte eigenen sich gut für Organisationsprojekte
B) Sequentiell/lineare (klassische) Projekte haben keinen Phasenplan.
C) Agile Projekte kennen keinen Phasenplan.
D) Klassische Projekte haben immer mehrere Projektleiter.
",C) Agile Projekte kennen keinen Phasenplan.,"Was ist ein wesentlicher Unterschied zwischen sequentiell/linearem (klassischem) und 
agilem Projektmanagement?
A) Agile Projekte eigenen sich gut für Organisationsprojekte
B) Sequentiell/lineare (klassische) Projekte haben keinen Phasenplan.
C) Agile Projekte kennen keinen Phasenplan.
D) Klassische Projekte haben immer mehrere Projektleiter.
"
Sonstige,Was ist ein wesentlicher Unterschied zwischen sequentiell/linearem (klassischem) und agilem Projektmanagement?,"Klassisches Projektmanagement ist linear und plangesteuert, mit klar definierten Zielen und Prozessen. 
Agiles Projektmanagement hingegen ist iterativ, flexibel und selbstorganisiert, mit kontinuierlicher Anpassung an Veränderungen und regelmäßiger Einbindung der Stakeholder.",Was ist ein wesentlicher Unterschied zwischen sequentiell/linearem (klassischem) und agilem Projektmanagement?
Sonstige,Erklären Sie die Prinzipien des agilen Projektmanagements und wie sie sich von klassischen Methoden unterscheiden.,"Agile Prinzipien beinhalten iterative Entwicklung, Flexibilität, schnelle Reaktion auf Veränderungen und enge Zusammenarbeit mit dem Kunden. Im Gegensatz zu klassischen Methoden, die oft linear und planorientiert sind, betont agiles Management kontinuierliche Verbesserung und Anpassung. Außerdem sind die Teams selbstorganisiert und haben keine Projektmanager.
",Erklären Sie die Prinzipien des agilen Projektmanagements und wie sie sich von klassischen Methoden unterscheiden.
Sonstige,Gibt es einen analogen „Projektleiter“ in Scrum?,"Einen PM gibt es hier nicht, stattdessen sind die Aufgaben auf product owner, scrum master und Team gleich verteilt",Gibt es einen analogen „Projektleiter“ in Scrum?
Sonstige,Nennen Sie die Rollen im Vorgangsmodell Scrum.,"Product Owner, Scrum Master, Team
",Nennen Sie die Rollen im Vorgangsmodell Scrum.
Sonstige,"Was ist ein wesentlicher Unterschied zwischen sequentiell/linearem (klassischem) und 
agilem Projektmanagement?
A) Agile Projekte eigenen sich gut für Organisationsprojekte
B) Sequentiell/lineare (klassische) Projekte haben keinen Phasenplan.
C) Agile Projekte kennen keinen Phasenplan.
D) Klassische Projekte haben immer mehrere Projektleiter.
",C) Agile Projekte kennen keinen Phasenplan.,"Was ist ein wesentlicher Unterschied zwischen sequentiell/linearem (klassischem) und 
agilem Projektmanagement?
A) Agile Projekte eigenen sich gut für Organisationsprojekte
B) Sequentiell/lineare (klassische) Projekte haben keinen Phasenplan.
C) Agile Projekte kennen keinen Phasenplan.
D) Klassische Projekte haben immer mehrere Projektleiter.
"
Sonstige,Was ist ein wesentlicher Unterschied zwischen sequentiell/linearem (klassischem) und agilem Projektmanagement?,"Klassisches Projektmanagement ist linear und plangesteuert, mit klar definierten Zielen und Prozessen. 
Agiles Projektmanagement hingegen ist iterativ, flexibel und selbstorganisiert, mit kontinuierlicher Anpassung an Veränderungen und regelmäßiger Einbindung der Stakeholder.",Was ist ein wesentlicher Unterschied zwischen sequentiell/linearem (klassischem) und agilem Projektmanagement?
Sonstige,Erklären Sie die Prinzipien des agilen Projektmanagements und wie sie sich von klassischen Methoden unterscheiden.,"Agile Prinzipien beinhalten iterative Entwicklung, Flexibilität, schnelle Reaktion auf Veränderungen und enge Zusammenarbeit mit dem Kunden. Im Gegensatz zu klassischen Methoden, die oft linear und planorientiert sind, betont agiles Management kontinuierliche Verbesserung und Anpassung. Außerdem sind die Teams selbstorganisiert und haben keine Projektmanager.
",Erklären Sie die Prinzipien des agilen Projektmanagements und wie sie sich von klassischen Methoden unterscheiden.
Sonstige,Gibt es einen analogen „Projektleiter“ in Scrum?,"Einen PM gibt es hier nicht, stattdessen sind die Aufgaben auf product owner, scrum master und Team gleich verteilt",Gibt es einen analogen „Projektleiter“ in Scrum?
Sonstige,Nennen Sie die Rollen im Vorgangsmodell Scrum.,"Product Owner, Scrum Master, Team
",Nennen Sie die Rollen im Vorgangsmodell Scrum.
Sonstige,"Was ist ein wesentlicher Unterschied zwischen sequentiell/linearem (klassischem) und 
agilem Projektmanagement?
A) Agile Projekte eigenen sich gut für Organisationsprojekte
B) Sequentiell/lineare (klassische) Projekte haben keinen Phasenplan.
C) Agile Projekte kennen keinen Phasenplan.
D) Klassische Projekte haben immer mehrere Projektleiter.
",C) Agile Projekte kennen keinen Phasenplan.,"Was ist ein wesentlicher Unterschied zwischen sequentiell/linearem (klassischem) und 
agilem Projektmanagement?
A) Agile Projekte eigenen sich gut für Organisationsprojekte
B) Sequentiell/lineare (klassische) Projekte haben keinen Phasenplan.
C) Agile Projekte kennen keinen Phasenplan.
D) Klassische Projekte haben immer mehrere Projektleiter.
"
Sonstige,Was ist ein wesentlicher Unterschied zwischen sequentiell/linearem (klassischem) und agilem Projektmanagement?,"Klassisches Projektmanagement ist linear und plangesteuert, mit klar definierten Zielen und Prozessen. 
Agiles Projektmanagement hingegen ist iterativ, flexibel und selbstorganisiert, mit kontinuierlicher Anpassung an Veränderungen und regelmäßiger Einbindung der Stakeholder.",Was ist ein wesentlicher Unterschied zwischen sequentiell/linearem (klassischem) und agilem Projektmanagement?
Sonstige,Erklären Sie die Prinzipien des agilen Projektmanagements und wie sie sich von klassischen Methoden unterscheiden.,"Agile Prinzipien beinhalten iterative Entwicklung, Flexibilität, schnelle Reaktion auf Veränderungen und enge Zusammenarbeit mit dem Kunden. Im Gegensatz zu klassischen Methoden, die oft linear und planorientiert sind, betont agiles Management kontinuierliche Verbesserung und Anpassung. Außerdem sind die Teams selbstorganisiert und haben keine Projektmanager.
",Erklären Sie die Prinzipien des agilen Projektmanagements und wie sie sich von klassischen Methoden unterscheiden.
Sonstige,Gibt es einen analogen „Projektleiter“ in Scrum?,"Einen PM gibt es hier nicht, stattdessen sind die Aufgaben auf product owner, scrum master und Team gleich verteilt",Gibt es einen analogen „Projektleiter“ in Scrum?
Sonstige,Nennen Sie die Rollen im Vorgangsmodell Scrum.,"Product Owner, Scrum Master, Team
",Nennen Sie die Rollen im Vorgangsmodell Scrum.
Sonstige,"Was ist ein wesentlicher Unterschied zwischen sequentiell/linearem (klassischem) und 
agilem Projektmanagement?
A) Agile Projekte eigenen sich gut für Organisationsprojekte
B) Sequentiell/lineare (klassische) Projekte haben keinen Phasenplan.
C) Agile Projekte kennen keinen Phasenplan.
D) Klassische Projekte haben immer mehrere Projektleiter.
",C) Agile Projekte kennen keinen Phasenplan.,"Was ist ein wesentlicher Unterschied zwischen sequentiell/linearem (klassischem) und 
agilem Projektmanagement?
A) Agile Projekte eigenen sich gut für Organisationsprojekte
B) Sequentiell/lineare (klassische) Projekte haben keinen Phasenplan.
C) Agile Projekte kennen keinen Phasenplan.
D) Klassische Projekte haben immer mehrere Projektleiter.
"
Sonstige,Was ist ein wesentlicher Unterschied zwischen sequentiell/linearem (klassischem) und agilem Projektmanagement?,"Klassisches Projektmanagement ist linear und plangesteuert, mit klar definierten Zielen und Prozessen. 
Agiles Projektmanagement hingegen ist iterativ, flexibel und selbstorganisiert, mit kontinuierlicher Anpassung an Veränderungen und regelmäßiger Einbindung der Stakeholder.",Was ist ein wesentlicher Unterschied zwischen sequentiell/linearem (klassischem) und agilem Projektmanagement?
Sonstige,Erklären Sie die Prinzipien des agilen Projektmanagements und wie sie sich von klassischen Methoden unterscheiden.,"Agile Prinzipien beinhalten iterative Entwicklung, Flexibilität, schnelle Reaktion auf Veränderungen und enge Zusammenarbeit mit dem Kunden. Im Gegensatz zu klassischen Methoden, die oft linear und planorientiert sind, betont agiles Management kontinuierliche Verbesserung und Anpassung. Außerdem sind die Teams selbstorganisiert und haben keine Projektmanager.
",Erklären Sie die Prinzipien des agilen Projektmanagements und wie sie sich von klassischen Methoden unterscheiden.
Sonstige,Gibt es einen analogen „Projektleiter“ in Scrum?,"Einen PM gibt es hier nicht, stattdessen sind die Aufgaben auf product owner, scrum master und Team gleich verteilt",Gibt es einen analogen „Projektleiter“ in Scrum?
Sonstige,Nennen Sie die Rollen im Vorgangsmodell Scrum.,"Product Owner, Scrum Master, Team
",Nennen Sie die Rollen im Vorgangsmodell Scrum.
Sonstige,"Was ist ein wesentlicher Unterschied zwischen sequentiell/linearem (klassischem) und 
agilem Projektmanagement?
A) Agile Projekte eigenen sich gut für Organisationsprojekte
B) Sequentiell/lineare (klassische) Projekte haben keinen Phasenplan.
C) Agile Projekte kennen keinen Phasenplan.
D) Klassische Projekte haben immer mehrere Projektleiter.
",C) Agile Projekte kennen keinen Phasenplan.,"Was ist ein wesentlicher Unterschied zwischen sequentiell/linearem (klassischem) und 
agilem Projektmanagement?
A) Agile Projekte eigenen sich gut für Organisationsprojekte
B) Sequentiell/lineare (klassische) Projekte haben keinen Phasenplan.
C) Agile Projekte kennen keinen Phasenplan.
D) Klassische Projekte haben immer mehrere Projektleiter.
"
Sonstige,Was ist ein wesentlicher Unterschied zwischen sequentiell/linearem (klassischem) und agilem Projektmanagement?,"Klassisches Projektmanagement ist linear und plangesteuert, mit klar definierten Zielen und Prozessen. 
Agiles Projektmanagement hingegen ist iterativ, flexibel und selbstorganisiert, mit kontinuierlicher Anpassung an Veränderungen und regelmäßiger Einbindung der Stakeholder.",Was ist ein wesentlicher Unterschied zwischen sequentiell/linearem (klassischem) und agilem Projektmanagement?
Sonstige,Erklären Sie die Prinzipien des agilen Projektmanagements und wie sie sich von klassischen Methoden unterscheiden.,"Agile Prinzipien beinhalten iterative Entwicklung, Flexibilität, schnelle Reaktion auf Veränderungen und enge Zusammenarbeit mit dem Kunden. Im Gegensatz zu klassischen Methoden, die oft linear und planorientiert sind, betont agiles Management kontinuierliche Verbesserung und Anpassung. Außerdem sind die Teams selbstorganisiert und haben keine Projektmanager.
",Erklären Sie die Prinzipien des agilen Projektmanagements und wie sie sich von klassischen Methoden unterscheiden.
Sonstige,Gibt es einen analogen „Projektleiter“ in Scrum?,"Einen PM gibt es hier nicht, stattdessen sind die Aufgaben auf product owner, scrum master und Team gleich verteilt",Gibt es einen analogen „Projektleiter“ in Scrum?
Sonstige,Nennen Sie die Rollen im Vorgangsmodell Scrum.,"Product Owner, Scrum Master, Team
",Nennen Sie die Rollen im Vorgangsmodell Scrum.
Sonstige,"Was ist ein wesentlicher Unterschied zwischen sequentiell/linearem (klassischem) und 
agilem Projektmanagement?
A) Agile Projekte eigenen sich gut für Organisationsprojekte
B) Sequentiell/lineare (klassische) Projekte haben keinen Phasenplan.
C) Agile Projekte kennen keinen Phasenplan.
D) Klassische Projekte haben immer mehrere Projektleiter.
",C) Agile Projekte kennen keinen Phasenplan.,"Was ist ein wesentlicher Unterschied zwischen sequentiell/linearem (klassischem) und 
agilem Projektmanagement?
A) Agile Projekte eigenen sich gut für Organisationsprojekte
B) Sequentiell/lineare (klassische) Projekte haben keinen Phasenplan.
C) Agile Projekte kennen keinen Phasenplan.
D) Klassische Projekte haben immer mehrere Projektleiter.
"
Sonstige,Was ist ein wesentlicher Unterschied zwischen sequentiell/linearem (klassischem) und agilem Projektmanagement?,"Klassisches Projektmanagement ist linear und plangesteuert, mit klar definierten Zielen und Prozessen. 
Agiles Projektmanagement hingegen ist iterativ, flexibel und selbstorganisiert, mit kontinuierlicher Anpassung an Veränderungen und regelmäßiger Einbindung der Stakeholder.",Was ist ein wesentlicher Unterschied zwischen sequentiell/linearem (klassischem) und agilem Projektmanagement?
Sonstige,Erklären Sie die Prinzipien des agilen Projektmanagements und wie sie sich von klassischen Methoden unterscheiden.,"Agile Prinzipien beinhalten iterative Entwicklung, Flexibilität, schnelle Reaktion auf Veränderungen und enge Zusammenarbeit mit dem Kunden. Im Gegensatz zu klassischen Methoden, die oft linear und planorientiert sind, betont agiles Management kontinuierliche Verbesserung und Anpassung. Außerdem sind die Teams selbstorganisiert und haben keine Projektmanager.
",Erklären Sie die Prinzipien des agilen Projektmanagements und wie sie sich von klassischen Methoden unterscheiden.
Sonstige,Gibt es einen analogen „Projektleiter“ in Scrum?,"Einen PM gibt es hier nicht, stattdessen sind die Aufgaben auf product owner, scrum master und Team gleich verteilt",Gibt es einen analogen „Projektleiter“ in Scrum?
Sonstige,Nennen Sie die Rollen im Vorgangsmodell Scrum.,"Product Owner, Scrum Master, Team
",Nennen Sie die Rollen im Vorgangsmodell Scrum.
Sonstige,"Was ist ein wesentlicher Unterschied zwischen sequentiell/linearem (klassischem) und 
agilem Projektmanagement?
A) Agile Projekte eigenen sich gut für Organisationsprojekte
B) Sequentiell/lineare (klassische) Projekte haben keinen Phasenplan.
C) Agile Projekte kennen keinen Phasenplan.
D) Klassische Projekte haben immer mehrere Projektleiter.
",C) Agile Projekte kennen keinen Phasenplan.,"Was ist ein wesentlicher Unterschied zwischen sequentiell/linearem (klassischem) und 
agilem Projektmanagement?
A) Agile Projekte eigenen sich gut für Organisationsprojekte
B) Sequentiell/lineare (klassische) Projekte haben keinen Phasenplan.
C) Agile Projekte kennen keinen Phasenplan.
D) Klassische Projekte haben immer mehrere Projektleiter.
"
Sonstige,Was ist ein wesentlicher Unterschied zwischen sequentiell/linearem (klassischem) und agilem Projektmanagement?,"Klassisches Projektmanagement ist linear und plangesteuert, mit klar definierten Zielen und Prozessen. 
Agiles Projektmanagement hingegen ist iterativ, flexibel und selbstorganisiert, mit kontinuierlicher Anpassung an Veränderungen und regelmäßiger Einbindung der Stakeholder.",Was ist ein wesentlicher Unterschied zwischen sequentiell/linearem (klassischem) und agilem Projektmanagement?
Sonstige,Erklären Sie die Prinzipien des agilen Projektmanagements und wie sie sich von klassischen Methoden unterscheiden.,"Agile Prinzipien beinhalten iterative Entwicklung, Flexibilität, schnelle Reaktion auf Veränderungen und enge Zusammenarbeit mit dem Kunden. Im Gegensatz zu klassischen Methoden, die oft linear und planorientiert sind, betont agiles Management kontinuierliche Verbesserung und Anpassung. Außerdem sind die Teams selbstorganisiert und haben keine Projektmanager.
",Erklären Sie die Prinzipien des agilen Projektmanagements und wie sie sich von klassischen Methoden unterscheiden.
Sonstige,Gibt es einen analogen „Projektleiter“ in Scrum?,"Einen PM gibt es hier nicht, stattdessen sind die Aufgaben auf product owner, scrum master und Team gleich verteilt",Gibt es einen analogen „Projektleiter“ in Scrum?
Sonstige,Nennen Sie die Rollen im Vorgangsmodell Scrum.,"Product Owner, Scrum Master, Team
",Nennen Sie die Rollen im Vorgangsmodell Scrum.
Sonstige,"Was ist ein wesentlicher Unterschied zwischen sequentiell/linearem (klassischem) und 
agilem Projektmanagement?
A) Agile Projekte eigenen sich gut für Organisationsprojekte
B) Sequentiell/lineare (klassische) Projekte haben keinen Phasenplan.
C) Agile Projekte kennen keinen Phasenplan.
D) Klassische Projekte haben immer mehrere Projektleiter.
",C) Agile Projekte kennen keinen Phasenplan.,"Was ist ein wesentlicher Unterschied zwischen sequentiell/linearem (klassischem) und 
agilem Projektmanagement?
A) Agile Projekte eigenen sich gut für Organisationsprojekte
B) Sequentiell/lineare (klassische) Projekte haben keinen Phasenplan.
C) Agile Projekte kennen keinen Phasenplan.
D) Klassische Projekte haben immer mehrere Projektleiter.
"
Sonstige,Was ist ein wesentlicher Unterschied zwischen sequentiell/linearem (klassischem) und agilem Projektmanagement?,"Klassisches Projektmanagement ist linear und plangesteuert, mit klar definierten Zielen und Prozessen. 
Agiles Projektmanagement hingegen ist iterativ, flexibel und selbstorganisiert, mit kontinuierlicher Anpassung an Veränderungen und regelmäßiger Einbindung der Stakeholder.",Was ist ein wesentlicher Unterschied zwischen sequentiell/linearem (klassischem) und agilem Projektmanagement?
,Was ist ein Backlog und welche Funktion hat dieses?,"Zentrale Arbeitsgrundlage 
",
,Was ist ein Backlog und welche Funktion hat dieses?,"Zentrale Arbeitsgrundlage 
",Was ist ein Backlog und welche Funktion hat dieses?